set_piece_type,delivery_type,delivery_zone,defensive_scheme,num_defenders_box,num_attackers_box,aerial_threat,second_ball_runners,near_post_decoy,gk_screen,blocker_action,taker_foot_matches,runner_from_deep,overload_far_post,second_wave_runner,quick_delivery,dummy_run,xg,second_ball_won
goal_kick,driven,near_post,Man-to-Man,6,7,10,0,0,1,0,1,1,0,0,0,0,0.1378,1
free_kick_wide,outswinger,edge_box,Man-to-Man,7,6,3,3,0,0,0,1,0,1,0,0,1,0.1227,1
goal_kick,straight,wide_channel,Deep Zonal,4,2,6,0,0,1,1,0,1,0,0,0,1,0.1135,1
throw_in,inswinger,central,Deep Zonal,10,2,8,3,0,0,0,0,1,1,0,1,0,0.112,1
corner,inswinger,six_yard,High Zonal,8,3,7,0,0,0,0,1,0,0,1,0,1,0.2129,1
play_restart,long,edge_box,Deep Zonal,7,4,5,1,0,0,0,1,1,1,0,0,0,0.0311,1
goal_kick,inswinger,wide_channel,High Zonal,8,3,5,1,0,1,0,0,0,1,0,1,0,0.0697,0
goal_kick,short,far_post,Deep Zonal,8,1,6,0,0,0,0,1,1,0,1,1,0,0.0203,1
corner,long,near_post,Hybrid,6,4,5,2,1,0,0,0,0,1,0,1,0,0.1344,1
free_kick_central,inswinger,near_post,High Zonal,4,3,4,1,0,0,1,1,1,1,0,0,0,0.1568,1
free_kick_wide,straight,edge_box,Man-to-Man,7,3,9,0,0,0,0,1,0,1,1,0,0,0.1043,1
play_restart,long,six_yard,High Zonal,10,6,8,1,0,0,0,1,1,0,0,0,0,0.1128,1
throw_in,driven,far_post,Man-to-Man,3,3,7,2,0,0,1,1,0,1,1,0,0,0.1386,1
goal_kick,outswinger,near_post,Deep Zonal,6,7,2,3,0,0,0,1,1,1,0,0,0,0.0867,1
free_kick_central,lofted,near_post,Man-to-Man,10,1,6,0,0,1,1,0,0,0,0,0,0,0.159,0
corner,driven,penalty_spot,Deep Zonal,8,4,3,0,0,0,0,1,0,1,0,1,0,0.1066,1
penalty,long,wide_channel,Hybrid,3,7,2,0,0,0,0,0,1,0,1,0,0,0.7601,1
corner,straight,far_post,Man-to-Man,10,3,3,3,0,0,1,1,1,0,1,0,1,0.1052,1
goal_kick,long,edge_box,Man-to-Man,3,5,2,2,0,0,0,1,0,0,1,0,0,0.0353,0
throw_in,driven,penalty_spot,Man-to-Man,7,6,8,1,1,0,0,0,0,1,0,0,1,0.1927,1
goal_kick,outswinger,six_yard,Hybrid,4,3,6,2,0,0,1,0,0,1,0,1,1,0.1218,1
free_kick_wide,lofted,six_yard,Man-to-Man,5,5,8,4,0,0,1,0,1,1,0,0,1,0.201,1
play_restart,lofted,central,High Zonal,6,5,10,3,0,0,1,1,0,0,0,0,0,0.1271,1
kick_off,straight,edge_box,High Zonal,5,4,3,4,1,0,0,0,1,1,1,0,1,0.1498,1
goal_kick,long,six_yard,Man-to-Man,10,3,2,1,0,1,1,0,0,0,0,1,0,0.1339,1
corner,short,wide_channel,Deep Zonal,8,4,2,0,0,1,1,0,0,0,0,0,0,0.0473,1
free_kick_central,long,penalty_spot,Man-to-Man,6,2,1,3,0,0,0,1,1,0,1,0,0,0.1635,1
corner,driven,near_post,Man-to-Man,5,4,1,4,1,0,0,0,0,0,1,0,0,0.1203,0
corner,inswinger,penalty_spot,High Zonal,7,3,6,0,0,0,0,1,0,0,1,1,0,0.1209,1
throw_in,inswinger,edge_box,Man-to-Man,6,3,7,3,0,0,0,0,1,0,0,0,0,0.1072,1
goal_kick,outswinger,central,Hybrid,10,2,3,2,0,1,0,1,0,0,0,0,0,0.0828,1
play_restart,lofted,wide_channel,Deep Zonal,5,4,6,4,1,1,1,1,0,0,1,0,0,0.125,1
free_kick_wide,straight,central,Hybrid,9,1,3,0,0,1,0,1,0,1,1,0,0,0.1179,0
free_kick_wide,driven,wide_channel,Hybrid,7,1,8,1,0,0,1,1,0,0,0,0,0,0.072,0
free_kick_central,straight,far_post,Deep Zonal,5,2,8,3,0,0,0,1,0,0,0,0,0,0.1082,1
corner,outswinger,near_post,Hybrid,7,4,8,4,0,1,0,1,0,0,1,1,1,0.1222,1
corner,lofted,penalty_spot,Hybrid,4,2,6,4,0,0,1,1,0,0,0,0,1,0.1599,1
free_kick_central,short,penalty_spot,Hybrid,7,4,9,2,1,0,1,0,1,1,1,0,1,0.2239,1
corner,straight,six_yard,Deep Zonal,9,2,1,1,0,1,0,1,0,1,0,0,0,0.0791,0
throw_in,inswinger,penalty_spot,Man-to-Man,8,3,5,0,0,0,1,1,1,0,1,1,0,0.1582,1
free_kick_wide,inswinger,near_post,Man-to-Man,3,4,1,2,0,0,1,1,0,0,1,0,1,0.161,0
goal_kick,inswinger,wide_channel,Deep Zonal,8,3,9,4,0,0,0,1,0,0,0,0,1,0.0685,1
throw_in,straight,penalty_spot,Man-to-Man,3,1,1,1,0,1,0,1,0,1,1,1,0,0.1158,1
free_kick_wide,short,central,Hybrid,6,5,5,4,0,0,0,1,0,1,0,0,0,0.1645,1
goal_kick,outswinger,six_yard,High Zonal,8,2,2,1,1,0,0,0,0,1,0,0,0,0.1,1
goal_kick,inswinger,near_post,Hybrid,11,4,8,0,1,0,0,1,1,1,0,1,0,0.0845,1
free_kick_wide,outswinger,near_post,Deep Zonal,11,5,5,3,0,0,0,1,0,0,0,0,0,0.0705,0
corner,straight,penalty_spot,Hybrid,7,1,6,2,1,0,0,1,1,1,1,0,0,0.1419,0
throw_in,lofted,penalty_spot,High Zonal,4,5,10,3,1,0,1,0,1,1,0,0,1,0.1947,0
corner,straight,far_post,Hybrid,10,3,10,4,0,0,0,1,0,1,0,0,1,0.1408,1
corner,inswinger,wide_channel,Deep Zonal,6,4,5,0,1,0,0,0,0,0,1,0,0,0.0869,1
corner,short,central,Hybrid,8,1,4,2,0,1,1,1,1,1,0,0,0,0.1356,0
goal_kick,lofted,wide_channel,Deep Zonal,4,4,3,1,0,0,0,0,0,0,0,0,0,0.0625,0
throw_in,driven,near_post,Man-to-Man,6,3,7,2,0,0,0,1,0,1,0,0,0,0.1243,1
throw_in,driven,near_post,Man-to-Man,7,2,10,1,0,0,0,1,0,0,0,1,0,0.1558,1
goal_kick,lofted,central,High Zonal,9,4,6,0,0,0,0,0,0,0,1,1,0,0.0897,0
free_kick_central,short,near_post,High Zonal,11,5,6,2,0,0,1,0,0,1,1,1,0,0.1633,0
penalty,lofted,far_post,Man-to-Man,4,3,10,2,0,1,0,1,1,0,0,0,0,0.7855,0
corner,inswinger,six_yard,Deep Zonal,8,5,2,3,0,1,1,1,0,0,1,0,0,0.1575,1
corner,driven,six_yard,Man-to-Man,11,3,1,2,0,1,1,1,1,1,0,0,1,0.1615,0
throw_in,driven,edge_box,Hybrid,3,6,1,3,0,0,0,1,0,0,0,0,0,0.0861,0
free_kick_central,lofted,near_post,Hybrid,8,2,6,3,1,0,0,1,0,1,0,0,0,0.1527,0
penalty,straight,six_yard,High Zonal,9,6,9,0,1,1,1,0,1,0,0,0,0,0.7232,0
goal_kick,driven,far_post,Deep Zonal,3,3,3,2,0,1,0,1,1,0,1,0,0,0.1319,1
throw_in,inswinger,edge_box,High Zonal,9,4,8,2,1,0,0,1,1,0,0,1,0,0.1259,1
penalty,short,edge_box,Man-to-Man,6,1,9,3,1,0,1,1,0,1,0,0,1,0.778,1
penalty,straight,near_post,Man-to-Man,8,1,10,0,0,0,0,0,0,0,0,0,0,0.804,0
free_kick_wide,short,far_post,Hybrid,9,7,8,0,1,0,0,1,1,0,0,0,0,0.1123,1
corner,long,wide_channel,Deep Zonal,4,1,4,4,1,0,0,1,0,1,1,1,0,0.125,1
free_kick_wide,outswinger,central,Deep Zonal,3,4,7,3,1,0,0,1,0,1,0,1,0,0.1596,1
corner,outswinger,edge_box,Man-to-Man,5,4,6,2,0,0,0,0,0,1,1,1,0,0.1326,1
free_kick_wide,outswinger,wide_channel,High Zonal,5,5,5,0,1,1,0,0,0,0,1,1,0,0.1563,1
goal_kick,long,central,High Zonal,5,1,8,1,0,0,0,1,0,1,0,0,0,0.1221,1
corner,long,far_post,Man-to-Man,11,2,7,3,1,1,1,1,0,1,0,0,0,0.1273,0
corner,long,far_post,Deep Zonal,9,3,9,3,0,1,0,1,0,1,0,0,0,0.0981,1
corner,inswinger,six_yard,Deep Zonal,6,7,6,4,1,1,0,1,0,1,0,1,1,0.2267,1
corner,driven,far_post,Hybrid,8,3,7,2,1,0,0,1,1,1,0,0,0,0.1437,0
throw_in,long,far_post,High Zonal,4,4,3,3,0,0,0,0,1,1,1,1,0,0.0903,1
penalty,inswinger,central,Hybrid,4,5,5,1,0,0,0,1,0,0,0,0,1,0.7804,0
goal_kick,outswinger,wide_channel,Man-to-Man,3,3,9,0,0,0,0,1,1,1,0,0,0,0.0981,0
throw_in,straight,six_yard,Deep Zonal,6,6,8,1,0,0,0,1,0,1,0,1,1,0.1449,0
free_kick_wide,straight,penalty_spot,Hybrid,8,5,6,4,1,0,0,1,0,0,1,1,0,0.2049,1
goal_kick,inswinger,wide_channel,Man-to-Man,7,4,6,4,1,0,0,0,1,0,1,1,0,0.0693,1
corner,outswinger,edge_box,Deep Zonal,8,3,3,0,1,0,0,0,1,0,0,1,0,0.035,1
corner,inswinger,wide_channel,Deep Zonal,4,2,4,0,1,0,1,1,0,0,0,0,1,0.1087,1
corner,inswinger,near_post,Deep Zonal,8,7,7,0,0,1,0,0,1,0,1,1,0,0.1301,0
throw_in,outswinger,central,Hybrid,7,1,2,3,0,1,0,0,0,0,0,1,0,0.0838,0
free_kick_central,driven,six_yard,Deep Zonal,11,2,1,4,0,0,0,0,0,1,1,0,0,0.0839,0
corner,short,far_post,High Zonal,5,2,6,4,0,1,0,1,0,1,0,0,0,0.1472,1
free_kick_central,straight,central,Man-to-Man,3,6,8,0,1,0,1,1,0,0,0,1,0,0.2209,1
corner,long,edge_box,Hybrid,7,5,10,2,1,0,0,0,0,0,1,1,0,0.1247,1
throw_in,short,penalty_spot,Deep Zonal,4,7,5,2,0,0,0,1,1,1,0,0,0,0.1669,1
free_kick_central,inswinger,central,Hybrid,4,6,2,4,0,0,1,1,1,0,0,1,0,0.1935,1
free_kick_wide,outswinger,far_post,Deep Zonal,5,4,7,4,0,0,0,1,1,0,1,0,0,0.1031,1
free_kick_wide,outswinger,far_post,Deep Zonal,9,1,4,4,1,1,1,0,1,0,0,1,0,0.1163,1
throw_in,short,near_post,Man-to-Man,6,7,2,1,0,0,1,0,1,1,0,0,1,0.1145,1
free_kick_wide,straight,central,High Zonal,10,5,7,1,0,0,0,0,0,0,0,0,0,0.1271,1
corner,straight,penalty_spot,Hybrid,4,1,8,3,1,0,0,1,1,0,1,1,0,0.1716,1
corner,short,edge_box,Man-to-Man,11,7,1,3,1,0,0,0,1,1,0,0,0,0.0919,0
play_restart,lofted,far_post,Deep Zonal,6,5,8,2,0,0,0,0,0,0,0,0,1,0.0733,1
kick_off,outswinger,far_post,High Zonal,7,5,6,0,0,0,0,0,1,0,1,0,0,0.0861,0
throw_in,short,edge_box,Man-to-Man,10,3,8,2,0,0,0,0,1,1,0,1,0,0.0821,1
corner,straight,near_post,Man-to-Man,7,3,7,4,1,0,1,1,0,0,0,0,0,0.15,1
play_restart,long,far_post,Hybrid,4,3,5,2,1,0,1,0,0,1,1,0,0,0.0722,1
goal_kick,long,central,Deep Zonal,5,1,4,4,0,0,0,1,1,0,0,0,0,0.0563,1
throw_in,long,edge_box,High Zonal,11,4,7,2,0,1,0,1,0,0,0,0,0,0.0472,1
free_kick_central,outswinger,near_post,Deep Zonal,3,1,2,4,1,1,0,1,0,0,0,0,0,0.1671,1
corner,straight,far_post,Hybrid,11,5,6,4,0,0,1,0,1,0,1,1,0,0.0788,1
corner,driven,penalty_spot,Hybrid,9,2,8,3,0,1,0,1,0,0,0,1,0,0.1459,1
kick_off,straight,six_yard,Deep Zonal,7,5,3,4,0,0,0,1,1,1,0,1,0,0.1056,1
free_kick_central,lofted,edge_box,High Zonal,5,3,1,0,0,0,0,0,0,1,1,0,0,0.0789,1
corner,straight,wide_channel,High Zonal,10,2,1,1,1,1,1,1,1,0,0,1,0,0.0939,0
free_kick_wide,straight,edge_box,Man-to-Man,3,2,6,0,0,1,0,1,1,0,1,0,1,0.2021,1
penalty,straight,central,High Zonal,9,3,5,3,1,0,0,0,1,0,1,0,0,0.7824,0
corner,straight,central,Man-to-Man,4,1,7,1,1,1,0,0,0,1,1,0,1,0.2153,0
goal_kick,driven,near_post,High Zonal,6,2,9,2,1,1,1,1,0,1,1,0,1,0.1491,1
goal_kick,inswinger,central,Deep Zonal,3,4,10,4,0,0,0,1,0,0,0,0,0,0.1402,1
throw_in,short,near_post,Hybrid,8,5,4,3,0,0,0,0,1,0,0,0,0,0.0552,1
free_kick_wide,short,central,Deep Zonal,4,4,2,3,1,0,0,1,1,1,0,0,1,0.153,1
throw_in,driven,edge_box,Man-to-Man,4,1,8,0,0,0,0,0,0,0,0,0,0,0.0994,0
throw_in,short,edge_box,Deep Zonal,5,6,1,3,0,0,0,0,0,0,0,1,0,0.0305,1
throw_in,lofted,central,Hybrid,7,3,7,1,1,1,0,1,0,0,0,0,0,0.1475,0
corner,driven,far_post,Deep Zonal,11,5,3,4,1,1,0,1,1,0,0,0,1,0.1166,1
free_kick_wide,outswinger,central,Hybrid,10,7,4,1,0,0,0,1,1,0,0,0,0,0.1386,1
corner,driven,far_post,Hybrid,6,1,2,3,0,0,1,1,0,0,0,0,1,0.1188,0
free_kick_central,lofted,far_post,Deep Zonal,8,7,1,2,0,0,0,0,1,0,1,0,0,0.1365,1
free_kick_wide,outswinger,central,High Zonal,9,7,2,1,0,0,0,0,0,0,1,0,1,0.143,0
corner,short,central,Hybrid,6,4,5,1,0,0,1,0,0,1,0,1,0,0.1283,0
corner,outswinger,wide_channel,Man-to-Man,9,1,3,1,1,0,0,0,1,1,0,0,0,0.1098,1
throw_in,short,penalty_spot,Hybrid,8,2,4,2,1,0,1,1,0,0,0,1,0,0.1303,1
corner,inswinger,penalty_spot,Deep Zonal,9,2,2,4,1,0,0,0,0,0,0,0,0,0.0927,1
play_restart,long,near_post,Deep Zonal,11,5,2,4,0,0,1,1,1,0,0,0,0,0.042,1
throw_in,straight,central,High Zonal,6,5,8,1,1,0,1,1,1,0,1,0,0,0.1285,1
free_kick_wide,short,central,Hybrid,3,4,9,0,0,1,0,1,1,0,1,1,1,0.2267,1
throw_in,inswinger,wide_channel,Hybrid,7,3,8,1,1,1,0,1,0,0,0,0,1,0.082,1
corner,long,near_post,Hybrid,5,1,10,2,0,0,0,0,0,0,0,0,0,0.0956,1
play_restart,straight,central,Deep Zonal,3,7,8,2,0,0,1,0,0,0,0,1,0,0.1458,1
free_kick_central,short,wide_channel,Deep Zonal,4,7,2,0,0,1,0,0,1,0,0,1,0,0.1005,1
goal_kick,outswinger,far_post,Deep Zonal,7,1,8,0,0,0,1,1,1,1,0,0,0,0.1235,0
corner,inswinger,central,High Zonal,11,3,3,2,0,1,1,1,0,0,1,1,0,0.1889,0
free_kick_central,straight,penalty_spot,High Zonal,6,7,8,1,1,0,0,1,0,1,0,1,0,0.2262,0
free_kick_central,lofted,far_post,Deep Zonal,7,3,7,1,1,1,0,0,0,0,1,0,0,0.138,1
play_restart,outswinger,wide_channel,Man-to-Man,4,5,9,1,0,0,0,1,0,0,1,0,0,0.0871,1
penalty,long,near_post,Hybrid,4,4,10,4,1,0,1,0,1,0,1,1,0,0.8017,0
free_kick_central,inswinger,edge_box,Hybrid,10,5,7,4,0,0,0,1,0,0,1,1,0,0.0856,1
corner,long,central,Man-to-Man,8,7,10,1,0,0,0,1,0,0,0,0,1,0.1651,0
free_kick_wide,outswinger,six_yard,Hybrid,4,3,6,3,0,0,1,1,0,0,0,0,1,0.1781,1
free_kick_central,straight,six_yard,Hybrid,7,6,10,4,0,0,0,0,1,0,0,0,1,0.1783,1
free_kick_wide,straight,six_yard,Man-to-Man,8,4,1,1,1,1,0,0,0,0,0,0,0,0.148,0
corner,inswinger,six_yard,Hybrid,3,2,5,0,0,0,0,1,1,0,1,0,1,0.1714,1
goal_kick,outswinger,edge_box,Hybrid,5,1,8,1,1,0,0,1,0,0,1,1,0,0.0927,1
kick_off,straight,near_post,High Zonal,10,6,10,4,1,0,1,0,0,0,0,1,0,0.1028,1
corner,short,near_post,Deep Zonal,6,5,9,0,1,0,0,0,1,0,1,1,0,0.138,1
penalty,lofted,central,Hybrid,9,7,4,1,1,0,0,1,0,1,1,0,0,0.744,1
corner,straight,far_post,High Zonal,8,2,7,4,0,1,0,0,0,0,1,0,1,0.0896,1
throw_in,lofted,central,Man-to-Man,3,5,1,1,0,0,0,1,0,0,0,0,0,0.1038,0
corner,straight,edge_box,Deep Zonal,11,1,2,2,1,1,1,1,0,1,0,1,0,0.0962,0
throw_in,inswinger,edge_box,Man-to-Man,11,1,8,4,0,0,1,0,0,0,0,1,0,0.0368,1
throw_in,outswinger,wide_channel,Hybrid,9,5,4,4,1,0,1,0,1,1,0,0,0,0.0625,1
goal_kick,straight,far_post,Deep Zonal,4,4,6,1,1,1,0,1,0,0,0,0,1,0.0916,1
corner,outswinger,edge_box,High Zonal,10,5,3,1,1,1,0,0,1,0,0,0,0,0.1144,1
kick_off,driven,edge_box,Deep Zonal,3,6,8,2,0,0,0,1,1,0,1,0,0,0.0841,1
corner,long,wide_channel,Man-to-Man,7,6,1,1,0,1,0,1,1,0,0,0,0,0.0844,1
corner,short,edge_box,Deep Zonal,6,2,7,3,1,0,0,0,1,1,1,1,0,0.0719,0
penalty,straight,central,Man-to-Man,9,2,7,3,0,0,0,0,0,1,1,0,0,0.7469,1
free_kick_wide,straight,near_post,Deep Zonal,4,4,9,2,0,0,0,1,1,0,0,0,1,0.1295,1
goal_kick,short,wide_channel,Man-to-Man,10,7,3,2,1,0,0,0,0,0,1,0,0,0.0188,1
goal_kick,inswinger,edge_box,High Zonal,8,5,4,0,0,1,0,1,1,1,0,0,0,0.112,0
free_kick_wide,inswinger,six_yard,Deep Zonal,5,2,6,3,1,0,0,1,0,0,1,0,0,0.1427,1
play_restart,outswinger,edge_box,Deep Zonal,5,5,3,4,0,0,0,0,0,0,1,0,0,0.0748,1
corner,inswinger,edge_box,Man-to-Man,9,3,8,4,1,0,1,1,1,0,0,0,0,0.1759,1
free_kick_central,long,edge_box,Man-to-Man,4,1,8,3,0,0,0,1,0,0,1,0,1,0.138,1
corner,inswinger,wide_channel,Man-to-Man,5,5,8,3,0,0,0,0,1,0,1,0,1,0.1396,1
play_restart,inswinger,wide_channel,Hybrid,11,2,5,4,1,1,0,1,0,0,1,1,0,0.0891,1
corner,lofted,central,Hybrid,10,6,7,1,1,1,0,1,1,1,1,1,0,0.1868,1
corner,lofted,near_post,High Zonal,5,4,2,3,0,0,1,1,1,0,0,0,0,0.1102,1
free_kick_wide,straight,near_post,Man-to-Man,8,4,2,0,0,0,1,1,0,0,1,0,0,0.1161,1
play_restart,straight,far_post,High Zonal,6,2,4,3,0,0,0,0,1,0,0,1,0,0.0515,1
kick_off,driven,six_yard,Deep Zonal,4,3,3,1,0,0,0,1,1,1,1,0,1,0.1283,1
goal_kick,inswinger,six_yard,Man-to-Man,5,3,9,2,0,0,1,1,1,0,1,1,0,0.1639,1
kick_off,straight,far_post,Deep Zonal,3,5,3,0,0,0,0,0,0,1,0,0,0,0.0695,1
kick_off,inswinger,central,Man-to-Man,10,3,10,0,0,0,0,1,0,0,1,1,0,0.1195,1
free_kick_central,straight,far_post,Hybrid,5,1,5,3,1,0,0,1,0,0,0,1,1,0.1735,0
free_kick_wide,lofted,six_yard,Man-to-Man,4,1,8,4,1,1,0,0,0,0,0,0,0,0.1623,1
goal_kick,long,penalty_spot,Man-to-Man,8,2,1,0,0,0,1,0,0,1,1,0,1,0.1156,1
throw_in,lofted,near_post,Hybrid,4,4,8,4,1,0,0,0,0,0,0,0,0,0.1107,1
free_kick_wide,long,central,Man-to-Man,11,3,5,3,0,0,0,0,0,0,0,0,1,0.1359,1
corner,short,penalty_spot,High Zonal,10,7,9,3,0,1,0,1,0,0,0,0,1,0.1404,0
goal_kick,long,penalty_spot,Man-to-Man,6,2,2,1,0,0,0,0,1,0,0,1,1,0.1058,1
corner,long,six_yard,Deep Zonal,4,3,3,4,1,0,1,1,1,0,1,0,0,0.1566,1
play_restart,straight,wide_channel,High Zonal,4,3,9,3,1,0,0,0,0,0,1,0,0,0.0872,1
corner,outswinger,near_post,Hybrid,10,2,6,0,0,0,0,0,0,1,0,0,0,0.0511,0
corner,short,central,Hybrid,6,7,6,4,0,0,0,0,0,0,1,0,0,0.1055,1
goal_kick,outswinger,far_post,Man-to-Man,8,2,6,1,0,1,0,1,0,0,1,0,0,0.0732,1
corner,straight,central,Man-to-Man,4,1,4,2,1,0,0,0,0,0,1,0,1,0.1744,0
corner,inswinger,far_post,Man-to-Man,10,4,10,0,1,1,0,1,0,1,1,1,0,0.1741,0
throw_in,short,near_post,Deep Zonal,7,5,6,1,0,1,0,1,0,0,0,0,0,0.0646,0
kick_off,outswinger,near_post,Hybrid,3,4,1,3,1,0,0,0,1,0,0,0,1,0.1125,0
corner,outswinger,six_yard,Man-to-Man,3,3,3,4,0,0,0,0,0,0,0,0,0,0.1246,0
free_kick_wide,straight,near_post,Deep Zonal,11,7,10,2,0,0,0,1,0,0,1,0,1,0.1409,1
goal_kick,inswinger,six_yard,Man-to-Man,3,3,5,3,0,1,0,1,0,0,1,0,0,0.134,1
play_restart,lofted,central,High Zonal,5,5,8,0,0,1,0,0,0,1,0,1,0,0.1347,0
free_kick_central,straight,central,Deep Zonal,3,6,1,1,0,1,0,0,0,0,0,1,1,0.1607,1
corner,straight,near_post,High Zonal,3,3,1,2,1,0,0,1,0,0,1,0,0,0.1249,1
corner,inswinger,near_post,High Zonal,10,4,3,0,1,0,0,0,1,0,0,1,0,0.1249,1
corner,driven,central,Hybrid,9,3,6,1,1,0,0,1,0,1,0,0,0,0.167,0
corner,short,six_yard,Deep Zonal,5,5,7,0,0,0,0,1,1,0,1,0,0,0.1747,1
throw_in,straight,wide_channel,Hybrid,4,4,1,2,0,1,0,1,0,0,1,1,0,0.0874,0
corner,outswinger,near_post,Man-to-Man,5,6,10,1,0,1,0,1,0,1,0,0,0,0.1668,1
free_kick_central,long,near_post,High Zonal,6,2,7,1,0,0,1,0,0,0,1,0,0,0.1542,1
throw_in,lofted,near_post,High Zonal,9,2,4,2,0,0,0,1,0,1,0,0,0,0.0738,0
throw_in,straight,edge_box,Deep Zonal,8,3,5,0,1,0,0,1,1,0,0,0,0,0.0701,1
corner,inswinger,central,High Zonal,6,5,6,3,0,0,0,0,1,0,0,1,0,0.1526,1
goal_kick,inswinger,central,Man-to-Man,3,2,8,2,1,0,0,0,0,0,0,0,1,0.1252,1
throw_in,inswinger,six_yard,Deep Zonal,4,7,1,4,1,1,0,1,1,0,0,0,0,0.1443,1
throw_in,long,six_yard,High Zonal,4,4,6,1,0,0,1,0,0,0,0,0,0,0.1007,1
corner,lofted,edge_box,Man-to-Man,4,6,6,0,0,0,0,0,1,0,0,1,0,0.0947,1
corner,lofted,near_post,Hybrid,7,4,8,2,1,0,0,0,0,0,0,0,1,0.1283,1
play_restart,driven,far_post,Hybrid,10,3,4,0,0,0,0,1,1,0,0,0,0,0.0989,0
free_kick_wide,inswinger,central,Deep Zonal,6,6,4,1,0,0,1,0,0,1,0,0,0,0.1522,1
free_kick_wide,lofted,edge_box,High Zonal,5,2,9,3,0,0,0,0,0,0,0,0,0,0.1139,1
free_kick_central,outswinger,edge_box,Hybrid,8,2,9,4,1,0,0,1,1,0,1,1,0,0.1916,1
throw_in,outswinger,near_post,Man-to-Man,3,6,9,2,0,0,0,0,0,0,0,0,0,0.1048,1
play_restart,long,six_yard,Hybrid,9,7,9,0,0,0,1,1,0,0,0,1,0,0.1695,1
corner,inswinger,far_post,High Zonal,3,3,2,1,1,0,0,0,1,0,0,0,0,0.1517,1
play_restart,driven,edge_box,Deep Zonal,6,4,7,1,1,0,0,1,0,0,0,1,0,0.093,1
corner,lofted,near_post,Deep Zonal,11,4,7,0,1,0,0,1,1,0,0,0,0,0.0831,0
penalty,driven,central,Man-to-Man,6,6,3,3,1,1,1,0,1,0,1,1,1,0.7615,1
throw_in,driven,near_post,Man-to-Man,9,4,5,3,1,0,0,1,0,1,1,1,1,0.1754,1
corner,straight,edge_box,Man-to-Man,5,5,10,1,1,1,1,0,1,0,0,0,0,0.1957,1
corner,inswinger,near_post,Deep Zonal,10,5,2,2,1,1,0,1,0,1,0,1,0,0.1114,1
free_kick_wide,driven,central,Deep Zonal,6,6,9,2,0,1,0,1,0,0,0,0,1,0.1915,1
play_restart,short,edge_box,High Zonal,5,1,4,2,1,1,1,1,1,0,1,0,0,0.103,1
throw_in,lofted,edge_box,Deep Zonal,3,5,9,3,1,1,1,1,0,0,0,1,0,0.1572,1
play_restart,inswinger,penalty_spot,High Zonal,5,2,6,3,0,0,0,1,1,0,0,1,0,0.1255,1
goal_kick,outswinger,edge_box,Hybrid,8,1,1,0,1,0,0,0,0,1,1,0,0,0.0496,1
free_kick_central,straight,edge_box,Man-to-Man,3,6,2,1,0,0,0,1,0,0,1,0,0,0.129,1
goal_kick,long,penalty_spot,Man-to-Man,4,3,9,4,0,0,0,1,0,1,0,1,0,0.1096,1
corner,driven,central,Hybrid,6,6,8,2,0,0,1,0,1,0,0,0,0,0.1645,1
corner,lofted,near_post,Man-to-Man,9,7,3,2,1,0,0,0,0,1,1,0,1,0.1145,1
goal_kick,outswinger,far_post,Deep Zonal,8,1,7,3,0,0,0,1,0,1,0,0,0,0.0348,1
goal_kick,straight,near_post,Deep Zonal,3,4,6,3,0,0,0,0,1,0,0,0,0,0.0532,1
corner,inswinger,far_post,High Zonal,3,1,1,2,1,0,1,1,0,0,1,0,0,0.1125,1
free_kick_central,outswinger,far_post,Man-to-Man,3,6,8,4,0,0,1,1,1,1,0,0,1,0.2107,1
throw_in,straight,near_post,Hybrid,5,7,2,2,1,0,0,1,1,0,0,0,1,0.1252,1
kick_off,short,edge_box,Man-to-Man,5,7,5,4,0,1,0,1,1,0,1,0,0,0.0946,1
throw_in,straight,edge_box,Deep Zonal,4,7,1,2,1,1,0,0,0,0,0,0,0,0.0698,1
free_kick_wide,straight,penalty_spot,Deep Zonal,6,3,3,1,0,0,0,0,1,1,1,0,0,0.1153,1
free_kick_wide,short,wide_channel,Deep Zonal,8,2,10,0,0,0,0,1,1,0,0,1,1,0.0898,0
free_kick_wide,driven,central,Deep Zonal,9,7,6,2,0,0,0,1,0,0,1,1,0,0.1315,1
throw_in,outswinger,central,High Zonal,11,5,8,4,0,0,1,1,1,0,0,0,1,0.1385,1
kick_off,outswinger,central,Deep Zonal,9,3,3,2,1,0,1,0,1,0,0,0,1,0.0749,1
free_kick_central,long,penalty_spot,High Zonal,11,2,1,3,0,0,0,0,0,0,1,1,0,0.0864,1
corner,driven,central,Man-to-Man,11,1,7,2,0,0,0,1,1,0,0,0,0,0.1356,0
corner,driven,six_yard,Hybrid,10,1,3,4,1,0,1,1,0,0,0,1,1,0.1421,1
goal_kick,outswinger,central,High Zonal,6,5,2,3,0,0,1,0,0,0,0,0,1,0.0658,1
goal_kick,short,far_post,High Zonal,3,2,5,3,0,0,0,0,0,1,1,0,0,0.0708,0
corner,lofted,far_post,Hybrid,3,6,5,1,1,0,1,1,0,0,1,0,0,0.1425,1
corner,straight,central,Deep Zonal,10,6,2,2,0,0,1,1,0,0,1,1,0,0.0818,1
throw_in,straight,edge_box,Deep Zonal,10,4,6,2,0,1,0,0,1,0,1,0,0,0.0978,1
corner,lofted,edge_box,Hybrid,5,3,5,4,0,0,0,0,1,0,0,0,1,0.0637,0
goal_kick,inswinger,edge_box,Hybrid,9,2,10,3,0,1,1,1,1,0,0,1,0,0.1337,1
free_kick_wide,long,penalty_spot,Man-to-Man,7,2,1,0,0,0,0,1,0,0,1,0,0,0.0965,0
corner,driven,far_post,High Zonal,3,5,5,1,0,0,0,1,1,1,0,0,0,0.1255,1
play_restart,inswinger,far_post,Man-to-Man,8,6,8,1,0,0,0,1,0,1,0,0,1,0.1295,1
corner,long,edge_box,Man-to-Man,3,6,5,3,0,1,0,1,1,0,0,0,0,0.1285,0
corner,straight,central,Deep Zonal,4,7,3,3,0,0,0,1,0,0,0,0,0,0.149,1
corner,driven,far_post,Man-to-Man,7,5,10,0,1,1,0,1,0,0,1,1,0,0.1984,0
corner,lofted,near_post,Man-to-Man,3,4,4,3,1,0,1,0,0,0,0,0,0,0.1333,1
corner,driven,edge_box,Man-to-Man,6,3,10,3,0,0,0,1,1,1,1,0,0,0.1476,1
corner,inswinger,near_post,Man-to-Man,9,3,9,1,0,0,1,1,1,0,1,0,0,0.1591,1
corner,long,wide_channel,Hybrid,8,3,7,0,0,0,1,1,0,0,1,0,0,0.0566,1
corner,lofted,near_post,High Zonal,3,7,8,0,0,0,0,1,0,0,1,1,0,0.1813,0
throw_in,short,far_post,High Zonal,4,4,6,3,0,0,1,1,0,0,1,0,0,0.0832,1
throw_in,short,central,High Zonal,11,2,7,1,1,0,0,1,0,0,0,1,0,0.0913,1
free_kick_wide,inswinger,central,High Zonal,11,2,3,0,0,0,0,1,0,0,0,1,0,0.1044,0
free_kick_wide,driven,central,Deep Zonal,11,1,1,2,1,0,0,1,1,0,0,0,0,0.0857,1
free_kick_central,inswinger,edge_box,High Zonal,7,6,7,3,1,0,0,1,1,0,0,1,1,0.174,1
kick_off,outswinger,near_post,High Zonal,6,2,9,2,1,0,0,0,0,1,0,0,1,0.1176,1
goal_kick,lofted,central,Man-to-Man,9,1,9,2,1,0,0,1,0,0,0,0,0,0.1204,0
corner,lofted,near_post,Hybrid,11,3,8,1,0,0,0,0,0,0,0,1,0,0.0601,1
corner,lofted,central,Hybrid,4,4,10,2,0,0,0,1,1,1,0,1,0,0.1766,0
corner,straight,wide_channel,High Zonal,11,7,6,2,0,1,0,1,1,1,1,1,1,0.1119,1
corner,inswinger,far_post,High Zonal,8,7,2,3,0,0,1,1,0,0,1,0,0,0.0963,1
penalty,straight,edge_box,Man-to-Man,4,2,3,3,0,0,0,1,1,0,1,0,1,0.7447,0
free_kick_wide,inswinger,far_post,Hybrid,10,4,3,4,0,0,1,0,0,0,0,1,0,0.0879,1
corner,driven,far_post,Hybrid,3,6,10,1,1,0,0,0,0,0,1,0,0,0.126,1
free_kick_wide,short,six_yard,Deep Zonal,3,6,9,0,0,0,1,1,1,0,0,1,0,0.1865,1
free_kick_central,straight,near_post,High Zonal,6,4,8,0,0,0,1,0,0,0,0,0,0,0.141,0
corner,inswinger,six_yard,Hybrid,7,2,9,3,1,1,0,0,0,0,0,1,0,0.1709,1
goal_kick,straight,far_post,Deep Zonal,6,6,4,2,0,0,0,1,1,0,1,0,1,0.0616,1
corner,driven,central,Deep Zonal,5,4,8,2,0,0,1,1,0,1,0,0,0,0.1562,0
play_restart,long,wide_channel,Deep Zonal,8,2,2,3,0,0,1,0,0,1,0,0,1,0.0499,0
corner,inswinger,central,Hybrid,7,5,2,3,0,0,0,0,0,1,0,1,1,0.1506,1
goal_kick,inswinger,wide_channel,Deep Zonal,4,7,7,4,1,0,1,1,1,0,0,0,0,0.1425,1
kick_off,straight,wide_channel,Man-to-Man,10,7,8,4,1,0,0,0,1,1,1,0,0,0.0846,1
play_restart,inswinger,central,Man-to-Man,5,7,6,3,1,0,1,0,1,0,1,0,0,0.1614,1
goal_kick,lofted,central,Hybrid,9,5,5,3,0,1,1,0,1,0,0,0,0,0.119,1
goal_kick,long,six_yard,Hybrid,6,6,7,4,1,0,1,0,0,0,1,1,0,0.1331,1
throw_in,inswinger,central,Man-to-Man,9,2,4,0,1,0,0,1,1,0,0,0,0,0.1177,1
goal_kick,driven,edge_box,High Zonal,5,3,3,4,1,0,0,1,1,0,0,0,1,0.0775,1
corner,straight,near_post,Deep Zonal,4,2,3,2,0,1,0,0,1,0,0,1,1,0.1574,1
free_kick_central,outswinger,central,Man-to-Man,3,1,4,1,0,0,0,1,0,0,0,0,0,0.1673,0
free_kick_central,short,far_post,Hybrid,10,6,4,2,0,0,0,0,0,0,0,0,0,0.058,1
goal_kick,inswinger,edge_box,Hybrid,9,4,2,4,0,0,0,1,0,1,0,0,0,0.0527,1
free_kick_central,straight,edge_box,Deep Zonal,8,4,6,0,1,0,0,1,0,1,0,0,0,0.1434,0
free_kick_wide,driven,penalty_spot,Man-to-Man,8,1,5,0,1,0,0,0,1,0,1,0,1,0.2085,0
throw_in,lofted,central,Deep Zonal,3,2,2,3,1,0,0,0,1,1,0,1,0,0.1212,1
corner,outswinger,far_post,Man-to-Man,6,1,10,3,0,0,0,1,0,0,0,1,0,0.1402,0
corner,short,central,Deep Zonal,10,4,6,3,0,0,0,0,0,0,0,0,0,0.085,1
free_kick_central,outswinger,central,Man-to-Man,5,5,2,4,1,0,0,1,1,1,0,1,0,0.1949,1
free_kick_wide,short,central,Hybrid,3,1,1,3,0,0,0,1,0,1,0,0,0,0.117,1
corner,outswinger,penalty_spot,Hybrid,10,5,1,4,0,0,0,0,0,1,0,0,1,0.109,1
free_kick_wide,short,central,Man-to-Man,3,1,5,0,0,1,0,0,0,1,0,0,1,0.1404,1
free_kick_wide,inswinger,near_post,Hybrid,9,6,3,1,1,1,1,0,0,0,0,0,0,0.1452,0
free_kick_wide,lofted,edge_box,High Zonal,10,7,10,3,0,0,0,1,0,1,0,0,1,0.1368,1
free_kick_wide,driven,near_post,High Zonal,9,5,5,4,0,0,1,0,0,0,0,0,1,0.1355,1
throw_in,outswinger,wide_channel,Hybrid,3,4,8,1,1,0,0,1,1,1,0,1,0,0.1466,1
corner,driven,central,Man-to-Man,11,6,3,2,1,1,0,1,0,0,1,1,0,0.1243,1
play_restart,inswinger,near_post,Deep Zonal,3,2,1,1,0,0,1,0,1,1,1,0,0,0.076,1
kick_off,long,six_yard,Man-to-Man,10,7,4,4,0,0,0,1,0,1,0,0,0,0.1356,1
free_kick_central,outswinger,penalty_spot,High Zonal,3,7,7,2,0,1,1,1,1,0,1,0,0,0.2371,1
free_kick_wide,inswinger,six_yard,High Zonal,7,5,8,0,0,0,0,1,0,0,0,0,0,0.1382,1
free_kick_central,long,far_post,High Zonal,10,7,2,2,0,0,1,1,0,1,0,0,1,0.1069,1
goal_kick,straight,central,Man-to-Man,5,3,3,1,0,0,0,0,1,0,1,0,0,0.1225,1
throw_in,short,edge_box,High Zonal,3,7,5,2,1,1,0,0,0,0,1,0,1,0.1169,1
goal_kick,short,far_post,High Zonal,3,1,4,1,1,0,0,1,0,0,0,0,0,0.0509,1
free_kick_central,inswinger,penalty_spot,Man-to-Man,6,6,3,4,0,0,0,0,0,0,0,1,0,0.1641,0
throw_in,inswinger,central,Man-to-Man,6,3,10,4,0,0,0,1,0,1,0,0,0,0.1308,1
corner,short,central,Deep Zonal,4,7,10,0,0,0,1,1,0,1,0,0,1,0.2119,1
throw_in,short,near_post,Man-to-Man,7,4,4,1,0,0,0,0,0,0,1,1,0,0.0838,1
corner,inswinger,edge_box,High Zonal,6,2,1,2,0,0,0,0,0,0,1,1,1,0.091,1
throw_in,straight,central,Deep Zonal,8,3,4,4,0,0,0,1,0,1,1,0,1,0.1013,0
kick_off,short,wide_channel,Deep Zonal,5,7,9,1,0,1,1,1,1,0,1,0,0,0.131,1
corner,long,central,Deep Zonal,5,6,9,3,0,0,1,0,0,1,1,0,0,0.195,0
throw_in,driven,far_post,Hybrid,10,3,8,0,1,1,0,0,0,0,1,0,0,0.1018,1
corner,straight,central,High Zonal,10,2,7,4,0,1,0,1,0,1,1,0,1,0.1395,0
throw_in,short,edge_box,Man-to-Man,9,1,4,1,0,1,0,1,1,0,0,1,0,0.1121,0
corner,short,six_yard,Deep Zonal,6,1,5,1,0,0,1,0,0,0,1,1,1,0.0964,1
play_restart,outswinger,far_post,Deep Zonal,10,1,9,3,0,0,0,0,0,0,1,0,1,0.0736,1
corner,inswinger,central,High Zonal,6,3,3,3,0,0,0,1,0,0,0,0,0,0.1036,1
play_restart,inswinger,edge_box,Man-to-Man,9,2,5,2,0,0,0,0,1,1,0,1,0,0.0905,1
goal_kick,driven,central,High Zonal,9,1,9,4,0,1,1,1,1,1,0,0,0,0.1493,1
throw_in,outswinger,penalty_spot,High Zonal,5,6,7,2,0,0,1,1,1,0,0,0,0,0.1614,1
goal_kick,short,edge_box,Deep Zonal,8,7,2,2,0,1,0,1,0,0,0,0,0,0.055,1
goal_kick,short,central,Hybrid,4,7,8,2,0,1,0,0,0,0,0,0,1,0.1265,1
play_restart,straight,edge_box,High Zonal,6,6,1,0,1,1,0,1,1,1,0,0,1,0.0923,1
corner,driven,edge_box,High Zonal,7,1,3,1,1,0,0,1,1,1,1,0,1,0.1357,0
throw_in,long,near_post,Deep Zonal,8,2,10,3,0,1,0,0,0,0,1,1,1,0.0885,1
corner,inswinger,central,High Zonal,6,6,1,0,0,0,0,1,1,0,0,0,0,0.1407,1
throw_in,driven,far_post,Man-to-Man,9,1,2,3,1,1,1,0,0,1,0,0,0,0.1364,1
corner,short,edge_box,Deep Zonal,8,6,9,2,0,0,1,1,0,0,0,0,0,0.0892,1
penalty,outswinger,penalty_spot,Man-to-Man,10,1,7,3,0,0,0,1,1,1,0,0,0,0.779,1
penalty,long,far_post,High Zonal,3,1,3,4,1,0,0,1,0,0,0,1,1,0.7151,0
free_kick_central,long,central,High Zonal,7,6,4,2,0,0,0,0,1,1,0,0,0,0.2122,1
free_kick_central,outswinger,near_post,High Zonal,9,6,10,3,0,0,0,1,0,0,1,1,0,0.1494,1
goal_kick,lofted,near_post,Man-to-Man,6,1,7,3,1,0,0,1,1,0,0,1,0,0.0924,1
goal_kick,short,central,Man-to-Man,5,1,4,1,0,0,0,0,0,1,1,0,1,0.0367,0
free_kick_central,short,near_post,High Zonal,8,7,2,1,0,0,0,0,0,0,0,0,1,0.1301,1
throw_in,inswinger,near_post,Deep Zonal,7,2,5,2,0,0,0,1,1,1,0,1,0,0.1058,1
play_restart,outswinger,penalty_spot,Man-to-Man,6,7,4,0,1,0,1,1,0,0,0,0,0,0.1586,0
corner,straight,penalty_spot,High Zonal,11,4,5,2,1,0,0,1,0,0,0,0,0,0.1246,0
corner,short,near_post,High Zonal,6,7,1,4,0,0,1,1,1,1,0,0,1,0.128,1
corner,short,penalty_spot,Man-to-Man,4,7,5,4,0,1,1,1,0,1,0,1,1,0.2449,1
throw_in,long,near_post,Man-to-Man,3,5,3,3,0,1,0,1,1,1,1,0,0,0.1288,0
free_kick_wide,outswinger,central,Man-to-Man,4,1,10,0,0,0,1,0,1,1,0,1,0,0.1827,0
goal_kick,long,wide_channel,Deep Zonal,7,7,3,4,0,0,0,1,1,1,1,1,1,0.0336,1
throw_in,driven,far_post,Hybrid,4,3,3,0,1,0,0,0,0,0,1,0,0,0.0959,0
free_kick_wide,long,near_post,High Zonal,3,2,4,2,1,0,1,0,1,0,0,1,0,0.1444,1
kick_off,driven,central,High Zonal,6,5,7,4,1,1,0,1,0,0,0,1,1,0.1775,1
goal_kick,driven,edge_box,Man-to-Man,5,3,8,3,0,0,0,1,0,0,0,1,0,0.1047,1
corner,inswinger,central,Hybrid,7,6,3,0,0,0,0,1,1,0,1,1,0,0.1518,1
free_kick_wide,long,wide_channel,High Zonal,3,2,7,2,1,0,0,1,1,0,0,0,0,0.1101,1
free_kick_wide,lofted,far_post,Man-to-Man,11,7,2,4,1,0,0,0,1,0,1,0,1,0.1055,1
corner,short,near_post,Hybrid,11,1,2,2,0,1,0,0,0,0,0,0,0,0.0642,1
corner,outswinger,penalty_spot,Man-to-Man,10,4,3,2,0,0,0,0,0,0,0,0,0,0.0999,0
play_restart,lofted,edge_box,Hybrid,4,7,7,1,1,0,1,1,1,0,0,0,0,0.1492,1
free_kick_wide,inswinger,far_post,Deep Zonal,9,6,6,2,0,0,0,0,0,0,0,0,0,0.0944,0
free_kick_wide,outswinger,wide_channel,Hybrid,3,6,5,2,1,0,1,1,0,0,0,0,1,0.1565,1
throw_in,inswinger,wide_channel,Deep Zonal,9,5,7,0,1,0,0,0,0,0,0,0,0,0.0385,0
penalty,straight,near_post,Deep Zonal,10,4,2,4,0,0,1,0,0,0,0,1,1,0.7545,0
play_restart,straight,near_post,High Zonal,5,2,3,4,0,1,0,1,1,0,1,1,0,0.1125,1
goal_kick,straight,central,Hybrid,7,3,8,0,0,0,0,0,1,0,0,1,0,0.0882,1
free_kick_central,lofted,penalty_spot,Man-to-Man,11,5,10,0,1,0,0,1,1,0,1,0,0,0.1957,1
free_kick_wide,straight,penalty_spot,Hybrid,4,3,1,3,0,0,0,0,0,0,0,0,0,0.1043,1
play_restart,short,central,Man-to-Man,7,3,4,2,0,0,1,0,1,0,1,0,0,0.11,1
throw_in,driven,wide_channel,Deep Zonal,5,5,9,3,0,0,0,1,1,0,0,0,0,0.0959,1
play_restart,driven,central,High Zonal,4,5,9,0,0,1,1,1,0,0,0,0,0,0.1775,1
corner,outswinger,six_yard,Man-to-Man,9,4,3,3,1,1,0,1,0,0,0,0,0,0.1338,1
goal_kick,inswinger,six_yard,Deep Zonal,11,2,1,0,0,1,1,0,0,0,1,0,1,0.0681,1
throw_in,short,near_post,Man-to-Man,8,2,6,0,0,0,1,1,1,0,0,0,0,0.0776,1
corner,driven,central,Hybrid,7,2,7,3,0,1,1,0,1,0,0,1,1,0.201,1
throw_in,short,central,Man-to-Man,7,3,3,1,1,0,0,1,0,0,0,1,1,0.0862,1
throw_in,outswinger,wide_channel,Deep Zonal,4,7,4,1,0,0,0,1,0,0,1,0,1,0.0541,1
corner,long,central,Hybrid,4,3,7,4,0,0,1,0,1,1,0,0,0,0.1545,1
free_kick_central,long,six_yard,Man-to-Man,9,7,6,3,0,0,1,0,0,0,0,1,0,0.157,1
goal_kick,short,far_post,Deep Zonal,8,4,3,1,0,1,0,1,1,1,0,0,0,0.0597,1
corner,driven,far_post,Hybrid,5,4,9,3,1,1,0,0,0,0,0,0,1,0.1423,1
free_kick_central,driven,wide_channel,Deep Zonal,3,2,10,0,0,1,0,0,1,0,0,0,0,0.1121,1
free_kick_central,long,far_post,High Zonal,4,6,8,2,1,0,0,0,0,0,1,0,0,0.165,1
free_kick_wide,long,edge_box,High Zonal,7,6,10,0,0,0,0,1,0,1,0,1,0,0.104,0
kick_off,long,far_post,Man-to-Man,5,7,4,3,0,0,0,1,0,0,0,1,0,0.1373,0
goal_kick,short,near_post,Man-to-Man,9,6,2,1,0,0,0,1,1,0,1,0,1,0.0675,1
corner,straight,near_post,Hybrid,8,1,8,1,0,0,0,1,1,0,0,0,0,0.0946,1
play_restart,long,central,High Zonal,4,7,6,1,0,0,0,1,1,0,0,0,0,0.1252,1
kick_off,short,edge_box,Deep Zonal,5,5,5,4,1,1,0,1,0,0,0,0,0,0.0803,1
corner,straight,central,High Zonal,3,4,3,4,1,0,0,1,1,0,1,1,0,0.171,1
goal_kick,inswinger,far_post,Deep Zonal,3,2,1,1,0,0,0,0,0,1,0,1,0,0.0274,0
corner,long,near_post,Hybrid,9,4,2,0,1,0,0,1,0,1,0,1,0,0.1102,1
play_restart,short,penalty_spot,Hybrid,6,6,7,2,0,0,0,1,1,0,0,1,0,0.1417,1
throw_in,outswinger,six_yard,Deep Zonal,10,5,3,3,1,0,0,1,0,1,0,1,0,0.0787,1
throw_in,straight,penalty_spot,High Zonal,5,1,10,4,1,0,0,0,0,1,0,0,0,0.1507,1
corner,outswinger,wide_channel,Hybrid,5,6,5,4,1,0,0,0,0,0,0,0,0,0.0726,1
kick_off,lofted,near_post,High Zonal,7,6,1,3,0,0,0,1,1,1,1,0,0,0.0788,1
corner,driven,near_post,High Zonal,5,5,7,0,0,0,0,0,0,0,0,1,0,0.1163,1
corner,short,far_post,Deep Zonal,7,2,7,0,1,0,0,0,1,0,0,1,0,0.0668,0
corner,straight,central,Hybrid,4,3,2,0,0,1,0,0,1,0,0,0,0,0.1123,1
goal_kick,long,edge_box,Hybrid,3,4,9,1,0,0,0,1,0,1,0,1,0,0.1448,1
corner,short,edge_box,Deep Zonal,10,7,8,3,1,0,0,0,1,0,0,0,0,0.0543,1
kick_off,lofted,near_post,Deep Zonal,5,6,6,4,0,0,1,0,0,0,0,1,0,0.1056,1
throw_in,inswinger,wide_channel,High Zonal,3,1,2,3,0,0,0,0,0,1,1,0,0,0.0573,1
corner,inswinger,near_post,Deep Zonal,5,1,5,4,0,0,0,0,1,1,0,0,1,0.1442,1
corner,short,edge_box,Man-to-Man,6,1,10,1,0,0,0,1,0,0,0,0,0,0.1172,1
corner,outswinger,far_post,Deep Zonal,7,7,3,3,0,0,0,1,1,0,0,1,0,0.0832,1
throw_in,short,edge_box,Hybrid,9,7,10,0,1,0,0,1,1,0,1,0,1,0.0966,1
goal_kick,driven,near_post,Deep Zonal,10,2,2,0,1,1,0,1,0,0,1,0,0,0.0845,0
corner,inswinger,wide_channel,Hybrid,5,7,7,4,0,0,1,0,1,0,1,0,1,0.1342,1
goal_kick,straight,wide_channel,Man-to-Man,4,4,4,2,0,0,1,0,0,1,0,0,0,0.0568,1
corner,long,far_post,Man-to-Man,4,3,1,3,0,0,0,1,0,0,0,0,0,0.0782,1
goal_kick,driven,far_post,Hybrid,4,6,7,4,0,0,1,1,0,0,0,0,0,0.1572,1
play_restart,straight,penalty_spot,Hybrid,3,1,5,2,0,0,0,1,1,0,1,0,1,0.1296,1
goal_kick,outswinger,penalty_spot,Deep Zonal,3,1,4,0,0,0,0,1,1,0,0,1,0,0.1103,1
throw_in,short,penalty_spot,Deep Zonal,6,2,3,3,0,1,0,0,1,0,1,0,0,0.1093,1
goal_kick,straight,penalty_spot,Man-to-Man,8,5,5,4,0,1,0,0,0,1,0,0,0,0.1044,1
corner,driven,six_yard,High Zonal,10,6,2,1,0,0,0,1,1,0,0,0,0,0.1616,0
corner,short,penalty_spot,Man-to-Man,5,4,6,2,1,1,1,0,1,1,0,1,1,0.1707,1
corner,outswinger,central,Deep Zonal,5,4,1,3,1,0,0,1,0,0,0,0,0,0.1455,0
free_kick_central,long,wide_channel,Hybrid,9,5,3,3,0,1,0,0,0,0,0,1,0,0.1132,1
goal_kick,short,central,High Zonal,8,1,6,0,0,1,1,1,0,1,0,1,1,0.1425,1
throw_in,inswinger,near_post,Man-to-Man,9,5,8,0,0,0,0,1,1,1,0,0,1,0.1254,0
goal_kick,short,wide_channel,Man-to-Man,4,6,4,3,1,0,0,1,0,0,1,0,0,0.065,1
corner,lofted,central,High Zonal,3,3,7,0,1,1,0,1,1,1,0,1,0,0.2412,1
throw_in,long,near_post,Man-to-Man,7,5,10,2,1,1,0,1,1,1,0,0,0,0.2233,0
corner,outswinger,penalty_spot,Man-to-Man,6,3,6,1,1,0,0,1,0,0,0,0,0,0.1653,1
corner,long,six_yard,Deep Zonal,5,7,8,2,1,0,0,1,1,0,1,1,0,0.2029,1
throw_in,outswinger,near_post,Man-to-Man,11,2,5,4,0,0,0,1,0,0,0,0,0,0.071,0
play_restart,short,far_post,Deep Zonal,4,1,3,4,1,1,1,1,0,1,1,0,0,0.0878,1
throw_in,short,near_post,Man-to-Man,5,7,4,3,0,1,0,1,0,0,0,0,0,0.1537,1
corner,outswinger,far_post,High Zonal,9,4,4,1,0,0,0,1,1,0,0,1,0,0.1014,1
throw_in,outswinger,central,Deep Zonal,7,3,6,3,0,0,1,1,1,0,0,1,0,0.1336,0
corner,lofted,near_post,High Zonal,5,6,2,0,0,0,0,1,0,0,0,0,0,0.1138,1
kick_off,outswinger,wide_channel,High Zonal,7,2,8,4,0,1,0,0,1,0,0,1,1,0.1006,1
throw_in,driven,penalty_spot,High Zonal,6,3,2,4,0,0,0,1,0,0,0,0,0,0.1,1
corner,long,six_yard,High Zonal,5,1,8,1,1,1,1,1,1,0,1,1,0,0.203,0
corner,short,wide_channel,Man-to-Man,9,4,5,0,0,0,0,1,1,0,0,0,0,0.0577,0
corner,inswinger,wide_channel,High Zonal,10,6,8,4,0,0,0,1,0,1,1,0,0,0.1415,1
play_restart,outswinger,edge_box,Deep Zonal,3,7,2,0,0,0,0,1,1,1,1,0,1,0.1116,1
free_kick_central,inswinger,central,High Zonal,3,4,3,0,1,0,0,0,1,1,1,0,1,0.2074,1
goal_kick,short,six_yard,Deep Zonal,11,1,3,0,0,1,0,1,0,0,0,0,0,0.0661,0
throw_in,lofted,far_post,High Zonal,5,2,8,0,0,0,0,0,0,0,0,0,0,0.0954,0
penalty,driven,central,Deep Zonal,3,2,3,4,0,0,0,1,1,1,1,0,1,0.8273,0
corner,inswinger,far_post,High Zonal,8,7,4,2,1,1,1,1,1,1,0,0,0,0.1586,1
play_restart,outswinger,central,Man-to-Man,5,5,2,0,1,1,0,1,1,0,1,0,0,0.1515,0
free_kick_wide,inswinger,far_post,Deep Zonal,11,7,3,4,0,1,0,1,0,0,0,0,0,0.1222,1
penalty,lofted,edge_box,Man-to-Man,11,6,9,2,0,0,0,1,1,0,0,0,1,0.7409,1
throw_in,outswinger,far_post,Hybrid,3,7,2,3,0,0,0,1,1,0,0,0,1,0.0919,1
throw_in,outswinger,central,Deep Zonal,4,2,10,2,0,0,1,1,0,0,0,1,0,0.1362,1
play_restart,short,near_post,Man-to-Man,8,4,9,0,1,1,0,1,0,1,0,0,0,0.1686,1
corner,short,six_yard,Hybrid,6,1,10,3,0,0,0,1,1,1,0,0,0,0.1431,0
free_kick_central,outswinger,far_post,Deep Zonal,3,3,7,4,1,1,0,1,0,0,0,0,1,0.1466,1
free_kick_wide,long,far_post,High Zonal,7,3,7,4,0,0,0,1,0,1,1,1,0,0.1026,0
free_kick_central,inswinger,edge_box,Man-to-Man,8,2,9,3,0,0,0,0,0,0,1,0,0,0.1162,1
corner,inswinger,six_yard,Man-to-Man,11,1,8,3,1,1,0,0,0,0,1,0,1,0.1579,1
corner,inswinger,far_post,Deep Zonal,6,3,6,3,1,0,0,1,1,0,0,0,0,0.1338,1
corner,straight,penalty_spot,Deep Zonal,10,1,5,4,0,0,0,1,0,1,0,0,0,0.1149,1
free_kick_wide,lofted,central,High Zonal,6,5,9,2,1,0,0,1,0,0,0,0,0,0.167,1
free_kick_wide,short,wide_channel,Man-to-Man,9,2,4,4,0,1,0,0,0,0,0,1,0,0.0539,0
throw_in,long,penalty_spot,Man-to-Man,11,2,6,1,1,0,0,1,1,1,0,0,0,0.0966,0
throw_in,outswinger,edge_box,Man-to-Man,10,1,1,1,0,0,0,1,1,0,1,1,0,0.0567,0
free_kick_wide,long,near_post,Deep Zonal,9,4,7,0,0,1,1,1,1,0,1,0,0,0.0981,1
free_kick_wide,lofted,penalty_spot,High Zonal,10,2,2,2,1,0,0,1,1,0,1,0,0,0.1661,0
corner,straight,central,Man-to-Man,4,5,1,3,0,1,1,0,1,0,0,1,1,0.2005,1
throw_in,lofted,far_post,Man-to-Man,10,7,3,2,0,1,0,1,1,0,0,0,1,0.146,0
free_kick_wide,short,edge_box,High Zonal,11,6,7,0,1,0,0,1,1,0,1,1,0,0.1096,1
corner,long,edge_box,High Zonal,11,1,9,2,0,0,0,0,1,1,1,1,0,0.089,1
free_kick_wide,outswinger,central,Deep Zonal,5,1,6,2,1,0,0,1,0,0,0,0,1,0.1133,0
free_kick_central,short,six_yard,High Zonal,6,7,7,0,0,0,0,0,0,0,0,1,1,0.194,0
corner,short,central,High Zonal,9,7,3,2,0,0,0,1,1,0,0,0,0,0.0888,1
penalty,lofted,penalty_spot,Man-to-Man,3,3,2,1,0,0,1,0,1,0,1,0,1,0.7616,1
penalty,lofted,near_post,Deep Zonal,9,4,2,2,0,0,0,1,0,0,1,1,0,0.7537,0
throw_in,straight,central,Deep Zonal,5,3,1,0,0,1,1,1,0,0,1,0,0,0.136,1
throw_in,lofted,six_yard,Man-to-Man,10,5,4,4,0,0,1,0,0,0,0,0,0,0.1121,1
throw_in,driven,near_post,High Zonal,8,2,8,1,1,0,0,1,1,1,1,0,1,0.139,1
free_kick_wide,short,wide_channel,High Zonal,6,7,1,2,0,0,0,1,0,0,1,1,0,0.0737,1
goal_kick,inswinger,central,Deep Zonal,3,3,4,0,0,0,0,0,0,0,0,1,0,0.109,1
penalty,inswinger,edge_box,Deep Zonal,9,2,7,2,1,0,0,0,1,1,1,0,0,0.7416,1
free_kick_wide,inswinger,near_post,Man-to-Man,7,3,1,1,0,0,0,1,0,1,1,0,0,0.1449,1
throw_in,inswinger,penalty_spot,High Zonal,8,7,6,0,1,0,0,1,1,0,0,0,0,0.215,1
free_kick_wide,lofted,wide_channel,Deep Zonal,3,3,4,2,0,0,1,1,0,0,0,0,0,0.0694,1
free_kick_central,outswinger,penalty_spot,Man-to-Man,6,6,10,1,1,0,1,1,1,1,0,1,0,0.2486,1
throw_in,long,central,Hybrid,9,6,5,1,1,0,0,1,1,0,0,0,0,0.1367,1
kick_off,short,edge_box,Man-to-Man,11,7,6,0,0,1,0,1,0,1,0,0,0,0.0832,1
play_restart,short,edge_box,Man-to-Man,6,2,9,3,0,0,1,1,0,0,0,0,0,0.0931,1
free_kick_central,outswinger,near_post,Hybrid,5,3,8,0,0,0,1,1,0,1,0,0,0,0.1388,1
free_kick_central,short,edge_box,Man-to-Man,9,6,6,2,0,0,0,0,0,0,0,0,0,0.1236,1
goal_kick,short,edge_box,Man-to-Man,5,1,7,2,0,1,1,1,1,0,1,0,0,0.0931,1
free_kick_wide,short,edge_box,Man-to-Man,10,1,5,3,0,0,1,0,0,0,0,1,0,0.0778,1
goal_kick,inswinger,central,Hybrid,8,1,7,2,0,0,0,0,0,1,0,0,1,0.0936,1
free_kick_central,long,far_post,Hybrid,11,1,4,3,1,0,0,0,1,0,1,0,0,0.079,1
corner,inswinger,wide_channel,High Zonal,4,6,4,4,0,1,0,1,1,0,1,1,0,0.1789,1
corner,short,penalty_spot,Deep Zonal,3,3,9,1,1,0,0,0,0,0,0,1,0,0.1591,1
goal_kick,straight,far_post,Man-to-Man,10,1,5,0,1,0,0,0,0,0,0,1,0,0.0591,0
corner,outswinger,wide_channel,Man-to-Man,5,5,6,3,0,0,0,1,1,0,0,0,0,0.097,1
corner,driven,central,Deep Zonal,6,3,2,0,0,0,1,0,0,0,0,1,0,0.1254,0
free_kick_wide,inswinger,far_post,Man-to-Man,5,1,4,1,0,0,0,0,1,1,0,0,0,0.1323,1
corner,lofted,edge_box,Deep Zonal,6,7,7,3,1,0,1,0,1,0,1,0,1,0.1182,1
free_kick_wide,driven,edge_box,Man-to-Man,11,5,6,3,1,0,0,1,0,0,0,1,0,0.1271,1
goal_kick,straight,wide_channel,Man-to-Man,9,4,4,0,0,0,0,1,1,0,0,0,0,0.0522,1
corner,outswinger,edge_box,Hybrid,3,7,1,2,1,1,0,1,0,0,0,0,0,0.1444,1
goal_kick,inswinger,central,Hybrid,10,2,6,3,0,0,0,0,0,0,0,1,0,0.0875,1
goal_kick,lofted,far_post,Man-to-Man,6,5,4,1,0,0,0,0,0,0,0,1,0,0.0652,0
free_kick_wide,short,near_post,Hybrid,9,6,10,3,0,0,0,1,1,1,0,1,0,0.1486,1
corner,inswinger,wide_channel,Hybrid,6,1,1,3,1,1,0,0,0,0,1,0,0,0.1116,1
throw_in,short,near_post,Deep Zonal,3,2,7,3,0,0,1,0,0,1,0,0,0,0.0992,1
corner,inswinger,penalty_spot,Hybrid,6,1,4,1,1,0,0,1,0,0,1,0,0,0.1397,1
free_kick_wide,short,far_post,Man-to-Man,6,4,3,1,0,0,0,0,1,0,0,1,0,0.1042,1
play_restart,short,near_post,Hybrid,3,5,8,2,0,0,1,1,0,0,1,0,1,0.1518,1
play_restart,inswinger,central,High Zonal,9,2,6,0,1,1,0,1,0,0,0,1,0,0.1703,0
goal_kick,driven,penalty_spot,Deep Zonal,10,1,1,2,1,0,0,1,0,1,1,0,1,0.0652,1
free_kick_wide,outswinger,near_post,Man-to-Man,11,4,7,4,0,0,0,1,1,0,0,0,0,0.1296,1
throw_in,short,wide_channel,Man-to-Man,5,3,2,3,1,1,0,1,1,1,1,0,1,0.1058,1
throw_in,short,wide_channel,Deep Zonal,8,1,9,4,0,0,0,1,0,0,0,0,0,0.005,1
free_kick_wide,lofted,near_post,High Zonal,7,5,3,1,0,0,0,0,0,1,0,1,1,0.1366,0
throw_in,straight,six_yard,High Zonal,8,6,8,3,0,1,0,0,0,0,1,0,0,0.1451,1
corner,lofted,central,Man-to-Man,10,3,4,3,1,1,1,0,0,0,1,0,0,0.1337,1
corner,straight,near_post,High Zonal,6,3,4,0,0,0,0,1,1,0,0,0,0,0.1054,0
free_kick_central,driven,central,High Zonal,5,2,1,1,0,0,0,0,1,0,1,0,0,0.1699,1
corner,outswinger,six_yard,Hybrid,7,3,10,2,1,0,1,0,0,0,1,0,0,0.1499,0
corner,long,edge_box,Hybrid,8,4,6,3,0,0,1,1,1,0,0,1,0,0.097,1
goal_kick,inswinger,central,High Zonal,6,7,2,3,0,0,1,1,1,1,0,1,0,0.1289,1
play_restart,lofted,edge_box,High Zonal,5,2,1,4,0,0,0,1,1,1,1,1,0,0.0929,1
penalty,lofted,edge_box,Deep Zonal,3,6,3,0,1,1,0,1,0,1,0,1,1,0.8212,1
goal_kick,straight,edge_box,Man-to-Man,8,4,5,3,0,0,0,0,1,0,0,0,0,0.034,1
play_restart,short,penalty_spot,High Zonal,3,4,1,4,0,1,0,0,0,1,0,0,1,0.1278,1
corner,short,six_yard,Hybrid,7,3,4,0,0,0,0,1,1,0,1,0,0,0.1025,0
free_kick_central,outswinger,penalty_spot,Deep Zonal,8,7,4,4,0,0,0,1,0,1,1,1,0,0.1442,1
free_kick_wide,long,near_post,Man-to-Man,7,1,9,4,0,1,0,0,1,0,0,0,0,0.1139,1
corner,long,six_yard,High Zonal,7,2,5,0,0,1,0,0,0,0,0,0,0,0.0931,1
goal_kick,short,central,Deep Zonal,5,3,2,1,0,1,1,1,0,1,0,0,0,0.1061,0
free_kick_wide,inswinger,edge_box,Man-to-Man,5,5,3,0,0,1,0,1,0,0,0,1,0,0.1147,1
free_kick_central,lofted,edge_box,Man-to-Man,10,3,9,0,0,0,1,1,0,0,1,1,1,0.1246,1
corner,inswinger,central,High Zonal,11,7,1,1,0,0,0,0,0,0,1,0,0,0.0999,0
corner,short,near_post,Deep Zonal,4,2,2,2,0,0,0,1,1,0,0,0,0,0.0763,1
kick_off,inswinger,edge_box,High Zonal,4,4,1,2,1,0,0,1,0,1,0,0,1,0.1009,0
corner,inswinger,six_yard,Deep Zonal,6,4,1,4,0,1,0,1,0,0,1,1,0,0.1757,1
corner,inswinger,six_yard,High Zonal,9,3,10,2,0,0,0,1,0,0,1,0,0,0.132,1
corner,straight,penalty_spot,Hybrid,3,1,10,0,0,0,0,1,1,1,0,0,0,0.1134,1
free_kick_central,short,central,Deep Zonal,10,6,8,3,0,1,0,1,1,0,0,0,1,0.1913,1
throw_in,short,central,Deep Zonal,3,2,1,3,1,0,0,0,1,1,0,0,1,0.0786,1
free_kick_central,long,edge_box,Man-to-Man,10,1,7,2,1,0,0,1,1,0,1,0,0,0.1436,1
corner,long,far_post,High Zonal,3,4,8,3,0,1,1,0,0,1,1,0,0,0.1388,1
corner,inswinger,edge_box,High Zonal,10,2,8,0,0,0,1,0,0,0,0,0,0,0.0904,1
goal_kick,inswinger,central,Hybrid,11,5,8,3,0,0,1,1,1,1,0,0,0,0.1245,1
throw_in,short,near_post,Man-to-Man,10,6,7,1,0,0,0,1,1,0,1,1,0,0.0902,1
throw_in,long,penalty_spot,High Zonal,11,2,5,0,0,0,0,1,1,0,0,0,0,0.0595,1
throw_in,short,penalty_spot,Deep Zonal,7,1,1,2,0,0,0,1,1,0,0,0,1,0.0654,1
goal_kick,outswinger,penalty_spot,Hybrid,8,1,9,1,1,0,1,0,0,0,1,0,0,0.094,1
corner,driven,central,High Zonal,8,1,10,2,0,0,0,0,0,1,0,0,0,0.1388,0
free_kick_wide,inswinger,six_yard,Deep Zonal,3,4,6,2,0,0,0,1,1,0,0,1,0,0.2081,1
free_kick_central,short,far_post,High Zonal,10,3,5,4,0,0,0,0,1,1,0,1,0,0.1157,1
free_kick_wide,inswinger,edge_box,Man-to-Man,9,6,10,2,0,1,0,0,0,0,1,0,0,0.1733,1
goal_kick,long,penalty_spot,Man-to-Man,6,3,5,0,0,0,0,1,1,0,1,1,0,0.0903,0
free_kick_central,straight,far_post,Man-to-Man,4,5,4,2,0,0,1,1,0,0,1,0,0,0.163,1
goal_kick,long,edge_box,Deep Zonal,9,4,9,4,0,0,0,0,0,0,0,1,0,0.0362,1
goal_kick,inswinger,penalty_spot,Deep Zonal,11,3,10,1,0,1,1,1,1,0,0,0,0,0.126,1
free_kick_central,short,far_post,Man-to-Man,4,6,3,1,1,1,1,0,0,0,1,0,0,0.1337,1
kick_off,inswinger,penalty_spot,Hybrid,11,4,3,0,0,1,1,1,0,1,0,1,0,0.138,0
throw_in,long,near_post,Hybrid,8,4,4,3,0,1,0,1,0,1,0,0,1,0.1205,1
goal_kick,inswinger,wide_channel,Hybrid,10,4,2,0,0,1,1,1,0,1,0,0,1,0.0804,1
free_kick_wide,inswinger,central,High Zonal,4,5,9,1,0,0,1,1,0,1,0,0,0,0.1625,1
free_kick_central,long,central,Deep Zonal,3,3,10,0,1,0,1,1,0,0,0,1,0,0.1814,1
free_kick_central,inswinger,edge_box,Deep Zonal,8,1,6,1,1,0,0,1,1,1,0,0,0,0.1258,1
corner,outswinger,central,Hybrid,5,3,8,4,0,1,0,0,0,0,0,0,0,0.1695,1
free_kick_wide,driven,wide_channel,Deep Zonal,6,3,5,2,0,1,0,1,0,0,0,1,0,0.0747,1
kick_off,driven,far_post,High Zonal,8,7,10,0,0,0,0,1,1,0,0,0,0,0.1294,1
throw_in,driven,central,Deep Zonal,5,7,10,3,0,0,1,0,1,0,0,0,1,0.1841,1
corner,outswinger,near_post,High Zonal,6,2,8,1,1,0,0,0,1,0,0,0,0,0.1288,1
free_kick_wide,short,near_post,Deep Zonal,6,3,9,0,0,1,1,0,0,0,0,0,0,0.1242,0
corner,driven,near_post,Deep Zonal,6,4,2,0,1,0,0,1,1,0,0,0,0,0.1094,1
corner,inswinger,near_post,Man-to-Man,9,2,9,1,0,0,0,1,1,0,0,0,0,0.1025,0
play_restart,long,central,High Zonal,4,1,5,0,0,0,1,1,0,0,1,1,1,0.1272,1
free_kick_central,inswinger,central,Man-to-Man,11,7,3,2,0,0,0,1,0,1,0,1,0,0.1546,0
free_kick_wide,lofted,far_post,Man-to-Man,9,5,10,2,1,1,1,1,0,0,0,0,0,0.1912,1
throw_in,short,central,Man-to-Man,3,3,9,3,0,0,1,0,1,0,0,0,0,0.1599,1
corner,straight,near_post,Hybrid,8,2,2,1,1,0,1,0,0,0,1,0,0,0.0883,1
corner,straight,near_post,High Zonal,4,4,7,0,0,0,0,0,1,0,1,1,0,0.1224,0
throw_in,inswinger,central,High Zonal,4,2,9,0,0,0,1,1,0,1,1,0,1,0.175,0
throw_in,outswinger,central,Deep Zonal,9,2,7,0,0,0,0,0,1,0,0,0,0,0.0679,1
play_restart,long,near_post,Man-to-Man,5,7,5,1,0,0,0,0,1,0,0,0,1,0.066,1
throw_in,short,central,Hybrid,8,5,1,3,1,0,0,1,0,0,1,0,0,0.0652,1
free_kick_central,short,wide_channel,High Zonal,5,3,5,2,0,0,0,1,0,1,0,0,0,0.1027,1
goal_kick,inswinger,central,Deep Zonal,5,2,6,1,0,1,0,0,0,0,1,1,0,0.086,1
kick_off,long,near_post,Man-to-Man,9,6,9,1,0,0,1,1,1,1,1,1,0,0.1577,1
throw_in,straight,edge_box,Man-to-Man,8,5,3,0,1,0,0,1,0,1,0,0,0,0.0593,1
play_restart,inswinger,far_post,Man-to-Man,3,6,3,0,0,1,0,0,1,0,0,1,0,0.148,1
goal_kick,lofted,near_post,Man-to-Man,10,6,10,1,0,1,1,1,0,0,0,0,0,0.13,1
kick_off,short,edge_box,High Zonal,8,3,9,2,1,0,1,1,1,1,1,0,0,0.0801,1
corner,short,edge_box,Deep Zonal,5,5,6,2,0,0,1,1,0,0,0,0,0,0.0902,1
throw_in,lofted,wide_channel,Man-to-Man,4,3,5,4,1,0,1,0,0,0,0,1,0,0.0746,1
free_kick_central,straight,wide_channel,High Zonal,7,1,7,4,1,1,1,0,1,0,0,1,0,0.1578,0
penalty,lofted,penalty_spot,Hybrid,9,1,2,1,0,0,0,0,1,0,0,0,0,0.7981,1
throw_in,long,edge_box,Man-to-Man,3,1,3,3,0,0,0,0,0,0,0,0,1,0.0285,1
play_restart,short,far_post,Man-to-Man,5,7,6,0,1,1,0,0,1,0,0,0,0,0.0985,1
play_restart,outswinger,six_yard,Man-to-Man,11,6,5,3,1,0,0,1,0,0,0,0,0,0.1522,1
corner,inswinger,penalty_spot,Hybrid,3,3,2,4,0,1,0,1,1,0,0,0,0,0.1781,1
throw_in,straight,central,High Zonal,10,7,6,3,1,1,0,0,1,1,1,0,1,0.1484,1
goal_kick,inswinger,near_post,Hybrid,5,6,7,2,0,1,1,1,1,1,0,1,0,0.1579,1
free_kick_wide,inswinger,penalty_spot,High Zonal,7,1,9,1,0,0,0,0,1,0,0,0,0,0.143,1
corner,short,far_post,Hybrid,9,2,7,4,1,1,1,1,0,0,1,1,1,0.1508,1
corner,long,six_yard,High Zonal,11,3,7,4,0,1,0,1,0,1,0,1,0,0.1376,1
goal_kick,inswinger,central,Deep Zonal,8,6,6,3,1,0,0,1,1,0,0,0,0,0.0951,1
free_kick_central,long,six_yard,Man-to-Man,4,5,2,0,0,0,1,0,0,1,0,0,0,0.1689,1
play_restart,lofted,near_post,Man-to-Man,3,3,4,4,0,0,0,0,1,0,1,0,0,0.0849,1
free_kick_central,long,penalty_spot,High Zonal,9,6,5,4,1,0,0,1,0,0,0,0,0,0.1708,0
play_restart,driven,far_post,Deep Zonal,8,3,6,1,0,0,0,1,0,0,0,0,0,0.0911,1
free_kick_wide,long,central,Hybrid,9,7,3,1,1,1,0,0,0,0,1,0,0,0.112,1
goal_kick,outswinger,far_post,High Zonal,11,6,8,3,1,0,0,1,0,1,1,0,0,0.0783,1
corner,straight,central,Hybrid,10,5,6,3,1,0,0,1,0,0,1,0,0,0.1384,1
penalty,lofted,central,Man-to-Man,7,1,4,3,1,0,0,1,1,0,0,1,0,0.7764,1
goal_kick,long,six_yard,Hybrid,9,2,5,4,1,1,1,1,0,0,0,0,0,0.1414,1
play_restart,driven,central,Hybrid,8,7,8,1,0,0,0,1,1,0,0,1,0,0.1623,1
goal_kick,lofted,edge_box,High Zonal,4,6,1,4,0,0,0,1,0,1,0,0,0,0.0911,0
corner,outswinger,edge_box,Hybrid,5,2,4,2,0,1,0,1,0,0,0,0,1,0.1329,1
free_kick_wide,outswinger,near_post,Deep Zonal,3,7,3,4,1,0,0,1,0,0,1,0,0,0.1515,1
corner,short,six_yard,Deep Zonal,6,3,4,1,1,0,0,1,0,0,0,0,1,0.1072,1
corner,inswinger,edge_box,Hybrid,4,3,7,4,0,1,0,1,0,1,0,0,0,0.1868,1
throw_in,short,edge_box,Deep Zonal,11,3,3,3,1,1,0,1,0,0,0,0,0,0.0187,0
throw_in,driven,six_yard,Man-to-Man,10,4,6,2,0,0,0,0,0,0,1,1,0,0.1072,1
goal_kick,short,penalty_spot,Man-to-Man,9,6,4,4,1,1,0,0,1,1,0,1,0,0.1433,1
kick_off,outswinger,wide_channel,Deep Zonal,6,2,1,1,0,1,0,0,0,1,0,0,1,0.0743,0
throw_in,long,near_post,Hybrid,3,7,9,3,0,1,0,1,1,1,0,0,0,0.1762,1
goal_kick,inswinger,near_post,Hybrid,7,3,6,2,1,0,1,1,0,0,0,0,0,0.12,1
corner,driven,edge_box,Man-to-Man,3,7,3,0,0,0,0,0,1,0,1,0,0,0.1391,1
corner,inswinger,central,Man-to-Man,3,7,6,1,1,0,1,1,0,0,1,1,1,0.2005,1
throw_in,driven,penalty_spot,High Zonal,4,4,10,4,1,0,0,1,1,0,0,0,0,0.1653,1
goal_kick,straight,far_post,Man-to-Man,7,1,2,2,1,0,0,1,1,0,0,1,0,0.1209,1
corner,straight,central,Hybrid,9,5,9,4,1,0,0,0,0,0,0,0,0,0.1625,1
free_kick_central,short,six_yard,Hybrid,6,6,1,0,1,0,1,1,0,0,0,0,0,0.1631,1
throw_in,outswinger,near_post,Man-to-Man,9,7,9,3,0,0,1,1,1,0,0,0,1,0.1301,1
corner,straight,central,Hybrid,7,1,4,4,0,0,0,1,0,0,0,0,1,0.112,0
free_kick_wide,driven,edge_box,Hybrid,11,6,3,4,0,1,0,1,0,1,0,0,0,0.1337,1
kick_off,driven,edge_box,Man-to-Man,6,3,8,3,0,1,0,0,1,0,1,0,1,0.122,0
throw_in,inswinger,six_yard,Hybrid,5,6,2,2,1,0,0,1,0,0,0,1,0,0.1296,1
corner,long,central,High Zonal,3,5,2,0,1,1,0,0,1,0,0,0,0,0.1682,0
goal_kick,driven,six_yard,Man-to-Man,4,7,5,1,0,1,0,0,0,0,0,0,0,0.1522,1
free_kick_wide,driven,penalty_spot,Man-to-Man,3,1,10,3,1,0,0,1,0,0,1,0,0,0.2233,1
goal_kick,straight,six_yard,Deep Zonal,4,4,4,4,0,0,0,1,0,0,0,0,1,0.0817,1
corner,inswinger,near_post,Man-to-Man,11,5,6,3,1,0,0,1,0,0,1,0,1,0.1357,0
throw_in,lofted,central,Hybrid,7,3,4,3,0,1,0,0,0,0,0,0,1,0.1236,1
free_kick_wide,straight,far_post,Man-to-Man,8,3,8,4,0,0,1,1,1,0,0,0,1,0.1228,1
corner,straight,penalty_spot,Deep Zonal,6,3,9,1,0,1,0,1,0,0,0,0,0,0.1419,1
kick_off,long,near_post,Deep Zonal,8,6,10,1,1,0,1,1,1,1,1,0,0,0.1454,1
corner,outswinger,penalty_spot,Man-to-Man,8,2,3,0,0,0,0,1,0,0,1,0,0,0.1278,0
corner,driven,edge_box,Man-to-Man,11,7,3,3,0,0,0,1,0,0,0,1,0,0.1082,1
free_kick_wide,inswinger,central,Deep Zonal,10,2,10,0,0,0,0,1,0,0,0,0,1,0.1534,1
throw_in,long,far_post,Man-to-Man,7,3,6,1,0,1,0,1,0,0,0,0,1,0.1069,1
goal_kick,lofted,central,Deep Zonal,10,7,4,0,0,0,0,0,0,0,1,1,0,0.109,1
play_restart,lofted,six_yard,Hybrid,8,1,4,4,0,0,0,1,0,0,0,0,1,0.1208,1
corner,lofted,penalty_spot,Man-to-Man,11,3,2,1,0,1,1,0,1,0,1,1,1,0.152,0
free_kick_wide,driven,penalty_spot,Hybrid,7,6,1,4,0,0,1,1,1,1,0,1,1,0.1937,1
corner,outswinger,wide_channel,Deep Zonal,10,3,4,1,0,0,0,1,0,0,0,1,1,0.0632,0
penalty,lofted,edge_box,Deep Zonal,4,2,8,0,0,0,0,1,0,0,1,0,1,0.8017,1
play_restart,lofted,central,Deep Zonal,4,1,7,4,0,0,0,1,0,0,1,0,0,0.1281,1
throw_in,short,penalty_spot,Man-to-Man,5,2,1,1,1,1,0,1,0,0,0,0,0,0.1082,1
throw_in,straight,wide_channel,Man-to-Man,10,2,1,3,0,0,0,0,0,1,0,0,0,0.0426,1
free_kick_wide,inswinger,near_post,Man-to-Man,10,7,9,0,0,0,0,1,1,0,1,0,1,0.1594,1
kick_off,short,penalty_spot,Hybrid,6,4,8,0,0,0,0,0,1,0,0,0,0,0.0812,1
free_kick_central,long,near_post,Man-to-Man,6,2,8,1,1,0,1,1,0,1,0,1,0,0.2086,1
corner,straight,six_yard,Hybrid,7,6,9,3,1,1,0,0,1,1,0,1,0,0.2128,1
free_kick_wide,straight,penalty_spot,High Zonal,4,5,7,0,0,0,1,1,0,0,0,1,0,0.1672,1
corner,short,wide_channel,Deep Zonal,7,3,4,3,0,0,1,0,0,0,0,0,1,0.0283,1
corner,inswinger,edge_box,Man-to-Man,10,2,6,3,0,1,0,0,0,0,0,0,0,0.0983,1
corner,lofted,near_post,Deep Zonal,9,2,7,0,0,0,1,0,1,1,1,0,1,0.1153,1
free_kick_central,outswinger,far_post,Man-to-Man,3,5,9,2,0,1,0,0,1,0,0,1,0,0.2183,1
throw_in,inswinger,wide_channel,Man-to-Man,6,6,6,4,0,0,0,1,1,0,0,0,0,0.0594,1
free_kick_wide,inswinger,central,Deep Zonal,8,5,1,2,0,0,0,1,0,0,0,1,0,0.1393,1
free_kick_wide,driven,near_post,Man-to-Man,8,4,7,3,0,0,0,1,0,0,0,0,0,0.1209,1
play_restart,driven,edge_box,Hybrid,9,4,8,3,0,1,0,0,1,0,0,0,0,0.1064,1
goal_kick,inswinger,far_post,Man-to-Man,9,7,10,2,0,0,0,1,1,0,0,1,1,0.1346,0
penalty,inswinger,near_post,Hybrid,5,4,2,3,0,1,1,1,1,1,0,0,0,0.7211,1
corner,straight,central,High Zonal,7,5,9,4,1,1,0,1,1,1,0,0,0,0.1735,1
kick_off,inswinger,central,Hybrid,4,2,1,1,0,0,0,1,0,0,0,0,0,0.0599,0
corner,long,edge_box,Hybrid,9,4,8,0,0,0,1,1,0,0,1,0,1,0.1138,1
free_kick_wide,inswinger,far_post,Hybrid,7,1,4,3,1,1,0,0,0,1,0,0,1,0.1589,1
kick_off,short,far_post,Man-to-Man,6,4,2,1,0,0,1,1,1,0,0,0,0,0.0884,0
free_kick_central,straight,six_yard,Deep Zonal,9,6,4,3,0,1,1,1,0,0,0,0,0,0.15,1
goal_kick,straight,central,Man-to-Man,11,5,6,0,0,0,0,0,0,0,0,0,0,0.1062,0
throw_in,straight,edge_box,Hybrid,10,7,2,1,0,1,0,1,1,0,0,0,0,0.083,1
throw_in,inswinger,central,Hybrid,4,3,6,3,0,0,0,0,0,1,1,0,0,0.1138,1
corner,outswinger,far_post,Hybrid,10,6,8,0,1,0,1,1,0,1,0,0,1,0.1571,0
corner,inswinger,penalty_spot,Hybrid,8,6,9,2,0,1,0,1,1,0,1,0,0,0.1897,1
free_kick_wide,inswinger,edge_box,Man-to-Man,3,5,6,3,1,0,0,0,1,1,1,0,0,0.1439,1
corner,lofted,wide_channel,Deep Zonal,6,6,7,2,0,1,0,1,1,0,0,0,0,0.1248,1
kick_off,outswinger,central,High Zonal,5,4,10,0,0,0,0,0,0,0,1,0,0,0.0972,1
corner,outswinger,near_post,Hybrid,5,3,1,3,0,1,0,1,0,1,0,1,1,0.1487,1
penalty,inswinger,far_post,High Zonal,8,5,8,0,0,0,0,0,1,0,0,0,1,0.7633,1
goal_kick,long,penalty_spot,High Zonal,6,3,10,2,1,0,1,1,0,0,0,0,0,0.149,1
goal_kick,lofted,central,Deep Zonal,9,5,9,2,1,0,0,1,0,0,0,0,0,0.1239,0
free_kick_wide,driven,six_yard,Man-to-Man,10,7,10,2,0,0,1,1,1,1,1,0,0,0.1787,1
free_kick_central,short,edge_box,Man-to-Man,3,1,10,4,1,1,0,0,0,0,0,0,0,0.1586,1
play_restart,driven,far_post,Deep Zonal,10,5,6,4,0,0,0,1,0,1,0,1,1,0.1059,1
throw_in,straight,far_post,Man-to-Man,4,3,9,3,1,0,0,0,0,0,0,0,0,0.1076,1
goal_kick,driven,near_post,Hybrid,3,1,4,2,0,1,0,0,0,0,1,0,0,0.0122,1
kick_off,driven,penalty_spot,Hybrid,3,2,2,3,1,0,1,0,0,1,1,0,0,0.1319,1
goal_kick,inswinger,penalty_spot,Hybrid,3,6,1,0,0,0,1,0,0,1,0,0,0,0.1465,1
corner,straight,six_yard,Hybrid,6,3,2,1,0,0,0,1,1,0,0,0,0,0.1315,1
penalty,outswinger,far_post,High Zonal,10,1,8,2,1,0,0,1,0,0,0,0,1,0.7185,0
corner,inswinger,near_post,High Zonal,9,6,5,4,0,0,0,1,0,0,0,0,0,0.1053,0
throw_in,driven,central,High Zonal,6,2,9,1,0,0,0,0,1,0,0,0,1,0.1161,1
play_restart,inswinger,near_post,High Zonal,11,3,4,2,1,1,0,1,0,0,1,0,0,0.113,1
free_kick_central,long,wide_channel,Hybrid,7,2,8,4,0,1,0,0,1,0,1,1,0,0.131,1
free_kick_wide,lofted,edge_box,Man-to-Man,3,6,9,4,0,1,1,1,0,0,0,0,0,0.1687,1
corner,straight,six_yard,Hybrid,3,7,4,0,1,0,0,1,1,0,0,1,0,0.1733,1
play_restart,straight,six_yard,Deep Zonal,7,7,6,2,0,0,0,0,0,0,0,0,0,0.1013,1
corner,short,near_post,Hybrid,5,1,6,3,0,0,1,1,0,1,0,0,0,0.1131,1
corner,driven,edge_box,Hybrid,6,7,9,3,0,1,1,1,0,0,1,1,0,0.1493,1
corner,outswinger,edge_box,High Zonal,5,5,4,4,0,0,1,1,1,0,0,0,0,0.1252,1
corner,outswinger,central,Hybrid,6,6,4,4,1,0,0,1,0,0,1,1,0,0.1208,1
free_kick_central,short,far_post,High Zonal,11,1,8,1,0,1,0,1,1,0,0,0,0,0.1418,0
free_kick_central,lofted,edge_box,Deep Zonal,3,6,10,4,0,0,0,1,0,0,1,0,0,0.1561,1
free_kick_wide,outswinger,six_yard,High Zonal,3,3,1,2,0,0,1,0,0,1,0,0,1,0.1576,0
corner,straight,near_post,Man-to-Man,5,3,1,0,0,0,0,1,1,0,0,1,0,0.109,1
corner,lofted,six_yard,High Zonal,9,7,10,1,1,0,1,1,1,0,1,1,0,0.2291,1
free_kick_wide,inswinger,wide_channel,Hybrid,5,6,5,1,1,0,0,0,0,0,1,0,0,0.1003,1
corner,inswinger,wide_channel,Deep Zonal,5,4,6,4,0,0,0,0,0,0,0,0,1,0.0535,1
throw_in,short,near_post,Hybrid,9,5,10,3,0,0,0,1,1,1,0,0,1,0.1031,1
corner,inswinger,central,Deep Zonal,8,3,4,1,1,1,0,0,0,0,1,0,0,0.1048,0
free_kick_wide,inswinger,edge_box,Man-to-Man,8,7,5,0,0,1,0,1,0,0,0,0,0,0.0789,0
free_kick_wide,short,central,Man-to-Man,8,1,9,1,0,0,0,1,1,1,0,1,0,0.1859,1
free_kick_wide,long,near_post,Hybrid,8,5,8,1,0,0,0,1,0,1,0,0,0,0.109,1
corner,short,edge_box,Deep Zonal,7,1,7,2,0,0,0,1,1,0,0,0,0,0.0902,1
corner,straight,near_post,Man-to-Man,7,4,4,0,1,0,0,0,0,0,0,0,1,0.1246,0
kick_off,short,far_post,Deep Zonal,9,4,8,2,1,1,1,0,0,1,0,0,1,0.1229,0
corner,short,wide_channel,High Zonal,6,6,9,2,0,0,1,0,0,0,1,0,1,0.0891,1
free_kick_central,driven,far_post,Hybrid,5,7,10,3,1,0,1,0,0,0,1,0,1,0.2388,1
free_kick_central,driven,wide_channel,Man-to-Man,5,6,7,2,1,1,0,1,1,0,0,1,0,0.1794,0
free_kick_wide,long,far_post,Deep Zonal,10,7,9,3,0,1,0,1,1,1,0,0,1,0.154,1
free_kick_wide,driven,central,Hybrid,3,1,9,0,1,0,0,1,0,0,1,0,0,0.1562,1
goal_kick,driven,near_post,Hybrid,4,4,8,0,0,0,0,1,0,0,0,1,0,0.1308,1
goal_kick,inswinger,central,Hybrid,4,5,6,2,0,1,0,1,0,0,0,1,0,0.158,1
corner,lofted,central,Deep Zonal,6,1,5,4,1,0,0,1,0,1,0,1,0,0.0911,1
free_kick_wide,driven,six_yard,High Zonal,4,5,7,1,1,1,0,0,0,1,0,0,0,0.1963,1
corner,outswinger,wide_channel,Deep Zonal,7,1,9,3,0,0,0,1,1,0,1,1,0,0.1128,1
free_kick_central,inswinger,near_post,Deep Zonal,11,5,6,4,0,0,0,0,1,0,0,0,0,0.1048,1
throw_in,short,near_post,High Zonal,6,2,7,0,0,0,0,1,0,1,0,0,0,0.0791,0
corner,straight,penalty_spot,Man-to-Man,11,7,6,0,1,0,0,0,1,0,0,1,0,0.1603,1
free_kick_wide,long,far_post,Deep Zonal,5,3,7,3,0,0,0,1,1,1,1,1,1,0.1244,1
play_restart,short,central,Hybrid,9,5,7,4,0,0,1,0,0,0,0,1,1,0.1306,1
corner,inswinger,central,High Zonal,4,5,1,3,1,0,1,1,1,0,0,0,0,0.1615,1
free_kick_central,outswinger,central,Man-to-Man,8,7,2,4,1,0,0,1,0,0,1,1,1,0.1896,1
throw_in,driven,far_post,Man-to-Man,9,3,1,0,0,1,0,0,0,0,0,0,1,0.0959,0
corner,inswinger,near_post,High Zonal,9,3,8,2,1,0,0,1,0,0,0,0,1,0.1409,1
corner,long,edge_box,Deep Zonal,11,5,9,3,0,0,1,1,0,0,0,0,0,0.1011,1
corner,outswinger,central,Hybrid,8,1,4,3,1,0,0,1,0,0,0,0,0,0.1059,1
kick_off,straight,far_post,Deep Zonal,8,4,1,0,0,1,1,1,1,1,1,0,0,0.0755,0
corner,short,far_post,Man-to-Man,8,3,1,0,1,0,0,1,1,0,1,1,0,0.1046,0
corner,outswinger,central,Man-to-Man,6,7,5,4,1,0,0,1,1,0,1,0,0,0.1753,1
corner,long,six_yard,Hybrid,4,4,7,1,1,0,1,1,0,0,1,0,0,0.1695,1
corner,long,edge_box,Man-to-Man,11,6,4,0,0,1,1,1,1,0,1,1,0,0.1295,0
throw_in,inswinger,six_yard,Hybrid,11,6,7,0,1,0,0,1,1,0,1,0,0,0.1451,1
corner,straight,far_post,Hybrid,11,2,2,0,0,0,0,0,0,1,0,0,0,0.056,0
penalty,long,far_post,High Zonal,9,5,8,2,0,0,1,0,0,0,0,0,0,0.7627,0
throw_in,long,central,Hybrid,5,5,4,2,1,1,1,1,1,0,0,0,1,0.1642,1
goal_kick,short,penalty_spot,Hybrid,5,4,10,4,1,0,1,0,0,1,0,0,1,0.1667,1
corner,driven,penalty_spot,High Zonal,5,2,8,2,0,0,0,0,1,0,0,1,0,0.1535,1
goal_kick,inswinger,far_post,Deep Zonal,7,4,5,0,0,0,0,0,0,0,0,0,0,0.0995,0
throw_in,inswinger,near_post,Deep Zonal,5,1,10,2,0,0,0,0,0,0,0,0,1,0.1153,1
corner,long,central,Hybrid,10,7,10,2,0,0,0,1,0,0,0,0,0,0.1705,0
goal_kick,long,near_post,Deep Zonal,3,1,2,1,0,1,0,0,0,1,0,0,0,0.0686,0
goal_kick,driven,central,High Zonal,11,1,6,3,1,1,0,1,0,1,1,1,0,0.1084,1
corner,inswinger,penalty_spot,High Zonal,7,1,7,4,0,0,0,1,0,0,1,0,0,0.0845,1
kick_off,short,wide_channel,Hybrid,6,2,4,2,0,0,0,1,1,0,0,1,0,0.0203,1
free_kick_central,long,near_post,High Zonal,7,2,10,3,0,0,1,1,1,1,1,1,1,0.1915,1
throw_in,outswinger,near_post,Deep Zonal,7,5,7,2,0,0,0,0,1,1,0,0,1,0.1318,1
play_restart,short,central,Man-to-Man,7,1,8,3,0,0,1,0,0,0,0,0,0,0.0874,1
free_kick_wide,short,near_post,High Zonal,5,5,2,2,1,0,0,0,0,1,0,1,0,0.1115,1
goal_kick,outswinger,edge_box,High Zonal,5,3,10,1,0,1,1,0,0,0,0,1,1,0.1378,0
free_kick_wide,straight,near_post,Hybrid,6,3,10,2,0,0,0,1,1,0,1,0,0,0.093,0
goal_kick,outswinger,wide_channel,Deep Zonal,4,4,10,1,0,0,0,0,0,1,0,1,1,0.1005,1
throw_in,lofted,six_yard,Deep Zonal,5,1,5,0,1,0,1,1,0,0,0,1,0,0.1455,1
corner,outswinger,far_post,Hybrid,6,4,10,3,0,0,0,1,1,0,1,0,1,0.1737,1
free_kick_wide,inswinger,wide_channel,High Zonal,3,4,1,2,0,0,0,1,1,0,0,0,0,0.1117,1
free_kick_wide,inswinger,penalty_spot,Deep Zonal,6,6,3,3,1,0,1,0,0,0,1,1,0,0.1617,0
corner,inswinger,wide_channel,Hybrid,6,2,7,2,0,0,0,1,1,0,0,0,0,0.1074,1
corner,inswinger,central,Hybrid,3,1,8,4,0,1,0,0,0,0,0,0,1,0.18,0
free_kick_wide,short,wide_channel,Deep Zonal,7,1,2,0,1,1,0,1,0,0,0,0,0,0.0866,0
corner,inswinger,central,Hybrid,8,7,3,0,0,0,0,1,1,0,0,1,0,0.1481,0
corner,outswinger,central,Man-to-Man,10,3,1,2,1,0,1,0,1,0,0,0,0,0.1174,0
throw_in,inswinger,wide_channel,Man-to-Man,6,2,2,4,0,1,1,0,0,1,1,1,1,0.0873,1
throw_in,straight,central,Hybrid,7,1,1,2,0,0,0,0,0,0,1,0,0,0.0652,1
throw_in,inswinger,central,Man-to-Man,3,2,10,2,0,0,0,1,0,0,0,0,0,0.1569,0
free_kick_wide,short,near_post,Deep Zonal,5,4,9,2,0,1,0,1,1,0,0,0,0,0.1252,1
kick_off,long,near_post,Man-to-Man,8,7,7,1,0,1,1,1,0,0,1,0,0,0.1241,1
throw_in,long,central,High Zonal,7,6,1,2,0,0,0,1,0,0,0,0,0,0.1411,1
corner,outswinger,far_post,Deep Zonal,11,6,8,4,0,0,0,1,0,1,0,1,1,0.1409,1
corner,driven,penalty_spot,Man-to-Man,10,1,6,2,0,1,1,1,0,1,1,1,0,0.2121,1
throw_in,long,six_yard,Deep Zonal,11,5,8,2,0,0,1,1,0,0,1,0,0,0.1163,1
corner,inswinger,near_post,Man-to-Man,7,4,5,3,0,0,1,0,0,1,0,1,0,0.1686,1
free_kick_central,straight,six_yard,Deep Zonal,3,2,1,3,0,0,0,1,0,0,0,1,0,0.1273,1
play_restart,long,penalty_spot,High Zonal,7,4,10,1,1,0,0,1,1,1,0,0,0,0.1905,1
corner,outswinger,edge_box,High Zonal,11,5,9,2,1,1,0,1,0,0,1,0,0,0.1384,1
corner,straight,edge_box,Man-to-Man,4,1,10,2,0,0,0,1,0,0,1,0,0,0.1354,1
play_restart,short,wide_channel,High Zonal,11,7,7,1,0,0,1,1,1,1,1,0,0,0.0872,1
throw_in,inswinger,near_post,Deep Zonal,3,6,10,2,0,0,1,0,1,0,0,0,1,0.1246,1
corner,lofted,penalty_spot,Man-to-Man,8,7,1,0,0,0,1,1,0,0,0,0,0,0.135,1
kick_off,inswinger,wide_channel,High Zonal,11,1,5,2,0,1,0,0,1,1,0,0,1,0.0988,0
kick_off,inswinger,edge_box,Deep Zonal,4,1,4,1,1,1,0,1,0,1,0,0,0,0.0753,1
free_kick_central,inswinger,near_post,Deep Zonal,5,7,5,4,1,0,1,0,0,0,0,1,1,0.1879,1
throw_in,straight,penalty_spot,Deep Zonal,10,7,1,3,0,1,0,1,1,0,1,0,0,0.108,0
corner,driven,edge_box,Hybrid,6,5,9,3,0,0,0,1,1,1,0,0,0,0.1588,1
corner,driven,central,Hybrid,8,2,3,1,0,0,1,1,1,0,0,0,0,0.0978,1
throw_in,lofted,penalty_spot,Deep Zonal,4,3,2,0,0,0,0,1,1,0,1,0,1,0.1036,1
corner,short,six_yard,Hybrid,9,6,2,1,1,0,0,1,1,0,0,0,0,0.0965,1
throw_in,straight,far_post,High Zonal,7,7,2,2,0,0,0,1,1,0,1,1,0,0.0855,1
goal_kick,straight,central,Deep Zonal,7,5,7,2,0,0,0,1,0,0,0,1,0,0.1133,1
corner,inswinger,penalty_spot,Hybrid,9,3,10,0,1,0,1,1,1,0,1,0,1,0.1563,1
throw_in,lofted,penalty_spot,High Zonal,7,6,1,1,0,1,0,1,1,0,0,0,0,0.1205,1
corner,straight,far_post,Deep Zonal,9,2,1,3,1,1,0,0,1,0,0,0,0,0.0685,1
kick_off,straight,edge_box,Hybrid,6,1,9,4,0,1,1,0,0,0,0,0,0,0.0744,1
corner,short,far_post,Hybrid,10,3,4,4,0,0,0,0,0,0,0,0,0,0.0397,1
throw_in,driven,six_yard,Hybrid,8,4,2,2,0,0,0,0,1,0,0,1,1,0.1115,0
penalty,outswinger,edge_box,Hybrid,5,5,2,3,1,0,0,1,1,0,1,0,0,0.7598,1
free_kick_wide,long,six_yard,Hybrid,10,5,7,3,0,0,0,1,0,0,0,1,0,0.0932,1
throw_in,long,far_post,Deep Zonal,5,6,1,1,0,0,0,1,0,0,1,0,0,0.0695,1
throw_in,driven,central,Deep Zonal,11,2,5,1,0,0,0,0,1,1,0,1,1,0.0888,0
penalty,inswinger,edge_box,Deep Zonal,11,5,10,0,1,0,1,0,1,0,1,0,0,0.7721,0
goal_kick,inswinger,near_post,High Zonal,8,1,5,0,0,0,0,0,1,0,1,0,0,0.0619,1
play_restart,straight,far_post,High Zonal,7,7,2,1,1,1,0,1,0,0,0,1,0,0.1424,1
free_kick_wide,driven,near_post,Hybrid,5,4,8,1,1,0,0,1,0,0,0,0,1,0.1481,0
free_kick_central,lofted,far_post,High Zonal,10,7,5,2,0,0,0,1,1,1,0,0,1,0.1878,1
corner,short,edge_box,Man-to-Man,5,7,4,4,1,0,0,1,1,1,0,1,0,0.1758,1
goal_kick,outswinger,far_post,High Zonal,8,2,3,4,0,0,0,1,0,0,1,0,0,0.0472,1
free_kick_central,inswinger,far_post,Man-to-Man,10,1,8,0,1,0,0,0,0,1,1,0,0,0.1536,0
free_kick_wide,short,near_post,Deep Zonal,4,7,5,2,0,0,0,0,0,0,0,1,0,0.109,1
corner,outswinger,central,High Zonal,4,4,5,2,0,0,0,1,0,1,0,0,0,0.155,0
kick_off,short,far_post,Deep Zonal,11,1,8,4,1,0,1,0,0,0,1,0,1,0.0059,1
free_kick_wide,driven,six_yard,Man-to-Man,11,5,4,2,0,0,0,1,0,0,0,1,1,0.0841,1
throw_in,straight,six_yard,Hybrid,5,7,7,1,0,0,1,1,1,1,0,0,0,0.1687,1
corner,straight,wide_channel,Deep Zonal,5,5,2,3,0,1,1,0,1,1,0,0,1,0.1356,1
play_restart,inswinger,near_post,Deep Zonal,8,2,6,0,0,1,1,0,0,0,0,0,1,0.1063,0
corner,outswinger,central,Man-to-Man,8,3,5,0,0,0,0,0,0,0,0,1,0,0.1311,0
corner,long,far_post,Deep Zonal,5,2,6,3,1,1,1,1,0,0,0,0,1,0.1444,1
goal_kick,straight,penalty_spot,High Zonal,4,4,4,1,0,0,0,1,0,0,0,0,0,0.1155,0
kick_off,inswinger,edge_box,High Zonal,8,3,2,1,0,0,0,0,1,0,1,0,0,0.0697,1
corner,inswinger,edge_box,Deep Zonal,5,3,10,4,1,0,1,1,0,1,0,0,0,0.1353,1
free_kick_central,inswinger,far_post,Deep Zonal,7,2,5,1,0,0,0,0,1,1,1,0,0,0.1433,1
throw_in,long,penalty_spot,High Zonal,9,1,8,0,1,1,1,1,0,0,0,0,1,0.1503,1
kick_off,short,wide_channel,Hybrid,5,6,10,0,0,1,1,1,1,0,0,0,0,0.1128,1
free_kick_wide,short,central,Deep Zonal,8,6,5,4,0,0,0,0,1,1,1,1,1,0.1589,1
free_kick_central,short,six_yard,Man-to-Man,11,1,9,2,1,1,0,1,0,1,0,1,0,0.1924,1
goal_kick,inswinger,edge_box,High Zonal,7,2,5,0,0,0,1,0,1,0,1,1,0,0.0911,1
throw_in,short,near_post,Deep Zonal,4,4,1,1,0,0,1,1,1,0,0,1,0,0.1028,1
goal_kick,inswinger,wide_channel,Deep Zonal,9,5,9,1,0,0,0,0,0,1,0,0,0,0.0069,0
penalty,lofted,six_yard,Man-to-Man,6,7,9,4,0,0,0,0,0,0,1,1,0,0.7684,1
corner,inswinger,edge_box,Hybrid,9,5,6,2,0,1,1,0,0,0,0,0,1,0.1244,1
kick_off,straight,near_post,Deep Zonal,3,5,9,4,0,0,0,1,1,0,0,0,0,0.0778,1
kick_off,inswinger,near_post,Deep Zonal,9,6,7,2,0,0,1,1,0,0,0,0,1,0.0878,1
goal_kick,driven,edge_box,Hybrid,9,5,9,3,0,1,0,0,0,0,0,0,0,0.0897,1
corner,inswinger,near_post,Deep Zonal,3,7,1,0,0,0,0,0,0,1,0,0,1,0.1014,1
corner,lofted,near_post,Deep Zonal,7,7,9,1,0,0,0,0,1,0,0,0,0,0.1251,0
goal_kick,inswinger,far_post,High Zonal,7,4,3,2,0,0,0,1,1,1,1,0,0,0.0788,0
corner,driven,near_post,Man-to-Man,8,1,10,0,0,0,0,0,1,1,1,1,0,0.1216,0
play_restart,long,edge_box,High Zonal,8,7,10,1,0,0,0,1,0,0,1,1,0,0.0886,1
free_kick_wide,outswinger,penalty_spot,High Zonal,9,3,1,3,1,1,1,1,0,0,1,1,0,0.1806,1
throw_in,outswinger,near_post,Deep Zonal,11,2,7,3,0,0,0,0,1,1,1,0,1,0.0992,1
kick_off,straight,penalty_spot,Deep Zonal,9,1,4,0,0,0,0,0,0,0,0,0,0,0.0617,0
free_kick_wide,driven,near_post,High Zonal,5,6,3,1,0,0,0,1,1,0,1,1,0,0.133,1
free_kick_wide,driven,near_post,Man-to-Man,11,2,10,2,1,0,1,1,1,1,0,0,1,0.1817,0
throw_in,inswinger,far_post,Hybrid,7,7,5,1,1,0,0,1,0,0,1,0,0,0.1264,1
throw_in,straight,far_post,High Zonal,10,2,6,0,1,0,0,0,1,1,1,0,1,0.092,0
free_kick_wide,outswinger,central,Deep Zonal,7,1,4,0,0,0,0,1,1,1,1,0,1,0.1092,0
throw_in,inswinger,penalty_spot,Man-to-Man,5,5,7,2,0,1,1,1,1,0,1,1,0,0.2363,0
play_restart,short,far_post,Deep Zonal,9,2,3,1,1,1,1,1,1,0,1,1,1,0.0925,1
free_kick_central,outswinger,penalty_spot,Man-to-Man,9,2,4,2,1,0,1,0,1,0,1,0,0,0.1783,1
corner,outswinger,central,Deep Zonal,4,1,8,3,1,0,1,1,1,0,0,0,0,0.1497,1
free_kick_wide,driven,edge_box,High Zonal,3,5,3,2,1,0,1,1,1,0,1,0,0,0.1884,1
free_kick_wide,long,penalty_spot,Hybrid,9,2,8,2,0,0,0,1,1,0,0,1,0,0.1678,1
corner,driven,near_post,Hybrid,4,6,10,3,0,0,0,0,1,1,1,1,1,0.1804,1
corner,inswinger,edge_box,Deep Zonal,7,2,8,0,1,0,0,1,1,1,1,0,0,0.1429,1
throw_in,lofted,edge_box,High Zonal,7,3,4,1,0,0,1,1,0,0,1,0,0,0.0703,1
free_kick_wide,short,near_post,High Zonal,6,4,2,3,0,1,0,0,0,0,0,1,0,0.1267,1
play_restart,short,penalty_spot,Hybrid,7,4,6,1,0,0,0,1,0,1,0,0,1,0.1185,0
corner,inswinger,edge_box,Hybrid,11,6,5,4,1,0,0,1,0,0,0,0,0,0.1035,1
corner,driven,near_post,Deep Zonal,7,1,3,2,0,1,0,0,0,1,1,0,0,0.0803,1
goal_kick,short,wide_channel,Hybrid,10,2,4,0,0,0,0,1,0,0,0,0,0,0.005,1
kick_off,driven,far_post,High Zonal,7,6,10,3,0,1,0,1,0,0,0,1,1,0.1245,1
corner,long,edge_box,Deep Zonal,7,6,2,2,0,0,0,1,0,0,0,0,0,0.0669,1
corner,driven,six_yard,High Zonal,8,3,3,0,1,0,1,1,0,1,1,1,1,0.1553,1
corner,long,wide_channel,Man-to-Man,5,1,4,1,1,0,0,1,0,0,0,1,1,0.1517,1
free_kick_central,lofted,penalty_spot,Man-to-Man,11,6,10,4,0,0,0,0,0,1,1,1,0,0.2056,1
free_kick_central,outswinger,edge_box,Hybrid,11,5,4,2,1,1,0,1,0,0,0,0,1,0.1481,1
corner,outswinger,central,Hybrid,4,4,3,1,0,0,0,0,1,0,0,1,0,0.136,1
corner,long,central,Man-to-Man,4,3,3,2,0,0,0,1,0,0,1,1,1,0.1473,1
free_kick_central,short,six_yard,Man-to-Man,6,5,10,0,1,0,1,1,1,0,1,0,0,0.2444,1
play_restart,short,far_post,Man-to-Man,4,3,4,1,1,0,1,1,0,0,1,1,0,0.1119,1
throw_in,long,six_yard,Deep Zonal,3,3,4,2,0,0,0,0,0,1,1,0,0,0.0874,0
free_kick_central,short,near_post,Man-to-Man,10,6,4,4,0,0,0,1,0,0,0,0,0,0.1111,1
corner,driven,central,High Zonal,4,3,9,1,1,0,0,1,1,0,0,0,0,0.1591,0
corner,outswinger,near_post,High Zonal,6,7,8,4,1,0,0,1,1,0,1,0,0,0.1461,1
corner,driven,far_post,Hybrid,11,4,6,2,1,1,0,1,1,0,0,0,0,0.149,0
goal_kick,inswinger,near_post,Deep Zonal,6,4,3,4,1,0,0,0,0,0,1,0,0,0.0862,1
kick_off,short,central,Hybrid,3,5,2,0,0,1,0,1,0,1,1,0,0,0.1336,1
kick_off,driven,wide_channel,High Zonal,5,5,1,0,0,0,0,1,1,0,0,0,1,0.0503,0
play_restart,outswinger,edge_box,Deep Zonal,4,4,3,2,0,0,0,0,1,0,1,1,0,0.0897,1
play_restart,outswinger,edge_box,Deep Zonal,8,3,8,3,0,0,1,1,0,0,1,0,0,0.0627,1
play_restart,outswinger,near_post,Hybrid,6,6,8,1,1,0,1,1,1,0,0,1,1,0.1515,1
corner,short,central,Deep Zonal,3,6,8,0,0,0,1,1,1,1,0,0,0,0.1507,1
corner,straight,edge_box,Man-to-Man,5,1,7,0,0,0,1,0,0,0,1,1,0,0.0774,1
free_kick_wide,inswinger,near_post,High Zonal,7,5,6,1,1,0,0,1,0,0,0,0,0,0.1222,1
penalty,driven,far_post,Man-to-Man,7,7,4,1,0,0,1,0,1,0,0,1,0,0.796,1
corner,outswinger,wide_channel,Deep Zonal,6,4,8,2,0,0,0,1,1,0,0,0,1,0.0926,1
goal_kick,short,near_post,Man-to-Man,11,7,2,3,1,0,1,1,0,0,1,0,1,0.107,1
throw_in,short,wide_channel,Man-to-Man,7,3,1,0,1,0,1,0,1,0,0,1,1,0.0931,1
penalty,inswinger,central,High Zonal,9,2,9,3,0,0,0,0,1,0,1,1,0,0.7321,0
corner,inswinger,central,High Zonal,8,4,5,4,0,0,0,1,0,0,0,1,0,0.1251,1
corner,lofted,central,High Zonal,6,1,7,1,0,1,0,0,1,0,1,0,0,0.135,1
corner,long,wide_channel,High Zonal,3,1,10,1,0,1,0,0,0,1,1,1,0,0.1466,1
goal_kick,inswinger,penalty_spot,Man-to-Man,9,5,7,4,0,0,0,1,0,0,0,1,0,0.1008,1
throw_in,driven,edge_box,Deep Zonal,10,1,8,4,0,0,0,1,0,0,1,0,0,0.005,1
throw_in,short,central,Hybrid,10,1,5,0,1,1,0,1,0,0,0,1,0,0.0752,0
corner,inswinger,six_yard,High Zonal,10,4,4,4,1,0,0,1,0,0,1,0,0,0.1417,1
free_kick_wide,long,penalty_spot,Man-to-Man,5,2,4,4,0,0,0,1,0,0,0,0,0,0.1364,1
free_kick_wide,straight,penalty_spot,Man-to-Man,7,2,10,1,0,1,1,0,0,0,0,0,1,0.1591,0
goal_kick,outswinger,edge_box,High Zonal,9,4,4,4,0,1,0,1,1,1,0,0,1,0.1035,0
goal_kick,driven,edge_box,Man-to-Man,9,3,10,0,1,0,1,0,1,1,1,0,0,0.1316,0
corner,outswinger,edge_box,High Zonal,8,5,1,2,1,1,0,0,1,0,0,1,1,0.1778,0
play_restart,outswinger,near_post,Hybrid,3,3,3,3,1,0,0,1,0,1,0,0,0,0.1376,1
corner,outswinger,six_yard,Deep Zonal,9,2,10,0,0,1,1,0,0,0,0,1,0,0.1511,0
kick_off,long,central,Hybrid,8,5,6,4,1,0,0,1,1,0,0,0,0,0.1337,1
corner,long,wide_channel,Man-to-Man,3,7,4,4,0,0,1,1,1,0,0,1,0,0.1901,1
corner,lofted,far_post,Deep Zonal,7,6,2,1,0,0,1,1,1,1,0,0,0,0.0973,1
goal_kick,outswinger,near_post,High Zonal,9,2,5,2,0,0,0,1,1,0,0,0,0,0.0446,1
corner,driven,central,High Zonal,11,4,10,1,0,0,0,0,0,1,1,0,0,0.1557,1
free_kick_wide,short,penalty_spot,High Zonal,10,2,4,0,0,0,1,1,0,0,0,1,0,0.1154,1
free_kick_central,outswinger,far_post,Deep Zonal,5,1,5,4,0,0,0,1,0,0,0,1,1,0.104,1
corner,inswinger,six_yard,Man-to-Man,9,2,4,4,0,1,0,1,0,0,0,1,0,0.1465,0
throw_in,driven,edge_box,Deep Zonal,9,6,9,2,0,0,0,1,0,0,0,0,0,0.0584,0
goal_kick,outswinger,central,High Zonal,4,7,7,2,0,1,1,1,0,1,1,0,1,0.1616,1
kick_off,short,penalty_spot,High Zonal,10,5,7,3,0,0,0,0,1,0,0,0,0,0.107,0
free_kick_wide,short,edge_box,Deep Zonal,4,7,7,2,1,0,0,0,0,1,0,0,1,0.1128,1
free_kick_central,inswinger,six_yard,High Zonal,9,3,5,3,0,1,0,1,1,0,0,1,0,0.1631,0
corner,lofted,far_post,Man-to-Man,9,1,9,2,0,0,0,0,0,0,1,0,0,0.0899,1
corner,driven,wide_channel,Deep Zonal,11,7,7,0,1,0,0,1,1,0,0,1,0,0.0983,0
corner,straight,near_post,High Zonal,8,6,1,4,0,0,0,0,0,1,1,0,1,0.1073,1
play_restart,long,edge_box,Deep Zonal,3,5,4,2,0,0,0,1,0,0,1,1,0,0.0695,1
kick_off,straight,edge_box,Deep Zonal,11,1,9,2,0,1,0,1,1,0,1,1,1,0.0607,1
goal_kick,long,far_post,High Zonal,6,7,3,3,0,0,0,0,1,0,0,0,0,0.1047,1
free_kick_central,inswinger,near_post,High Zonal,7,1,10,4,0,0,0,0,0,0,1,0,0,0.1175,1
free_kick_central,straight,edge_box,Hybrid,10,1,9,2,1,1,1,1,1,1,0,0,0,0.1918,0
free_kick_central,outswinger,central,Deep Zonal,5,1,10,0,1,0,0,1,1,0,0,0,0,0.184,0
free_kick_central,straight,near_post,Man-to-Man,8,7,8,0,0,0,0,1,0,0,0,0,0,0.1795,1
free_kick_wide,straight,near_post,Hybrid,9,6,2,3,0,1,1,0,1,1,0,0,1,0.1421,1
corner,inswinger,edge_box,High Zonal,7,1,2,2,0,0,0,1,1,0,1,0,0,0.0916,1
corner,lofted,central,Man-to-Man,9,3,5,2,1,0,0,1,0,1,0,0,0,0.1495,1
play_restart,inswinger,far_post,Hybrid,9,4,4,4,1,0,0,1,1,0,1,1,1,0.1391,1
free_kick_central,inswinger,wide_channel,High Zonal,7,4,10,1,0,0,0,0,1,1,1,0,1,0.1656,0
play_restart,straight,edge_box,Deep Zonal,3,2,9,3,1,0,1,1,0,1,1,1,0,0.0944,1
corner,short,penalty_spot,High Zonal,9,1,8,1,0,1,0,1,0,1,0,1,1,0.1607,0
penalty,inswinger,far_post,High Zonal,10,1,10,3,0,1,0,1,1,0,1,0,0,0.7611,0
corner,short,near_post,Deep Zonal,5,7,1,0,0,0,0,0,0,0,1,0,1,0.1046,1
corner,long,far_post,High Zonal,10,5,8,1,0,0,1,1,1,0,0,1,0,0.1211,1
corner,inswinger,near_post,Hybrid,4,7,9,1,0,0,0,1,1,0,0,1,0,0.1569,1
corner,lofted,near_post,High Zonal,4,7,10,0,0,0,0,0,0,0,1,0,1,0.1267,1
kick_off,outswinger,near_post,Man-to-Man,4,2,9,3,1,0,0,1,0,0,0,0,0,0.1355,1
free_kick_wide,short,penalty_spot,High Zonal,7,1,9,1,0,0,1,0,1,0,0,0,0,0.1597,0
throw_in,inswinger,central,Man-to-Man,5,5,8,1,0,0,0,0,1,0,1,1,1,0.191,1
free_kick_central,long,near_post,Man-to-Man,9,2,2,1,1,0,0,0,1,1,0,0,0,0.1213,1
free_kick_wide,driven,six_yard,High Zonal,8,5,5,3,0,0,1,1,1,1,0,1,0,0.1849,0
free_kick_central,inswinger,near_post,Deep Zonal,6,7,9,2,1,0,0,1,1,0,1,0,0,0.1855,1
corner,inswinger,edge_box,Hybrid,5,7,7,4,1,0,0,1,0,0,1,0,0,0.1275,1
play_restart,outswinger,far_post,Man-to-Man,11,2,3,2,0,0,0,1,0,1,0,0,0,0.0617,1
goal_kick,inswinger,penalty_spot,Hybrid,10,4,8,3,0,0,0,1,1,0,0,0,0,0.0972,1
goal_kick,lofted,near_post,Deep Zonal,6,5,1,4,1,0,0,0,1,0,1,0,0,0.0854,1
free_kick_central,short,near_post,High Zonal,5,2,4,4,0,1,0,0,1,0,0,1,0,0.1663,1
corner,short,six_yard,Deep Zonal,10,4,8,3,0,0,0,0,0,0,0,1,0,0.1099,1
play_restart,lofted,far_post,Deep Zonal,9,3,8,2,0,1,0,1,0,0,0,0,0,0.0822,1
free_kick_wide,driven,near_post,Hybrid,7,5,6,4,0,0,0,1,0,0,0,1,0,0.1416,1
corner,driven,central,Deep Zonal,7,5,3,4,1,0,0,0,1,1,0,0,0,0.1305,1
free_kick_wide,outswinger,far_post,Man-to-Man,9,7,5,0,0,0,0,1,0,0,0,0,1,0.0974,0
goal_kick,outswinger,near_post,Man-to-Man,4,4,2,3,1,0,0,0,1,0,1,0,1,0.1051,1
throw_in,outswinger,penalty_spot,Deep Zonal,11,3,10,0,1,1,0,1,0,1,0,0,0,0.1314,0
goal_kick,outswinger,far_post,Deep Zonal,8,1,9,1,1,0,0,1,0,1,0,0,1,0.1367,0
goal_kick,straight,penalty_spot,Hybrid,4,5,8,4,1,0,0,1,0,0,1,0,0,0.1595,1
corner,inswinger,six_yard,High Zonal,11,6,4,3,0,0,0,0,1,1,1,1,0,0.1441,1
play_restart,straight,far_post,Deep Zonal,11,3,2,3,0,0,1,1,0,0,0,0,0,0.0625,1
free_kick_wide,straight,six_yard,Man-to-Man,11,7,1,3,1,0,1,1,0,0,1,1,0,0.1646,1
throw_in,outswinger,far_post,High Zonal,9,4,4,0,0,0,0,0,0,0,1,0,0,0.0607,0
corner,inswinger,far_post,Man-to-Man,5,4,9,3,0,0,1,1,1,0,0,1,0,0.167,1
play_restart,straight,edge_box,Hybrid,7,1,4,0,1,0,0,1,1,1,0,0,0,0.0649,1
corner,straight,penalty_spot,Deep Zonal,7,4,8,1,1,0,0,0,0,0,1,0,0,0.1414,0
corner,long,near_post,Man-to-Man,7,5,2,0,0,1,0,1,0,1,1,0,0,0.1478,1
free_kick_central,long,wide_channel,Deep Zonal,4,4,9,2,1,1,0,1,0,1,0,1,0,0.144,1
corner,outswinger,wide_channel,Man-to-Man,5,4,1,4,1,0,0,1,1,0,0,0,0,0.1174,1
corner,inswinger,central,High Zonal,7,4,4,4,1,0,0,0,0,0,0,1,0,0.1492,1
throw_in,outswinger,penalty_spot,Man-to-Man,7,5,2,0,1,1,0,0,0,0,0,0,0,0.1245,0
free_kick_wide,inswinger,edge_box,Deep Zonal,5,1,7,4,0,1,0,0,1,0,0,1,0,0.1194,0
play_restart,straight,wide_channel,High Zonal,9,4,2,1,1,0,1,0,0,0,1,0,0,0.0246,0
free_kick_wide,lofted,penalty_spot,Hybrid,11,4,1,1,1,0,0,0,0,1,1,0,0,0.1189,1
throw_in,inswinger,near_post,High Zonal,7,3,4,1,0,0,0,1,1,0,1,0,0,0.1067,1
free_kick_central,outswinger,edge_box,Man-to-Man,8,4,1,2,1,0,0,1,0,0,0,0,1,0.1444,1
throw_in,long,near_post,Hybrid,4,5,4,0,0,1,0,1,0,1,0,0,0,0.127,0
throw_in,short,edge_box,Hybrid,4,7,3,1,1,0,0,1,0,1,1,1,1,0.1312,1
free_kick_central,inswinger,penalty_spot,Man-to-Man,3,2,10,1,1,0,0,0,0,1,0,0,1,0.2182,1
play_restart,inswinger,penalty_spot,Man-to-Man,11,1,6,3,0,1,1,1,1,0,1,0,0,0.1605,0
free_kick_wide,lofted,central,Man-to-Man,5,3,5,4,0,1,0,1,0,1,1,1,0,0.1692,1
corner,inswinger,far_post,Hybrid,9,3,7,0,0,0,0,1,0,0,0,0,0,0.081,0
throw_in,short,penalty_spot,Hybrid,8,1,2,2,0,1,0,1,0,1,0,0,0,0.086,1
goal_kick,driven,central,Deep Zonal,4,4,2,4,0,0,1,0,0,0,0,0,0,0.0675,1
corner,outswinger,central,Deep Zonal,4,4,2,4,0,0,0,1,0,0,0,1,0,0.1248,1
free_kick_central,long,central,High Zonal,10,6,9,2,0,0,0,0,0,0,0,0,0,0.1298,1
kick_off,inswinger,six_yard,Hybrid,10,5,8,3,1,0,0,1,1,0,0,0,1,0.158,0
goal_kick,outswinger,far_post,Hybrid,8,4,10,1,0,0,1,1,0,0,0,0,0,0.1028,1
play_restart,outswinger,edge_box,Man-to-Man,6,5,9,4,0,1,1,1,0,0,0,1,0,0.1501,1
free_kick_central,lofted,far_post,Man-to-Man,6,3,2,0,0,0,0,1,1,0,0,0,0,0.1311,1
throw_in,outswinger,six_yard,High Zonal,10,2,2,2,0,1,0,0,0,0,1,0,1,0.0534,1
free_kick_wide,inswinger,far_post,Hybrid,4,4,9,2,0,0,1,0,1,0,1,0,0,0.1444,0
play_restart,lofted,near_post,High Zonal,3,4,6,0,1,0,0,1,0,1,1,0,0,0.1333,0
free_kick_wide,inswinger,central,Man-to-Man,5,3,7,2,0,0,1,1,0,1,0,0,0,0.1702,0
throw_in,driven,near_post,Deep Zonal,4,7,3,4,1,0,0,0,0,1,0,1,0,0.131,1
free_kick_wide,long,six_yard,Deep Zonal,4,4,6,3,0,1,0,0,1,0,1,1,1,0.1616,1
penalty,short,edge_box,High Zonal,7,4,10,0,0,0,0,1,0,0,0,0,0,0.7224,1
throw_in,long,edge_box,High Zonal,10,5,5,2,1,0,1,1,1,1,1,0,0,0.0909,1
free_kick_central,long,edge_box,Deep Zonal,9,3,7,3,0,1,0,1,0,1,1,1,0,0.1487,1
kick_off,inswinger,six_yard,Deep Zonal,5,4,8,2,0,0,0,1,1,1,0,1,1,0.1741,1
free_kick_wide,lofted,wide_channel,Hybrid,6,7,10,0,0,0,1,1,0,0,1,1,0,0.1215,1
throw_in,lofted,edge_box,Man-to-Man,7,5,3,1,1,0,0,0,1,0,0,0,1,0.1163,1
free_kick_wide,driven,central,High Zonal,6,6,10,2,0,0,0,0,1,0,0,1,1,0.1903,1
free_kick_wide,short,near_post,Hybrid,11,1,7,0,0,0,0,0,0,0,0,0,1,0.0468,1
free_kick_central,short,penalty_spot,Man-to-Man,11,6,9,2,1,0,0,0,0,0,1,0,0,0.1738,1
corner,short,edge_box,Hybrid,11,5,3,1,1,1,1,1,0,1,0,0,0,0.1163,1
corner,inswinger,penalty_spot,Hybrid,6,7,2,0,1,0,0,0,0,1,0,1,0,0.1303,0
throw_in,straight,central,Man-to-Man,10,7,1,1,0,0,0,0,0,0,0,0,1,0.0767,1
throw_in,short,edge_box,High Zonal,9,1,4,0,1,1,0,0,1,0,0,0,0,0.0734,0
throw_in,long,far_post,Deep Zonal,10,4,6,3,0,0,0,1,1,0,0,1,0,0.0427,1
corner,outswinger,central,Man-to-Man,4,7,3,0,0,0,0,0,0,1,1,0,1,0.1276,0
free_kick_wide,straight,six_yard,High Zonal,11,6,3,0,0,0,0,1,0,0,0,0,0,0.1363,0
corner,short,penalty_spot,Hybrid,11,1,9,1,1,0,0,1,1,1,0,0,0,0.1782,1
goal_kick,straight,central,Deep Zonal,10,4,8,3,0,0,1,1,1,0,0,1,0,0.1203,1
kick_off,lofted,central,Man-to-Man,8,3,7,2,0,1,1,1,0,1,1,0,0,0.1386,0
corner,long,penalty_spot,Hybrid,7,5,7,0,0,0,0,1,0,0,0,0,0,0.1269,1
throw_in,inswinger,far_post,Hybrid,5,4,9,1,1,0,0,0,0,0,1,1,0,0.1368,1
corner,inswinger,near_post,Man-to-Man,3,3,3,0,0,0,1,1,0,1,0,1,0,0.1435,1
corner,long,penalty_spot,Deep Zonal,11,3,10,2,0,1,0,1,1,0,1,0,0,0.1722,0
corner,straight,edge_box,Man-to-Man,4,7,9,1,0,0,1,0,0,0,0,1,1,0.1606,1
corner,driven,near_post,Man-to-Man,6,3,4,4,0,0,0,0,0,0,1,1,0,0.1236,1
throw_in,inswinger,penalty_spot,Hybrid,7,2,4,1,0,1,1,0,0,0,0,0,1,0.1471,1
kick_off,inswinger,penalty_spot,High Zonal,9,1,2,2,1,0,0,1,0,1,1,1,0,0.0967,1
corner,straight,central,High Zonal,5,2,8,0,0,0,0,1,1,0,1,0,0,0.1709,1
penalty,long,central,High Zonal,4,1,4,2,0,1,0,1,0,1,0,0,1,0.7407,1
throw_in,lofted,central,Hybrid,5,1,3,4,0,0,0,0,0,1,1,0,0,0.0611,1
play_restart,driven,far_post,Man-to-Man,5,4,7,0,0,0,0,1,1,0,0,0,0,0.0989,0
throw_in,straight,six_yard,Man-to-Man,3,4,2,1,1,0,1,1,1,0,1,0,0,0.1151,1
corner,driven,far_post,High Zonal,6,6,2,1,1,0,0,1,1,1,1,0,0,0.1424,1
throw_in,inswinger,wide_channel,High Zonal,7,5,9,2,1,0,0,1,0,0,0,0,1,0.1088,0
free_kick_wide,short,central,Man-to-Man,7,2,1,2,0,1,0,1,0,1,0,0,0,0.1477,1
play_restart,lofted,edge_box,Man-to-Man,6,5,10,4,1,1,0,1,1,1,0,0,0,0.1962,1
free_kick_wide,straight,penalty_spot,Deep Zonal,11,4,7,0,0,0,0,1,0,0,0,1,0,0.129,1
throw_in,lofted,edge_box,High Zonal,5,2,4,1,0,0,0,0,0,0,1,1,0,0.0259,1
corner,outswinger,six_yard,Deep Zonal,10,5,6,2,0,0,0,1,1,0,0,1,0,0.1412,1
free_kick_wide,inswinger,far_post,Man-to-Man,8,5,4,3,0,0,0,1,1,1,0,0,0,0.1278,1
kick_off,short,far_post,High Zonal,8,3,5,0,0,0,1,0,0,0,0,1,0,0.0604,0
throw_in,lofted,wide_channel,Deep Zonal,5,2,8,3,0,0,0,0,1,0,0,1,0,0.0921,1
free_kick_central,outswinger,wide_channel,Man-to-Man,11,1,10,2,0,0,0,1,0,0,1,1,0,0.0968,1
play_restart,driven,wide_channel,High Zonal,7,6,3,1,0,0,0,1,1,0,0,0,1,0.059,1
goal_kick,inswinger,near_post,High Zonal,7,2,6,1,1,0,1,0,0,1,1,1,0,0.1131,1
free_kick_wide,long,near_post,Man-to-Man,5,2,9,0,0,0,1,0,1,0,0,0,1,0.1196,1
penalty,short,far_post,High Zonal,7,5,1,3,0,1,1,1,0,1,0,0,0,0.8379,1
free_kick_central,inswinger,edge_box,Deep Zonal,9,3,1,3,0,0,1,1,1,0,1,1,0,0.1145,1
throw_in,long,near_post,Man-to-Man,11,6,7,4,1,0,0,1,1,1,0,0,0,0.0881,1
free_kick_wide,long,central,High Zonal,10,3,2,1,1,0,0,0,1,0,0,0,0,0.0996,1
corner,short,penalty_spot,Man-to-Man,4,7,10,1,0,0,0,0,1,0,0,0,0,0.1977,1
kick_off,outswinger,central,Hybrid,3,3,2,1,1,0,0,1,1,0,0,0,0,0.1478,1
play_restart,inswinger,edge_box,Hybrid,11,1,8,0,0,1,0,0,0,0,0,0,1,0.0966,1
goal_kick,lofted,central,Deep Zonal,10,6,4,2,1,0,0,1,1,1,1,0,0,0.132,1
play_restart,long,six_yard,Deep Zonal,4,5,10,0,0,1,0,0,0,0,1,0,0,0.1429,0
goal_kick,driven,central,Man-to-Man,10,7,9,0,0,0,1,1,0,1,1,0,1,0.1227,1
goal_kick,long,penalty_spot,Man-to-Man,9,1,8,1,1,0,0,1,0,0,0,1,0,0.1349,1
goal_kick,driven,penalty_spot,Man-to-Man,11,4,7,4,0,0,0,1,1,0,0,0,0,0.1166,1
free_kick_central,inswinger,central,Deep Zonal,4,5,3,4,1,0,0,0,1,0,0,0,0,0.1279,1
free_kick_central,straight,far_post,High Zonal,10,3,2,4,0,1,0,1,1,1,0,1,1,0.1606,1
corner,long,six_yard,High Zonal,6,2,3,4,0,1,0,1,0,0,1,0,0,0.1306,1
throw_in,inswinger,penalty_spot,Hybrid,7,3,1,4,0,1,0,0,0,0,0,0,0,0.1088,1
corner,inswinger,near_post,Deep Zonal,5,1,8,3,0,0,1,1,0,0,1,1,0,0.107,1
corner,short,edge_box,Deep Zonal,3,5,3,0,0,1,1,1,1,0,0,1,0,0.1095,1
throw_in,driven,central,Man-to-Man,9,6,5,4,0,1,0,1,0,0,0,1,0,0.1462,1
free_kick_wide,long,far_post,High Zonal,3,4,7,4,1,0,0,1,1,0,0,0,0,0.1483,1
corner,inswinger,far_post,Deep Zonal,7,1,8,2,0,0,0,1,0,1,0,0,0,0.0957,1
goal_kick,lofted,far_post,Deep Zonal,4,6,6,3,0,0,0,0,0,0,1,0,0,0.0526,1
kick_off,inswinger,near_post,High Zonal,11,7,8,1,1,0,1,1,0,0,1,1,0,0.0998,1
corner,outswinger,central,Man-to-Man,7,5,2,2,0,0,1,0,0,1,0,0,0,0.1227,1
corner,lofted,near_post,High Zonal,4,1,3,0,1,0,0,1,0,1,0,0,0,0.137,0
free_kick_wide,driven,far_post,High Zonal,11,3,8,3,0,0,1,0,0,0,1,0,0,0.1156,1
goal_kick,lofted,penalty_spot,Man-to-Man,9,4,8,2,1,0,0,1,0,0,0,0,0,0.0957,0
goal_kick,driven,edge_box,Deep Zonal,4,7,7,3,1,0,0,0,1,0,0,0,0,0.1035,1
corner,long,near_post,Man-to-Man,6,4,10,1,0,1,0,0,0,0,0,0,0,0.1289,1
goal_kick,outswinger,near_post,Man-to-Man,7,1,10,2,0,0,0,0,0,0,1,0,0,0.1212,1
corner,outswinger,edge_box,High Zonal,9,5,1,0,0,0,0,1,0,1,0,0,0,0.0659,1
free_kick_wide,lofted,penalty_spot,Man-to-Man,11,5,6,2,0,0,0,1,0,1,0,0,1,0.1354,0
play_restart,driven,six_yard,High Zonal,10,2,10,4,0,0,1,1,0,1,0,0,1,0.126,0
corner,straight,central,Deep Zonal,3,3,4,2,1,1,0,1,0,1,1,0,0,0.1867,1
corner,straight,near_post,Man-to-Man,7,1,1,4,1,1,1,1,1,0,0,0,0,0.1024,1
free_kick_wide,outswinger,central,Deep Zonal,3,1,2,0,0,0,0,1,1,0,0,0,0,0.0981,1
throw_in,outswinger,penalty_spot,Deep Zonal,5,3,8,3,1,0,0,1,0,0,1,1,0,0.1394,1
play_restart,driven,far_post,High Zonal,5,1,10,0,0,0,0,0,1,1,0,0,0,0.1226,1
play_restart,inswinger,near_post,Deep Zonal,5,2,8,2,0,0,0,1,0,0,0,1,0,0.1066,1
corner,straight,near_post,Deep Zonal,5,5,1,2,0,0,0,0,0,0,1,0,0,0.0274,1
corner,lofted,edge_box,Hybrid,6,3,5,2,0,1,0,1,0,0,1,0,0,0.0884,1
goal_kick,short,central,Man-to-Man,7,2,4,2,0,0,0,1,1,0,0,1,0,0.105,0
corner,straight,edge_box,Hybrid,11,5,10,3,0,1,0,1,1,0,0,0,0,0.1033,0
kick_off,outswinger,central,Deep Zonal,6,6,6,3,0,0,0,1,0,0,0,0,0,0.0739,0
throw_in,inswinger,central,Hybrid,3,5,3,0,1,0,0,1,1,0,0,0,0,0.1629,0
corner,outswinger,central,Deep Zonal,8,3,6,3,0,0,0,1,1,0,0,0,1,0.1489,0
goal_kick,inswinger,wide_channel,Deep Zonal,5,6,8,1,1,0,0,1,0,0,0,0,0,0.0786,1
corner,inswinger,near_post,Deep Zonal,4,3,6,2,0,0,0,1,0,0,0,0,0,0.1044,0
free_kick_wide,inswinger,near_post,Man-to-Man,9,1,5,4,1,0,0,1,1,0,1,1,0,0.1163,1
penalty,outswinger,six_yard,Man-to-Man,9,5,8,1,0,1,0,1,0,0,1,0,0,0.7872,0
free_kick_central,inswinger,near_post,High Zonal,6,6,4,3,0,0,0,0,0,0,0,0,0,0.1793,1
throw_in,lofted,central,Man-to-Man,4,2,2,3,0,1,0,0,1,0,0,1,0,0.1328,1
throw_in,inswinger,central,Hybrid,7,3,9,2,0,0,1,1,0,1,0,0,0,0.1382,1
play_restart,straight,edge_box,Deep Zonal,7,1,8,1,0,1,0,1,0,0,0,1,0,0.074,0
play_restart,driven,far_post,Man-to-Man,11,4,8,3,1,0,0,0,0,0,0,1,0,0.0989,1
free_kick_central,inswinger,six_yard,Man-to-Man,3,4,9,4,1,0,1,0,0,0,0,1,0,0.1813,1
corner,straight,edge_box,Hybrid,4,2,8,4,0,1,1,1,1,0,1,1,0,0.1143,1
throw_in,driven,penalty_spot,Man-to-Man,10,4,1,2,1,0,1,1,1,0,0,0,0,0.1635,1
play_restart,short,central,Deep Zonal,11,5,9,0,0,1,0,1,1,0,0,0,0,0.1473,0
free_kick_wide,outswinger,edge_box,High Zonal,8,4,1,4,0,1,0,1,0,0,1,0,0,0.0878,1
free_kick_central,long,six_yard,Hybrid,5,6,7,3,0,0,0,0,0,0,1,1,0,0.1554,1
free_kick_wide,long,six_yard,Deep Zonal,4,4,10,0,0,0,0,1,0,0,1,0,1,0.1791,1
corner,straight,near_post,Hybrid,10,3,5,3,0,0,0,0,0,0,0,0,0,0.0871,1
throw_in,inswinger,edge_box,High Zonal,8,5,4,3,0,0,0,0,1,0,0,1,0,0.1009,1
free_kick_wide,inswinger,edge_box,Deep Zonal,6,2,10,4,0,0,0,1,1,0,0,0,0,0.0902,1
goal_kick,driven,wide_channel,Hybrid,6,6,5,2,1,0,0,1,0,0,0,0,1,0.0563,1
goal_kick,outswinger,central,High Zonal,4,5,10,2,1,0,1,1,0,0,1,1,0,0.1398,1
goal_kick,inswinger,edge_box,Deep Zonal,10,3,4,0,1,0,0,1,0,1,1,0,0,0.0474,0
free_kick_wide,short,edge_box,Hybrid,3,2,2,2,0,1,0,1,0,0,0,0,0,0.0828,1
free_kick_wide,lofted,six_yard,Deep Zonal,11,6,6,2,0,0,0,1,0,1,1,0,0,0.1307,1
goal_kick,inswinger,edge_box,Hybrid,4,1,4,4,0,0,0,0,1,0,0,0,0,0.0852,1
goal_kick,inswinger,six_yard,Man-to-Man,4,1,8,1,0,0,0,1,1,0,1,1,0,0.122,0
free_kick_central,straight,central,Hybrid,3,5,3,0,0,0,0,1,1,0,1,0,1,0.1975,0
kick_off,long,near_post,Man-to-Man,7,4,8,1,1,1,0,0,1,0,0,0,0,0.1479,1
corner,straight,central,High Zonal,3,2,4,1,1,0,1,0,1,1,1,0,0,0.22,1
kick_off,driven,six_yard,Hybrid,5,3,4,2,0,0,0,0,1,0,1,0,0,0.1054,1
corner,inswinger,near_post,Deep Zonal,10,6,8,3,1,0,0,0,1,0,0,1,0,0.1279,1
corner,outswinger,penalty_spot,Deep Zonal,9,4,3,1,0,0,0,1,0,1,0,0,0,0.1088,0
free_kick_central,straight,wide_channel,Man-to-Man,6,4,3,1,0,1,0,1,0,0,0,0,0,0.1331,1
corner,outswinger,six_yard,Deep Zonal,3,1,6,1,0,0,0,0,1,1,1,1,0,0.186,1
corner,straight,edge_box,Deep Zonal,4,6,4,4,0,0,0,0,0,0,0,1,1,0.1102,1
corner,driven,edge_box,Man-to-Man,7,1,4,1,0,0,1,1,0,1,1,0,0,0.1099,0
free_kick_wide,outswinger,near_post,Man-to-Man,7,2,4,3,0,0,0,0,0,1,0,0,1,0.0789,0
goal_kick,long,far_post,Man-to-Man,10,3,7,0,0,1,1,1,0,0,0,0,0,0.1034,0
corner,inswinger,penalty_spot,High Zonal,7,4,4,0,0,0,0,1,0,0,1,0,0,0.1185,0
throw_in,short,edge_box,Hybrid,6,2,7,1,1,0,0,0,1,0,0,1,0,0.1051,0
goal_kick,straight,central,Man-to-Man,8,6,3,2,0,1,0,1,1,1,0,1,1,0.1474,1
corner,short,near_post,Man-to-Man,10,3,9,1,0,1,1,1,0,0,0,0,0,0.0917,0
corner,inswinger,edge_box,Hybrid,10,1,10,1,1,1,0,1,0,0,0,1,0,0.0991,0
kick_off,lofted,far_post,Deep Zonal,4,4,1,2,1,0,0,1,1,0,1,0,1,0.0722,0
goal_kick,lofted,six_yard,High Zonal,6,1,2,1,1,0,1,1,1,0,0,0,0,0.1178,1
free_kick_central,driven,far_post,High Zonal,11,2,2,2,0,0,1,1,0,0,0,0,0,0.1026,1
goal_kick,driven,six_yard,Hybrid,10,5,2,0,0,0,0,0,1,0,0,1,0,0.0797,1
corner,inswinger,far_post,Hybrid,10,5,8,0,1,1,0,0,0,1,0,0,0,0.1746,1
free_kick_wide,short,edge_box,High Zonal,4,5,3,4,1,1,0,0,1,1,0,0,1,0.1367,1
throw_in,outswinger,edge_box,Man-to-Man,6,3,6,2,0,0,0,0,1,0,0,0,0,0.0698,1
corner,driven,central,Man-to-Man,10,6,3,1,1,0,0,0,0,0,0,1,1,0.1434,1
goal_kick,inswinger,central,High Zonal,4,1,1,0,0,0,0,0,0,0,1,0,1,0.079,0
free_kick_central,outswinger,six_yard,Hybrid,9,3,1,3,1,0,0,1,0,0,0,1,0,0.1505,0
goal_kick,long,central,Deep Zonal,7,2,10,1,0,0,1,1,0,1,1,0,0,0.0893,1
free_kick_central,inswinger,edge_box,High Zonal,9,1,6,2,0,0,0,0,0,1,0,0,0,0.1128,1
free_kick_wide,long,near_post,Man-to-Man,9,4,7,3,0,0,0,1,1,0,1,1,0,0.0912,1
corner,outswinger,edge_box,Hybrid,3,1,2,0,0,1,1,1,0,1,1,1,0,0.1073,0
corner,long,central,High Zonal,4,5,5,3,0,1,0,0,0,0,1,0,0,0.1393,1
goal_kick,driven,penalty_spot,Man-to-Man,6,6,7,4,0,0,0,1,0,1,0,1,0,0.1456,1
corner,short,penalty_spot,Man-to-Man,11,6,8,0,0,0,0,1,0,0,0,0,0,0.1314,0
corner,outswinger,central,Man-to-Man,11,5,7,4,0,0,1,0,0,0,0,0,0,0.1087,1
corner,inswinger,far_post,Man-to-Man,9,2,6,1,0,1,0,0,0,1,0,0,0,0.1196,0
corner,inswinger,six_yard,Man-to-Man,5,5,7,0,0,0,0,0,1,1,0,0,0,0.1851,1
goal_kick,inswinger,edge_box,High Zonal,11,4,4,2,0,0,0,0,1,1,0,0,0,0.0543,0
free_kick_wide,short,wide_channel,High Zonal,9,4,7,1,0,0,0,0,1,1,1,0,0,0.0852,1
play_restart,outswinger,edge_box,Hybrid,5,4,3,2,0,1,0,1,0,1,0,1,0,0.0937,1
corner,outswinger,penalty_spot,Deep Zonal,9,1,8,0,1,0,0,0,1,0,1,0,0,0.1241,0
throw_in,outswinger,penalty_spot,Hybrid,6,6,5,3,1,0,1,1,0,1,1,0,1,0.1612,1
free_kick_central,lofted,wide_channel,Deep Zonal,7,6,6,1,0,0,1,0,1,0,1,1,1,0.1881,1
free_kick_wide,inswinger,far_post,Deep Zonal,5,6,5,3,0,0,0,1,0,0,0,0,1,0.1231,1
kick_off,outswinger,far_post,High Zonal,8,4,6,1,1,0,0,1,1,1,0,1,0,0.0923,0
play_restart,straight,six_yard,Deep Zonal,5,1,8,0,0,0,0,0,1,0,0,0,0,0.095,1
kick_off,inswinger,wide_channel,Hybrid,11,5,3,1,0,0,0,1,0,0,0,1,0,0.0107,1
corner,lofted,far_post,Hybrid,4,7,5,3,1,0,0,0,0,0,0,1,0,0.0854,1
corner,inswinger,near_post,Deep Zonal,5,1,5,4,1,1,0,1,0,0,0,0,0,0.1292,1
throw_in,long,penalty_spot,Deep Zonal,4,3,1,4,1,0,1,1,0,0,1,1,0,0.1407,1
corner,short,edge_box,Man-to-Man,5,7,9,0,0,0,0,1,1,0,0,0,0,0.1437,1
throw_in,driven,central,Hybrid,9,7,7,4,0,0,1,0,0,0,1,0,0,0.121,1
penalty,long,edge_box,Man-to-Man,11,4,1,1,1,0,0,1,1,1,0,0,0,0.7989,0
penalty,long,penalty_spot,High Zonal,4,2,1,0,0,0,0,1,0,1,0,0,0,0.6989,1
goal_kick,straight,central,Deep Zonal,5,3,10,1,1,1,0,0,0,0,0,0,0,0.0782,1
throw_in,straight,penalty_spot,Man-to-Man,4,4,9,4,0,1,0,1,0,0,0,1,0,0.1836,1
corner,long,far_post,High Zonal,10,3,8,2,1,0,0,0,1,0,1,1,1,0.1133,1
corner,short,edge_box,Man-to-Man,7,4,8,0,0,1,0,1,1,0,0,0,0,0.1371,1
throw_in,short,near_post,Hybrid,6,1,9,3,0,0,1,1,1,0,0,0,0,0.1069,1
free_kick_central,outswinger,six_yard,Deep Zonal,9,1,6,1,1,0,0,0,1,0,0,0,0,0.1441,1
corner,outswinger,central,Man-to-Man,3,1,1,0,1,0,1,0,0,0,1,0,0,0.1409,1
free_kick_wide,straight,wide_channel,Man-to-Man,10,6,5,1,0,0,0,0,0,0,0,0,0,0.0847,1
goal_kick,inswinger,edge_box,Man-to-Man,3,7,4,3,1,0,1,1,1,0,0,0,0,0.1359,1
goal_kick,straight,central,High Zonal,8,1,2,1,0,0,1,0,1,0,1,0,1,0.101,0
penalty,inswinger,wide_channel,Man-to-Man,3,7,9,0,0,1,1,1,1,1,0,1,1,0.8172,1
free_kick_wide,short,far_post,High Zonal,4,2,7,1,0,1,0,1,1,0,1,0,1,0.149,1
corner,long,far_post,Man-to-Man,8,1,10,3,1,0,0,0,0,0,1,0,0,0.1157,1
free_kick_central,short,wide_channel,Deep Zonal,8,3,2,0,0,0,0,1,0,0,0,0,0,0.0866,1
free_kick_wide,long,wide_channel,Hybrid,7,3,10,2,0,1,1,0,0,1,1,0,0,0.1444,1
penalty,inswinger,edge_box,High Zonal,8,7,7,3,1,0,0,0,1,1,0,0,0,0.7739,1
throw_in,inswinger,wide_channel,Hybrid,10,1,6,0,0,0,0,0,0,1,0,0,1,0.0127,1
corner,long,central,High Zonal,5,7,2,2,1,0,0,1,0,1,0,1,1,0.1512,0
corner,driven,central,Man-to-Man,11,7,7,3,1,0,0,0,0,1,1,0,0,0.1592,1
corner,long,near_post,Deep Zonal,4,4,6,3,0,0,0,0,1,0,0,1,0,0.1017,1
kick_off,long,central,High Zonal,11,5,8,0,1,0,0,1,0,0,0,0,0,0.0879,1
throw_in,long,penalty_spot,High Zonal,11,4,2,2,1,0,0,1,0,1,0,0,0,0.1123,0
corner,long,central,High Zonal,6,7,7,4,0,1,0,0,0,0,0,0,0,0.1429,1
kick_off,long,penalty_spot,High Zonal,3,2,1,1,0,0,0,1,0,1,0,0,0,0.1298,1
free_kick_central,long,near_post,Deep Zonal,6,7,1,0,0,1,1,1,1,0,1,0,0,0.1458,0
free_kick_central,inswinger,central,High Zonal,5,3,5,2,0,0,0,1,0,0,0,1,0,0.1743,1
play_restart,inswinger,edge_box,Hybrid,8,7,2,2,0,0,1,0,0,0,0,0,0,0.0643,0
corner,straight,near_post,Hybrid,5,7,8,3,0,0,0,0,1,0,0,0,0,0.1251,1
corner,short,edge_box,Deep Zonal,3,6,5,3,0,1,0,0,0,1,0,1,0,0.1202,1
throw_in,long,edge_box,High Zonal,11,6,3,0,0,0,0,0,0,0,0,0,0,0.005,1
corner,outswinger,penalty_spot,Hybrid,10,4,3,3,0,0,0,1,1,1,0,1,0,0.1368,1
throw_in,outswinger,six_yard,Man-to-Man,7,5,5,4,1,0,0,0,0,0,1,0,0,0.143,1
corner,driven,wide_channel,High Zonal,10,2,6,0,1,1,1,0,0,1,0,1,1,0.1453,0
corner,outswinger,near_post,High Zonal,11,2,8,2,1,0,1,1,0,1,0,0,1,0.1457,1
corner,driven,edge_box,Man-to-Man,11,6,6,1,1,0,1,0,0,1,0,0,0,0.134,1
free_kick_wide,inswinger,central,High Zonal,10,6,6,3,0,1,0,0,1,0,1,0,0,0.1703,1
corner,straight,far_post,Man-to-Man,3,2,7,2,1,0,0,0,0,0,0,0,0,0.1523,0
corner,straight,penalty_spot,Deep Zonal,9,7,6,2,1,0,0,1,0,0,0,1,1,0.159,1
kick_off,outswinger,edge_box,Hybrid,11,5,4,0,1,0,1,1,1,0,0,1,0,0.0798,1
free_kick_wide,inswinger,six_yard,Deep Zonal,4,7,3,3,0,0,1,1,0,1,1,0,0,0.1535,1
free_kick_wide,outswinger,edge_box,Deep Zonal,3,4,6,3,0,0,0,1,0,0,1,1,0,0.1034,1
corner,outswinger,edge_box,Man-to-Man,6,5,2,3,0,0,0,0,0,0,0,0,0,0.0965,1
free_kick_wide,outswinger,penalty_spot,Hybrid,10,5,3,0,0,0,1,1,1,1,1,0,0,0.1682,1
corner,driven,near_post,Man-to-Man,10,2,2,3,0,0,0,1,0,0,1,1,1,0.0864,1
throw_in,inswinger,near_post,Man-to-Man,8,2,5,1,0,1,0,0,0,1,1,0,0,0.0963,1
corner,straight,far_post,Deep Zonal,11,7,10,0,1,0,0,1,1,1,1,0,1,0.1524,1
kick_off,inswinger,edge_box,Deep Zonal,4,5,9,1,0,0,1,0,1,0,1,0,0,0.1247,1
play_restart,lofted,near_post,High Zonal,10,4,1,0,0,1,0,1,0,0,1,0,0,0.1196,1
corner,driven,far_post,Deep Zonal,10,1,9,1,0,1,0,1,1,0,0,1,0,0.1275,1
corner,lofted,central,Hybrid,11,1,2,1,0,0,1,0,0,0,0,0,1,0.0742,0
corner,lofted,penalty_spot,High Zonal,5,4,10,0,0,0,1,0,1,0,0,1,0,0.1647,1
throw_in,outswinger,far_post,High Zonal,8,1,3,4,1,0,0,1,0,1,1,0,1,0.1214,1
corner,long,central,Man-to-Man,5,1,2,3,0,0,1,1,0,0,0,1,0,0.1354,1
goal_kick,outswinger,near_post,Hybrid,7,5,8,1,0,0,0,0,0,0,1,0,0,0.073,1
goal_kick,driven,central,Hybrid,11,7,9,1,0,0,1,0,0,0,0,1,0,0.1053,0
goal_kick,straight,far_post,Man-to-Man,7,6,4,1,0,1,1,0,1,0,0,0,0,0.1448,1
free_kick_central,straight,wide_channel,Man-to-Man,9,4,6,3,0,0,0,1,0,0,0,0,0,0.103,1
play_restart,lofted,central,Deep Zonal,7,7,8,1,0,0,0,0,0,1,1,1,0,0.1446,0
corner,driven,far_post,Deep Zonal,3,5,9,0,1,0,0,1,1,1,1,0,0,0.1806,0
free_kick_wide,lofted,penalty_spot,Deep Zonal,4,7,5,2,0,0,0,1,0,1,0,1,1,0.169,1
free_kick_wide,inswinger,penalty_spot,High Zonal,9,2,8,1,0,0,0,0,0,0,0,1,0,0.1736,0
play_restart,outswinger,central,Deep Zonal,5,5,8,4,0,0,0,0,0,1,1,1,1,0.13,1
penalty,outswinger,near_post,High Zonal,5,7,8,1,1,0,1,1,0,0,1,0,0,0.7528,1
goal_kick,straight,wide_channel,Man-to-Man,3,7,9,3,0,0,1,1,0,0,0,0,0,0.1436,1
corner,straight,wide_channel,Hybrid,10,7,9,1,1,0,0,0,0,0,0,1,0,0.115,1
play_restart,outswinger,far_post,Hybrid,3,2,5,0,1,0,0,1,1,0,1,0,0,0.1031,1
free_kick_central,driven,penalty_spot,Hybrid,7,5,4,1,0,0,0,0,1,0,0,0,0,0.1842,1
free_kick_central,outswinger,near_post,Deep Zonal,5,1,10,4,1,0,0,1,1,0,0,0,0,0.1854,1
play_restart,long,near_post,Hybrid,11,3,5,0,0,1,0,0,1,0,0,0,0,0.0876,1
free_kick_wide,driven,near_post,Hybrid,8,1,10,4,1,0,0,0,0,0,1,0,0,0.1061,1
free_kick_wide,short,edge_box,Man-to-Man,3,6,10,0,0,1,1,1,0,0,0,0,1,0.182,1
throw_in,straight,central,High Zonal,8,6,1,3,0,1,0,1,1,1,0,0,0,0.1121,1
corner,inswinger,central,Hybrid,4,1,2,3,0,0,1,0,0,0,1,0,0,0.1104,0
free_kick_wide,inswinger,near_post,High Zonal,8,7,6,2,0,0,0,0,0,0,1,0,0,0.1152,1
corner,long,near_post,Deep Zonal,5,6,1,0,0,0,1,0,0,0,0,0,0,0.1051,1
corner,straight,far_post,Man-to-Man,9,6,7,3,0,0,0,1,0,1,1,0,0,0.1404,1
kick_off,inswinger,penalty_spot,Hybrid,7,4,1,0,0,0,1,1,0,1,0,1,0,0.0925,1
throw_in,lofted,penalty_spot,Hybrid,6,7,9,3,0,1,0,1,0,0,0,1,0,0.1775,1
free_kick_wide,long,far_post,Hybrid,10,7,5,3,0,0,0,0,1,0,1,0,1,0.1036,1
free_kick_wide,driven,far_post,Deep Zonal,6,4,7,4,0,1,0,1,1,1,0,1,1,0.1707,1
free_kick_wide,straight,edge_box,High Zonal,5,3,5,1,1,0,0,1,1,0,1,0,0,0.1552,0
throw_in,lofted,central,Hybrid,7,6,7,3,0,1,1,1,1,0,1,0,0,0.1516,1
play_restart,inswinger,central,Hybrid,10,1,7,0,0,0,0,1,0,0,0,0,0,0.0833,0
play_restart,inswinger,six_yard,Deep Zonal,3,3,3,2,1,0,0,1,1,0,1,0,1,0.1575,1
free_kick_wide,driven,edge_box,Man-to-Man,5,1,9,3,0,1,1,0,1,1,1,1,0,0.17,0
free_kick_wide,driven,far_post,Hybrid,8,6,9,0,0,1,0,1,0,0,0,0,0,0.1149,1
free_kick_central,straight,central,High Zonal,5,1,4,4,1,0,1,1,0,0,1,0,0,0.2061,1
penalty,inswinger,near_post,Hybrid,9,6,1,1,1,0,0,0,1,0,0,0,1,0.7653,0
free_kick_central,outswinger,near_post,Man-to-Man,3,4,5,4,0,0,1,0,0,1,1,0,0,0.1923,1
throw_in,long,six_yard,Man-to-Man,5,4,7,0,0,0,0,0,0,0,0,0,0,0.1104,1
penalty,driven,penalty_spot,High Zonal,8,5,8,1,0,0,0,0,0,0,0,1,1,0.7427,1
free_kick_wide,outswinger,near_post,Man-to-Man,10,1,3,3,1,1,0,0,0,1,0,0,0,0.1162,1
free_kick_wide,inswinger,near_post,Deep Zonal,6,6,5,0,0,0,0,0,0,1,0,0,0,0.1212,1
free_kick_wide,long,central,Man-to-Man,5,2,8,4,1,0,0,0,0,0,1,0,1,0.1808,1
corner,long,central,Man-to-Man,11,6,6,4,0,0,0,1,0,1,0,0,0,0.1231,1
corner,straight,penalty_spot,Hybrid,7,7,8,0,0,0,0,1,0,0,0,0,0,0.1726,0
throw_in,short,far_post,Man-to-Man,4,4,7,4,0,1,0,0,1,1,0,1,1,0.1151,1
free_kick_wide,lofted,six_yard,Man-to-Man,10,5,2,2,0,0,0,0,1,0,0,1,1,0.129,1
corner,outswinger,edge_box,Deep Zonal,3,7,3,4,1,0,1,0,0,0,0,1,0,0.1272,1
penalty,short,wide_channel,Deep Zonal,9,3,8,3,0,0,0,0,1,0,0,0,0,0.7938,1
goal_kick,short,six_yard,Man-to-Man,11,3,8,1,0,0,0,1,0,0,0,0,0,0.117,1
corner,short,wide_channel,Hybrid,8,7,9,0,0,1,0,0,0,0,1,0,0,0.0926,1
goal_kick,driven,wide_channel,Man-to-Man,11,3,3,1,0,0,0,1,0,0,0,0,0,0.019,0
play_restart,short,central,Man-to-Man,8,3,1,2,0,1,1,1,0,0,1,0,1,0.0937,0
throw_in,short,central,Deep Zonal,8,1,3,2,0,1,0,1,0,0,0,0,0,0.0469,1
throw_in,inswinger,near_post,Man-to-Man,3,3,5,3,1,0,0,0,0,0,1,0,0,0.1331,1
corner,long,penalty_spot,Man-to-Man,4,2,2,4,0,0,0,0,1,0,1,0,0,0.1158,0
play_restart,inswinger,edge_box,Man-to-Man,9,6,2,1,0,0,0,1,0,0,0,1,0,0.0861,1
free_kick_wide,inswinger,near_post,Deep Zonal,9,4,2,0,0,1,0,1,0,0,1,0,0,0.0938,0
play_restart,straight,six_yard,Deep Zonal,8,3,2,3,0,0,0,1,1,1,1,0,1,0.1196,1
penalty,short,edge_box,Deep Zonal,4,7,4,3,0,0,0,0,1,0,0,1,0,0.746,1
corner,lofted,penalty_spot,Deep Zonal,3,4,9,3,1,0,1,0,0,0,1,1,0,0.1901,0
corner,long,far_post,Deep Zonal,3,3,4,3,1,1,0,1,0,0,1,1,1,0.1892,1
throw_in,driven,near_post,High Zonal,4,6,3,3,0,0,0,1,1,1,0,1,0,0.1248,1
penalty,outswinger,far_post,Man-to-Man,4,2,6,2,0,0,0,1,1,0,0,0,0,0.7391,0
corner,short,near_post,Hybrid,11,4,7,1,0,0,0,0,0,0,0,0,0,0.0708,1
goal_kick,lofted,penalty_spot,High Zonal,10,5,4,3,1,0,0,0,0,0,0,0,0,0.1071,1
goal_kick,straight,central,Man-to-Man,4,3,1,0,0,0,1,1,0,1,0,1,1,0.1217,1
free_kick_central,driven,central,Hybrid,5,4,3,0,1,0,0,0,0,0,1,1,0,0.1806,0
free_kick_central,short,far_post,Hybrid,11,1,1,0,1,0,0,1,0,0,0,1,0,0.1283,1
corner,outswinger,penalty_spot,Hybrid,7,6,2,1,1,0,0,1,1,0,0,1,0,0.1596,0
goal_kick,short,central,Deep Zonal,5,7,7,2,0,1,0,1,1,0,0,1,0,0.1376,0
free_kick_wide,outswinger,wide_channel,High Zonal,5,5,2,2,1,0,0,0,1,0,0,0,0,0.0864,1
kick_off,inswinger,near_post,Hybrid,6,4,4,0,0,0,0,1,1,0,1,1,0,0.0642,1
free_kick_wide,outswinger,wide_channel,Man-to-Man,7,7,4,2,0,0,0,0,0,0,0,1,0,0.0791,1
penalty,inswinger,near_post,Deep Zonal,7,6,9,3,0,0,0,0,0,0,0,1,0,0.765,1
corner,straight,central,Hybrid,7,4,2,1,0,0,0,1,0,0,1,1,0,0.087,1
corner,driven,wide_channel,Deep Zonal,8,5,1,2,0,1,0,0,0,0,0,0,0,0.051,1
goal_kick,straight,edge_box,Man-to-Man,5,7,6,1,0,0,0,1,1,1,1,0,0,0.0947,0
free_kick_central,driven,penalty_spot,Hybrid,7,2,7,4,0,0,0,1,0,0,0,0,1,0.1545,0
free_kick_central,short,edge_box,Hybrid,10,6,6,2,0,1,0,1,0,0,1,0,0,0.1014,1
play_restart,inswinger,far_post,Man-to-Man,6,3,8,4,0,0,0,1,0,1,1,1,0,0.1028,1
play_restart,inswinger,edge_box,High Zonal,11,1,9,1,0,1,0,0,0,0,1,1,0,0.1258,0
goal_kick,lofted,near_post,Hybrid,7,3,7,1,0,0,0,1,0,0,0,0,0,0.0577,0
corner,short,edge_box,Deep Zonal,6,4,6,3,0,0,0,1,0,0,0,0,1,0.0669,1
throw_in,lofted,wide_channel,Man-to-Man,9,6,7,1,0,0,0,0,1,0,1,0,0,0.0835,0
kick_off,outswinger,six_yard,Man-to-Man,6,2,3,3,0,0,0,1,1,1,0,0,1,0.0992,1
free_kick_wide,long,edge_box,High Zonal,6,4,3,0,0,0,0,0,0,0,0,1,1,0.0585,1
corner,driven,edge_box,Man-to-Man,6,5,4,4,1,1,0,0,0,0,1,0,0,0.1088,1
goal_kick,lofted,far_post,Deep Zonal,7,5,8,3,1,0,1,0,0,1,1,0,0,0.096,1
free_kick_central,inswinger,far_post,Deep Zonal,3,6,9,2,0,1,0,1,1,0,0,0,1,0.2077,1
penalty,lofted,six_yard,Hybrid,6,6,6,2,0,0,0,1,0,0,1,0,1,0.7562,1
play_restart,straight,penalty_spot,Man-to-Man,9,4,7,1,0,1,0,0,0,0,0,0,0,0.1361,1
throw_in,driven,far_post,Deep Zonal,5,2,8,1,0,0,0,1,0,1,1,0,0,0.1244,0
free_kick_wide,short,edge_box,High Zonal,7,7,3,1,0,0,0,0,0,1,0,0,0,0.0892,1
free_kick_wide,short,near_post,Man-to-Man,5,7,2,3,0,0,1,1,1,1,0,0,0,0.1487,1
free_kick_wide,straight,six_yard,Man-to-Man,11,1,8,1,1,0,0,0,0,1,0,0,0,0.1157,0
corner,driven,six_yard,High Zonal,5,4,2,1,0,1,1,1,0,0,0,0,1,0.1725,1
goal_kick,outswinger,central,Hybrid,9,6,2,1,0,0,0,1,1,0,1,1,1,0.0914,0
goal_kick,straight,near_post,Deep Zonal,9,5,4,2,0,0,1,0,0,0,1,0,0,0.0278,1
corner,short,edge_box,Man-to-Man,6,7,8,1,0,1,0,0,0,1,0,1,0,0.1759,1
free_kick_wide,long,central,Hybrid,11,2,4,2,0,0,0,1,0,1,0,1,0,0.0794,0
kick_off,straight,wide_channel,Man-to-Man,11,7,2,4,0,0,1,0,1,0,0,0,0,0.0876,1
corner,long,near_post,Hybrid,3,2,2,1,0,0,0,1,1,1,0,0,0,0.1368,1
free_kick_central,straight,central,High Zonal,8,1,3,0,1,0,0,0,0,0,0,0,0,0.1298,0
free_kick_central,long,near_post,Deep Zonal,4,6,1,3,1,0,1,0,0,0,0,0,1,0.1186,1
throw_in,long,edge_box,High Zonal,11,7,4,1,1,1,1,1,1,0,0,0,0,0.1127,1
corner,long,penalty_spot,High Zonal,11,3,1,3,0,0,0,0,1,1,1,0,0,0.0843,1
throw_in,driven,six_yard,Deep Zonal,6,2,9,4,0,0,0,0,1,1,0,1,0,0.1613,0
free_kick_wide,short,wide_channel,High Zonal,6,7,1,2,1,0,0,1,1,0,0,1,0,0.1202,1
throw_in,inswinger,penalty_spot,Deep Zonal,10,1,2,2,0,0,0,0,1,0,0,1,0,0.0969,1
corner,long,central,High Zonal,6,5,1,3,1,0,0,0,0,0,1,0,0,0.113,1
free_kick_central,inswinger,near_post,High Zonal,9,1,3,0,0,1,0,0,1,1,0,1,1,0.1576,0
free_kick_central,outswinger,six_yard,Hybrid,8,5,9,0,0,1,1,1,0,0,0,0,0,0.2154,0
corner,driven,central,Man-to-Man,5,1,6,0,0,1,1,1,0,0,0,0,1,0.1686,1
corner,straight,six_yard,Deep Zonal,6,3,10,2,0,0,0,1,0,0,0,1,0,0.1678,1
corner,straight,six_yard,Man-to-Man,11,4,7,4,1,0,0,0,1,0,0,0,0,0.1292,1
free_kick_wide,lofted,penalty_spot,Deep Zonal,7,7,5,3,1,0,1,0,0,0,0,0,0,0.1813,1
corner,outswinger,penalty_spot,Deep Zonal,6,5,10,4,1,1,0,1,1,1,0,0,0,0.1884,1
play_restart,inswinger,wide_channel,Hybrid,11,7,2,1,1,1,0,0,0,0,0,0,0,0.0601,0
free_kick_wide,inswinger,edge_box,Man-to-Man,8,4,2,4,1,0,0,0,1,0,0,0,1,0.1124,0
goal_kick,outswinger,edge_box,Hybrid,8,2,4,3,1,0,0,1,0,1,1,0,0,0.0569,1
play_restart,long,far_post,Deep Zonal,6,3,10,0,1,1,1,1,0,0,0,0,1,0.1192,0
corner,driven,far_post,Deep Zonal,9,4,9,2,1,0,0,0,0,0,0,0,0,0.0602,0
throw_in,short,far_post,Hybrid,3,4,6,3,0,0,0,1,1,0,1,0,0,0.0982,1
kick_off,outswinger,wide_channel,Hybrid,4,7,10,1,1,0,1,1,1,0,0,0,0,0.1167,1
throw_in,short,penalty_spot,High Zonal,10,7,7,3,0,0,0,0,0,0,0,0,0,0.0918,1
free_kick_wide,inswinger,edge_box,Deep Zonal,5,1,3,2,0,0,0,0,1,0,0,0,1,0.0976,1
free_kick_wide,long,near_post,Hybrid,11,6,1,3,0,1,0,0,1,1,0,1,1,0.1055,0
corner,short,six_yard,Deep Zonal,11,3,1,3,1,0,0,1,0,1,0,0,0,0.0865,1
free_kick_central,inswinger,far_post,Man-to-Man,6,5,9,1,1,0,0,1,1,1,1,0,0,0.1914,0
play_restart,driven,edge_box,Hybrid,11,7,4,0,0,1,0,1,0,0,1,0,1,0.1223,1
play_restart,long,near_post,High Zonal,9,7,5,4,0,0,0,1,1,1,0,0,0,0.1236,1
corner,outswinger,six_yard,High Zonal,10,4,4,4,1,0,0,1,1,0,1,1,0,0.1462,1
throw_in,short,edge_box,Hybrid,7,1,1,4,1,0,0,0,1,1,1,0,0,0.0499,1
free_kick_wide,short,far_post,Hybrid,4,7,1,0,0,0,1,1,1,0,0,0,0,0.0872,0
kick_off,inswinger,central,Hybrid,7,7,8,3,1,0,0,1,1,0,0,0,1,0.1448,0
corner,inswinger,central,Man-to-Man,10,3,7,0,1,0,0,0,1,0,0,0,0,0.1766,1
play_restart,long,central,High Zonal,3,1,3,2,0,1,0,0,0,0,1,0,0,0.0951,1
goal_kick,lofted,near_post,Hybrid,3,4,2,4,0,0,0,0,0,1,0,0,0,0.0734,1
corner,short,far_post,High Zonal,10,6,6,1,0,0,0,1,0,0,0,0,1,0.0611,1
corner,short,far_post,High Zonal,8,4,1,1,1,0,0,0,1,1,1,0,0,0.1035,0
goal_kick,short,far_post,Man-to-Man,7,1,3,2,1,1,0,0,0,1,0,0,0,0.0761,1
corner,straight,edge_box,Deep Zonal,9,4,8,2,1,1,0,1,0,1,0,0,0,0.0973,1
free_kick_central,inswinger,far_post,Hybrid,9,4,2,0,1,0,1,1,0,0,0,0,0,0.1111,0
kick_off,straight,near_post,Hybrid,6,7,8,1,0,0,0,1,1,0,1,0,1,0.1572,1
penalty,lofted,six_yard,Hybrid,8,6,9,4,0,0,0,0,0,0,0,1,1,0.7432,1
free_kick_wide,driven,far_post,Hybrid,7,5,2,0,0,0,0,1,0,1,0,1,0,0.0989,1
free_kick_central,lofted,edge_box,Man-to-Man,4,3,7,1,0,1,0,0,1,0,1,1,0,0.1849,0
corner,inswinger,wide_channel,Hybrid,9,7,8,3,1,0,0,0,0,0,0,1,0,0.0683,1
play_restart,short,edge_box,Hybrid,6,2,6,1,1,0,0,1,0,1,1,0,1,0.114,0
free_kick_wide,short,penalty_spot,Deep Zonal,11,3,3,3,0,0,0,0,0,0,0,0,0,0.0606,0
corner,outswinger,penalty_spot,Deep Zonal,6,6,10,1,0,0,0,1,0,0,0,0,1,0.1557,0
corner,outswinger,six_yard,Man-to-Man,4,7,4,0,0,1,1,0,1,0,1,1,0,0.1829,1
play_restart,driven,six_yard,Hybrid,10,6,3,4,0,0,0,0,0,1,0,0,0,0.0967,1
corner,long,near_post,Deep Zonal,4,5,2,3,0,0,1,1,1,0,0,0,0,0.0995,1
kick_off,short,penalty_spot,Deep Zonal,11,7,10,1,0,1,0,1,1,0,0,1,0,0.1257,1
throw_in,outswinger,six_yard,Deep Zonal,8,1,3,0,0,1,0,1,0,1,0,0,0,0.0777,0
goal_kick,short,six_yard,Hybrid,7,5,2,2,0,1,0,0,0,1,0,0,0,0.0974,1
play_restart,inswinger,near_post,Man-to-Man,5,3,1,3,1,0,0,1,1,0,0,0,0,0.1056,1
goal_kick,inswinger,far_post,Deep Zonal,4,5,3,3,0,0,0,1,0,0,0,1,1,0.0901,1
play_restart,short,far_post,Man-to-Man,4,2,7,3,0,0,1,1,0,0,0,0,0,0.0899,1
corner,outswinger,central,Man-to-Man,10,4,7,2,1,1,0,1,1,0,1,1,0,0.2112,1
goal_kick,lofted,edge_box,Man-to-Man,4,2,9,4,0,0,0,1,1,0,1,0,1,0.1033,1
penalty,straight,far_post,Man-to-Man,3,5,7,0,0,0,0,1,0,0,1,0,0,0.7535,1
penalty,inswinger,central,High Zonal,4,7,1,4,1,0,0,1,0,0,0,0,1,0.7584,1
kick_off,inswinger,central,High Zonal,8,1,9,4,1,0,1,0,0,0,1,1,1,0.1477,1
play_restart,long,six_yard,Hybrid,7,7,3,4,0,0,0,1,1,1,1,0,1,0.1222,1
throw_in,inswinger,six_yard,Man-to-Man,6,5,10,1,0,0,0,1,0,0,1,0,0,0.1454,1
free_kick_central,inswinger,six_yard,Hybrid,11,1,4,4,0,0,1,1,0,0,1,0,1,0.1464,1
free_kick_central,straight,wide_channel,Hybrid,6,5,1,4,1,0,0,1,1,0,0,1,0,0.0845,1
free_kick_wide,outswinger,wide_channel,Deep Zonal,10,1,4,4,0,1,0,1,1,1,1,1,0,0.0933,1
free_kick_wide,short,far_post,Deep Zonal,4,6,5,1,1,0,0,0,1,0,0,0,0,0.0998,1
free_kick_wide,straight,near_post,Hybrid,7,2,9,3,0,1,1,1,1,1,0,0,0,0.1538,0
corner,inswinger,six_yard,High Zonal,4,1,6,4,0,0,0,1,1,0,1,0,0,0.1707,1
corner,driven,penalty_spot,Hybrid,3,6,1,0,0,0,1,1,0,0,0,1,0,0.1624,1
goal_kick,straight,far_post,High Zonal,9,4,1,1,0,0,0,0,0,0,0,0,1,0.0314,0
free_kick_central,short,wide_channel,Deep Zonal,9,5,7,3,0,0,0,1,0,0,1,0,1,0.0968,1
play_restart,inswinger,central,Deep Zonal,8,6,1,4,0,1,0,0,1,1,0,1,0,0.1109,0
throw_in,short,wide_channel,Man-to-Man,7,4,6,3,0,0,0,1,0,0,1,1,0,0.0622,1
corner,outswinger,penalty_spot,Deep Zonal,5,6,9,2,0,0,0,0,1,0,0,0,0,0.1368,0
corner,straight,near_post,Hybrid,10,5,9,4,0,1,0,1,0,0,0,0,0,0.1417,1
corner,outswinger,six_yard,Hybrid,4,1,7,1,1,0,0,1,0,0,0,0,0,0.1238,1
play_restart,lofted,edge_box,Man-to-Man,7,7,4,3,1,0,0,1,0,1,0,0,0,0.1179,1
corner,outswinger,penalty_spot,Hybrid,11,7,6,4,0,0,0,1,0,0,0,0,1,0.0982,1
free_kick_central,lofted,penalty_spot,High Zonal,9,2,2,1,1,0,1,0,0,0,1,1,0,0.1554,1
play_restart,lofted,central,Hybrid,10,5,8,0,0,1,0,1,0,0,0,1,0,0.1346,0
play_restart,straight,central,Man-to-Man,4,1,2,0,0,0,0,0,0,1,0,0,0,0.0764,1
corner,outswinger,near_post,High Zonal,3,2,1,3,0,1,1,1,0,0,1,0,0,0.1399,0
corner,straight,near_post,Hybrid,10,5,7,1,0,1,0,1,0,0,0,1,1,0.1289,1
corner,lofted,central,High Zonal,8,3,6,3,0,0,0,1,0,0,0,1,0,0.117,1
corner,short,penalty_spot,Man-to-Man,10,7,6,2,0,0,0,0,0,0,1,1,0,0.1308,1
corner,short,near_post,Man-to-Man,10,1,5,4,0,0,0,0,1,0,0,0,0,0.099,1
penalty,inswinger,penalty_spot,High Zonal,6,5,6,3,1,0,0,0,1,0,0,1,1,0.7645,1
kick_off,driven,central,Deep Zonal,3,5,5,2,0,0,0,0,0,0,1,1,0,0.0795,1
free_kick_central,inswinger,central,High Zonal,11,7,2,1,0,0,0,1,0,1,0,0,1,0.1461,0
throw_in,inswinger,wide_channel,Hybrid,5,6,6,1,0,1,0,1,1,0,0,0,1,0.1065,1
corner,outswinger,wide_channel,Hybrid,4,7,1,1,0,0,1,0,1,0,0,1,0,0.097,1
goal_kick,straight,six_yard,Hybrid,8,6,1,0,0,0,0,1,0,0,0,0,0,0.0897,1
throw_in,driven,near_post,Deep Zonal,3,2,6,1,0,0,1,0,0,1,1,0,0,0.1117,1
kick_off,driven,edge_box,Deep Zonal,3,3,8,4,0,0,0,0,1,0,0,0,1,0.0938,1
play_restart,inswinger,near_post,Hybrid,9,5,1,4,0,0,0,1,1,0,0,0,0,0.015,1
free_kick_wide,straight,penalty_spot,Deep Zonal,3,7,4,1,0,0,0,1,1,1,0,1,1,0.1919,1
corner,driven,six_yard,Deep Zonal,8,7,10,1,0,0,1,1,1,1,0,0,0,0.1742,1
corner,short,far_post,High Zonal,7,5,8,3,1,1,0,1,0,1,0,0,0,0.1608,1
free_kick_wide,inswinger,wide_channel,Hybrid,3,1,9,0,1,0,0,1,1,0,0,0,1,0.1651,1
play_restart,straight,edge_box,High Zonal,11,3,7,3,0,0,0,1,0,0,1,0,0,0.022,1
free_kick_wide,short,central,High Zonal,4,5,2,2,1,0,0,0,0,0,0,0,0,0.1241,1
goal_kick,lofted,near_post,Hybrid,8,6,4,3,1,0,1,1,1,0,0,1,1,0.1391,1
penalty,long,six_yard,Hybrid,4,2,6,0,0,1,0,0,1,0,0,0,0,0.774,0
corner,inswinger,far_post,Hybrid,8,4,7,4,1,0,0,0,1,0,0,0,0,0.1446,1
free_kick_wide,long,near_post,Hybrid,4,6,2,3,1,1,0,0,0,0,1,0,1,0.1657,1
throw_in,outswinger,near_post,High Zonal,10,6,10,0,0,0,0,1,0,0,0,1,0,0.1021,0
throw_in,driven,wide_channel,Deep Zonal,7,2,10,4,0,0,1,1,1,0,0,0,0,0.0685,1
free_kick_wide,straight,central,Hybrid,3,2,1,0,1,1,1,1,0,1,0,1,0,0.1608,1
corner,inswinger,wide_channel,Deep Zonal,3,3,6,0,0,0,1,0,0,0,0,0,0,0.1097,0
throw_in,straight,edge_box,Hybrid,7,5,2,3,0,1,1,0,1,1,1,0,1,0.119,1
corner,outswinger,central,Hybrid,7,5,4,4,0,0,0,1,0,1,0,0,0,0.1364,0
play_restart,outswinger,far_post,Hybrid,5,6,9,0,0,0,0,1,0,0,1,0,0,0.1088,1
corner,short,edge_box,Hybrid,8,4,7,3,0,0,0,1,1,0,0,0,0,0.0967,1
corner,long,far_post,Hybrid,10,7,4,4,0,0,1,1,0,0,1,1,0,0.1057,1
free_kick_central,driven,near_post,Man-to-Man,9,1,1,0,1,1,1,0,1,0,1,1,1,0.1627,1
free_kick_central,straight,central,High Zonal,9,4,9,0,0,0,0,0,1,0,0,0,0,0.1857,1
free_kick_central,inswinger,six_yard,Deep Zonal,11,2,3,1,1,0,0,1,0,0,0,1,0,0.1146,0
free_kick_wide,straight,edge_box,Hybrid,4,4,7,1,1,0,0,1,0,0,0,1,0,0.1458,0
play_restart,straight,far_post,Hybrid,3,7,3,1,0,0,1,1,1,0,1,0,1,0.1041,1
free_kick_central,inswinger,central,High Zonal,4,7,8,3,1,0,1,1,1,1,1,0,0,0.2574,1
free_kick_central,driven,far_post,Man-to-Man,3,7,4,1,0,0,1,0,1,0,0,0,0,0.2056,1
free_kick_wide,lofted,edge_box,Deep Zonal,5,4,8,2,0,0,1,0,1,0,0,0,0,0.1291,0
corner,inswinger,near_post,Deep Zonal,4,5,1,1,0,0,1,0,1,0,1,0,0,0.1154,1
throw_in,driven,wide_channel,Man-to-Man,11,4,7,1,0,0,1,0,0,0,0,1,1,0.0419,1
corner,short,six_yard,Deep Zonal,6,1,10,4,1,1,0,0,0,1,0,0,0,0.1266,0
throw_in,outswinger,central,Man-to-Man,4,2,5,1,0,0,1,0,0,1,1,1,0,0.143,1
corner,short,six_yard,High Zonal,7,6,5,1,0,0,0,0,0,0,0,0,0,0.1104,1
play_restart,inswinger,edge_box,Deep Zonal,6,1,7,1,1,0,0,1,0,0,0,0,1,0.073,1
free_kick_central,inswinger,edge_box,Hybrid,3,5,9,4,1,0,0,1,1,0,1,0,0,0.1329,1
kick_off,lofted,near_post,Man-to-Man,11,4,9,4,1,0,0,0,0,1,1,1,0,0.0923,1
free_kick_central,short,wide_channel,Hybrid,9,3,1,2,0,1,0,1,0,0,0,0,1,0.0904,1
corner,outswinger,far_post,Hybrid,10,6,3,2,0,0,0,1,1,1,0,1,0,0.0989,1
goal_kick,straight,six_yard,Deep Zonal,11,2,9,2,0,0,0,1,0,1,0,0,0,0.0819,1
throw_in,lofted,central,Deep Zonal,10,2,10,2,0,0,0,1,0,1,0,1,0,0.0931,0
goal_kick,straight,central,Deep Zonal,5,2,7,3,1,0,0,1,1,0,1,1,0,0.1322,1
free_kick_wide,lofted,wide_channel,Man-to-Man,9,1,1,0,0,0,1,0,0,0,1,0,0,0.0502,0
throw_in,driven,far_post,Deep Zonal,3,1,7,4,1,0,0,1,0,1,0,1,0,0.1074,1
goal_kick,outswinger,near_post,Deep Zonal,6,1,10,3,0,0,1,1,1,0,0,0,0,0.0943,1
throw_in,long,six_yard,High Zonal,9,5,9,4,0,0,0,0,1,0,0,0,1,0.1155,0
free_kick_wide,long,central,Deep Zonal,9,3,8,2,0,0,1,1,1,0,0,0,0,0.1513,1
throw_in,driven,six_yard,Hybrid,9,3,6,0,0,0,1,1,1,0,0,0,0,0.1106,0
throw_in,straight,wide_channel,Deep Zonal,9,6,10,1,1,1,0,1,1,0,1,0,0,0.1217,1
play_restart,inswinger,near_post,Hybrid,3,4,7,1,1,0,0,0,1,0,1,1,0,0.1191,0
free_kick_wide,inswinger,penalty_spot,Deep Zonal,8,1,6,3,1,1,0,1,1,1,1,1,0,0.2134,1
free_kick_wide,short,wide_channel,Deep Zonal,8,4,9,0,1,1,0,1,0,0,0,0,1,0.1586,0
goal_kick,driven,wide_channel,Man-to-Man,4,5,1,0,0,0,0,1,0,0,1,0,0,0.0735,1
free_kick_central,long,far_post,High Zonal,5,5,2,0,0,0,1,1,1,0,0,0,0,0.1615,1
throw_in,short,edge_box,Deep Zonal,7,7,9,3,1,0,1,1,0,0,0,0,1,0.1042,1
free_kick_central,inswinger,penalty_spot,High Zonal,8,5,1,0,0,1,0,1,0,0,0,0,0,0.1787,1
corner,inswinger,central,High Zonal,10,6,9,3,0,0,0,1,1,0,0,1,0,0.1467,1
goal_kick,driven,edge_box,Man-to-Man,9,4,10,3,0,0,1,0,1,0,0,0,0,0.078,1
corner,short,central,High Zonal,11,5,3,2,1,0,0,1,0,0,1,0,1,0.1229,0
corner,driven,central,High Zonal,5,2,9,0,1,0,0,0,1,0,0,1,1,0.16,1
throw_in,inswinger,far_post,Man-to-Man,6,7,6,0,0,0,0,0,1,0,0,0,0,0.1299,1
goal_kick,straight,six_yard,Deep Zonal,5,1,6,4,0,0,0,0,1,1,0,0,0,0.1115,1
kick_off,lofted,central,High Zonal,11,7,10,3,0,0,0,0,0,1,0,0,0,0.1344,0
corner,inswinger,central,Hybrid,8,5,8,3,0,0,1,0,1,0,0,0,0,0.1356,1
corner,inswinger,near_post,Hybrid,7,3,9,4,0,0,1,1,1,1,0,0,0,0.1306,1
play_restart,long,near_post,Man-to-Man,8,3,9,2,0,0,0,1,0,1,0,0,0,0.116,0
corner,short,wide_channel,Man-to-Man,5,1,8,4,1,0,1,1,1,0,0,1,0,0.1394,1
corner,lofted,far_post,Hybrid,10,3,5,2,0,0,0,0,0,0,1,0,0,0.0779,1
corner,lofted,central,Hybrid,8,1,2,4,0,0,0,1,1,1,0,1,0,0.1311,0
free_kick_central,long,wide_channel,High Zonal,7,4,1,3,1,0,0,1,0,1,1,0,1,0.1039,1
kick_off,inswinger,near_post,High Zonal,9,1,3,1,0,1,0,0,0,0,0,0,1,0.07,0
goal_kick,straight,far_post,Deep Zonal,10,1,5,0,0,0,1,1,0,0,0,0,0,0.033,1
throw_in,driven,six_yard,Deep Zonal,6,5,2,4,0,1,0,0,0,0,0,0,0,0.1214,1
corner,straight,edge_box,Hybrid,9,2,4,1,0,0,1,1,0,0,1,1,0,0.0877,1
free_kick_wide,lofted,central,Man-to-Man,10,3,8,4,0,0,1,1,0,0,0,0,0,0.1516,1
free_kick_central,long,edge_box,Hybrid,8,5,1,0,1,0,1,1,0,0,0,0,0,0.1253,1
corner,inswinger,penalty_spot,Man-to-Man,4,4,4,2,0,1,1,1,1,0,0,0,0,0.2048,1
corner,short,edge_box,Man-to-Man,4,4,10,0,0,0,1,1,0,0,0,1,0,0.128,0
free_kick_wide,long,central,Hybrid,3,4,4,0,0,0,1,0,0,1,1,0,0,0.1489,1
corner,inswinger,six_yard,Man-to-Man,5,5,8,2,1,0,0,0,0,0,0,0,0,0.1856,1
penalty,outswinger,penalty_spot,Hybrid,4,5,7,2,1,0,0,0,0,1,0,1,0,0.7532,1
throw_in,long,edge_box,Deep Zonal,8,1,8,1,1,1,1,1,0,1,1,1,1,0.1382,1
corner,inswinger,wide_channel,Deep Zonal,11,7,8,1,1,0,0,0,1,0,0,1,0,0.1141,1
free_kick_central,outswinger,six_yard,Man-to-Man,3,6,6,1,0,0,0,1,1,0,0,0,0,0.235,1
goal_kick,long,edge_box,Hybrid,5,3,10,1,0,0,1,1,0,1,1,1,1,0.1253,1
goal_kick,driven,central,High Zonal,3,3,3,3,0,0,1,1,1,0,0,0,0,0.1012,1
goal_kick,short,near_post,Man-to-Man,3,6,3,1,0,0,0,1,1,0,1,1,0,0.124,1
free_kick_central,lofted,penalty_spot,High Zonal,3,5,6,3,0,0,0,0,1,0,0,1,1,0.1865,1
goal_kick,lofted,near_post,Hybrid,8,6,8,3,1,0,0,0,1,0,1,0,0,0.1326,1
corner,straight,edge_box,Man-to-Man,11,4,7,1,0,0,1,0,1,1,1,1,0,0.0733,0
free_kick_wide,inswinger,edge_box,High Zonal,9,4,10,0,1,1,1,1,0,0,1,0,0,0.1203,1
corner,driven,penalty_spot,High Zonal,9,4,6,0,0,0,1,0,0,1,1,0,0,0.1814,1
free_kick_central,outswinger,near_post,Man-to-Man,4,3,8,2,1,0,0,0,0,0,1,0,1,0.2144,1
free_kick_wide,driven,six_yard,High Zonal,10,6,2,0,0,1,1,0,1,0,0,1,0,0.1874,0
corner,short,penalty_spot,High Zonal,8,6,1,0,1,0,0,1,0,0,1,0,1,0.1623,1
goal_kick,straight,far_post,High Zonal,11,1,9,2,1,0,0,1,0,0,1,1,0,0.0497,0
free_kick_wide,short,penalty_spot,High Zonal,6,1,5,1,0,1,1,1,0,0,0,1,1,0.1855,1
corner,short,near_post,Deep Zonal,9,1,3,2,0,1,0,0,1,0,0,1,0,0.0566,1
corner,lofted,edge_box,Man-to-Man,7,3,8,3,1,0,0,0,1,1,1,1,0,0.1585,1
free_kick_wide,outswinger,near_post,Hybrid,7,1,4,3,1,1,0,0,0,1,0,1,1,0.1283,1
free_kick_wide,lofted,penalty_spot,Man-to-Man,3,4,1,1,0,1,0,1,0,1,1,0,0,0.1755,1
free_kick_wide,inswinger,near_post,Hybrid,7,7,6,0,0,1,0,1,0,0,0,0,0,0.1703,1
corner,long,central,Hybrid,4,5,2,0,0,1,1,0,0,1,0,0,1,0.1598,1
goal_kick,lofted,central,High Zonal,9,7,10,4,0,0,0,1,0,0,0,0,0,0.1311,1
play_restart,straight,near_post,Man-to-Man,9,2,4,0,0,1,0,0,0,0,0,1,0,0.0688,1
free_kick_central,inswinger,six_yard,High Zonal,10,5,4,1,0,0,1,1,0,0,0,0,0,0.153,0
throw_in,driven,six_yard,Hybrid,7,6,9,4,0,0,1,0,0,1,0,0,0,0.1412,1
kick_off,driven,near_post,Hybrid,10,4,1,1,0,0,1,0,0,0,0,0,0,0.0254,0
play_restart,outswinger,near_post,High Zonal,11,6,7,0,0,0,0,0,1,1,0,0,0,0.111,0
throw_in,short,edge_box,High Zonal,7,1,10,4,1,0,1,1,0,0,1,1,1,0.1116,1
kick_off,driven,near_post,Deep Zonal,11,5,1,3,0,0,0,0,1,0,0,0,0,0.0102,0
kick_off,inswinger,far_post,Man-to-Man,9,6,10,4,0,1,0,1,0,1,0,0,0,0.1637,1
goal_kick,short,near_post,Man-to-Man,5,3,7,3,1,0,0,1,0,0,0,0,0,0.1277,1
free_kick_central,straight,penalty_spot,High Zonal,7,2,2,2,0,0,0,1,0,0,1,1,0,0.1466,1
corner,inswinger,wide_channel,Man-to-Man,3,1,9,3,0,1,1,0,1,0,1,0,0,0.1387,1
corner,driven,near_post,Man-to-Man,6,2,9,0,1,1,0,1,0,0,0,0,0,0.1882,0
free_kick_central,outswinger,wide_channel,Hybrid,6,6,10,0,0,0,0,1,0,0,1,1,0,0.1273,0
free_kick_central,lofted,six_yard,Deep Zonal,5,6,10,2,0,0,0,0,0,1,0,0,0,0.2136,1
free_kick_wide,short,wide_channel,High Zonal,6,5,7,2,0,1,0,0,1,0,1,0,0,0.1114,1
penalty,short,edge_box,Man-to-Man,3,2,1,3,0,0,0,1,0,0,1,1,1,0.777,0
penalty,straight,six_yard,Man-to-Man,7,2,8,4,1,0,1,1,1,1,1,0,0,0.8249,1
goal_kick,straight,penalty_spot,Man-to-Man,4,6,8,1,0,0,1,1,0,1,0,0,0,0.2209,1
corner,driven,six_yard,Man-to-Man,5,5,8,1,0,1,1,0,0,0,0,0,1,0.2128,1
corner,long,near_post,High Zonal,9,6,2,0,1,0,0,0,0,0,0,0,0,0.1326,1
goal_kick,driven,edge_box,High Zonal,10,3,8,4,1,1,1,1,0,0,0,0,0,0.0991,1
goal_kick,straight,penalty_spot,Deep Zonal,4,6,9,2,1,0,0,1,1,0,0,0,0,0.1351,1
play_restart,outswinger,near_post,Hybrid,8,4,1,1,1,0,0,1,1,0,1,1,0,0.0889,1
kick_off,inswinger,central,Man-to-Man,11,5,1,3,1,1,0,1,0,0,1,0,0,0.1176,1
kick_off,driven,central,Man-to-Man,8,6,1,2,0,0,0,1,0,0,0,0,0,0.0972,0
free_kick_wide,straight,far_post,Hybrid,3,3,7,2,0,1,0,1,1,1,0,1,1,0.1744,1
free_kick_wide,short,central,Deep Zonal,9,6,4,4,0,0,0,0,0,0,0,0,0,0.0945,1
corner,straight,central,Deep Zonal,3,5,9,1,0,1,0,1,0,1,0,0,0,0.1912,0
throw_in,straight,central,Man-to-Man,8,4,10,3,1,0,1,1,1,1,1,0,1,0.1556,0
play_restart,long,penalty_spot,High Zonal,7,6,1,4,0,0,1,0,0,1,0,0,0,0.1128,1
free_kick_wide,short,near_post,Deep Zonal,7,4,8,4,0,0,1,1,1,0,0,0,0,0.1092,1
penalty,lofted,central,Man-to-Man,5,6,8,4,0,1,1,1,0,1,0,0,1,0.7352,1
corner,inswinger,central,Deep Zonal,10,1,1,1,1,1,0,1,0,1,0,1,1,0.1322,0
corner,short,far_post,High Zonal,3,7,2,3,0,0,0,1,0,0,1,1,0,0.1403,1
corner,inswinger,near_post,Deep Zonal,11,7,9,2,1,0,1,0,0,1,1,1,0,0.1516,1
corner,driven,wide_channel,Hybrid,3,7,1,0,1,0,0,0,0,1,0,0,0,0.1316,0
play_restart,short,central,Deep Zonal,5,6,2,2,1,0,1,1,1,1,0,0,1,0.1348,1
free_kick_wide,straight,central,Hybrid,7,5,10,1,0,1,0,1,0,0,1,0,0,0.184,1
goal_kick,driven,penalty_spot,Man-to-Man,7,6,8,2,0,0,0,1,0,1,0,0,0,0.1391,1
throw_in,straight,six_yard,High Zonal,5,7,10,3,0,0,0,1,1,0,0,0,0,0.1428,1
corner,outswinger,far_post,Hybrid,5,6,3,3,1,0,1,1,1,1,0,0,0,0.1815,1
corner,straight,central,Man-to-Man,8,2,8,3,0,0,1,1,0,1,0,0,0,0.148,1
goal_kick,inswinger,penalty_spot,Man-to-Man,3,2,7,2,1,0,0,0,0,0,1,0,0,0.1429,1
corner,driven,far_post,Man-to-Man,4,7,9,2,0,1,0,1,0,0,0,1,1,0.1728,1
kick_off,long,far_post,High Zonal,6,1,3,4,0,0,1,0,1,1,1,0,0,0.0535,1
corner,long,wide_channel,Deep Zonal,3,7,1,1,0,0,0,0,1,0,0,0,0,0.1095,1
throw_in,driven,wide_channel,Hybrid,3,7,4,1,0,0,0,0,1,1,1,0,1,0.1277,1
goal_kick,driven,penalty_spot,Man-to-Man,3,1,6,4,1,0,0,1,1,0,0,1,0,0.1425,0
corner,straight,near_post,Deep Zonal,10,6,6,4,0,0,1,1,0,0,0,0,1,0.0913,1
corner,inswinger,penalty_spot,Deep Zonal,4,5,9,1,0,0,1,0,1,1,0,0,0,0.1897,1
play_restart,straight,wide_channel,Man-to-Man,4,3,7,4,0,0,1,0,1,0,0,0,0,0.0863,1
corner,lofted,wide_channel,Deep Zonal,10,4,9,4,0,1,0,0,1,0,0,0,0,0.0726,1
free_kick_wide,lofted,central,Deep Zonal,6,3,8,4,1,0,0,1,1,0,1,0,0,0.1376,1
free_kick_wide,long,central,Man-to-Man,7,6,4,2,0,1,0,1,0,0,0,0,1,0.1606,1
corner,outswinger,near_post,Deep Zonal,8,3,9,3,0,0,0,1,1,1,1,1,0,0.0974,1
goal_kick,inswinger,six_yard,Man-to-Man,8,1,4,3,0,0,0,1,0,1,0,0,0,0.0886,1
goal_kick,driven,far_post,Man-to-Man,6,3,9,0,0,0,0,1,0,1,0,0,1,0.1393,1
free_kick_wide,inswinger,central,Man-to-Man,10,4,7,0,0,0,0,0,1,0,0,0,0,0.1193,0
goal_kick,short,central,Man-to-Man,5,4,3,4,1,0,0,0,0,1,1,0,0,0.1048,1
corner,straight,central,Deep Zonal,4,4,1,1,0,0,0,1,1,0,0,1,0,0.1275,0
corner,outswinger,six_yard,Man-to-Man,7,7,9,0,0,0,1,0,1,0,1,0,0,0.2015,1
penalty,long,far_post,Man-to-Man,10,3,8,4,0,1,0,0,1,0,0,0,0,0.7324,0
play_restart,lofted,central,Deep Zonal,11,6,1,1,0,0,0,1,1,0,0,0,1,0.0664,0
corner,driven,edge_box,Deep Zonal,9,7,3,3,0,0,0,0,1,0,0,0,1,0.0847,1
corner,straight,penalty_spot,Man-to-Man,3,6,5,3,1,1,0,1,1,0,0,0,0,0.232,1
free_kick_central,straight,edge_box,Man-to-Man,9,4,6,2,0,0,1,1,0,0,0,1,0,0.1493,1
goal_kick,lofted,six_yard,Deep Zonal,4,7,4,3,0,0,0,1,1,0,0,1,0,0.1587,1
corner,short,near_post,Deep Zonal,10,3,2,2,1,0,0,0,0,0,0,0,0,0.0388,1
free_kick_wide,straight,near_post,Hybrid,4,2,7,2,1,1,0,1,1,1,0,0,0,0.156,1
goal_kick,long,near_post,Man-to-Man,4,6,8,0,0,1,1,1,0,0,1,0,1,0.1395,1
free_kick_wide,outswinger,edge_box,Man-to-Man,7,7,7,0,1,1,0,0,1,0,0,0,0,0.1472,1
corner,inswinger,wide_channel,Deep Zonal,7,1,10,3,0,0,0,0,1,0,1,0,0,0.0629,1
corner,driven,central,Hybrid,6,3,4,4,1,0,1,0,0,1,0,0,0,0.1558,1
free_kick_wide,short,edge_box,Deep Zonal,7,3,6,0,0,1,1,1,1,0,0,0,0,0.0756,1
free_kick_central,inswinger,edge_box,Hybrid,9,6,4,1,0,1,1,0,1,0,0,1,0,0.1827,0
kick_off,outswinger,wide_channel,High Zonal,8,2,10,1,1,0,0,1,0,0,0,0,0,0.0699,0
throw_in,lofted,far_post,High Zonal,9,5,5,0,1,0,1,1,0,0,1,0,0,0.11,0
throw_in,short,near_post,Man-to-Man,5,7,5,2,0,0,0,1,1,0,0,0,1,0.0936,1
play_restart,short,edge_box,Hybrid,8,7,8,4,0,0,0,1,1,0,1,1,0,0.0745,1
free_kick_wide,inswinger,six_yard,High Zonal,4,7,3,3,1,0,0,1,0,1,0,0,1,0.1833,0
free_kick_wide,lofted,edge_box,Man-to-Man,5,4,4,4,0,1,0,0,0,0,1,0,0,0.1052,1
play_restart,driven,six_yard,Deep Zonal,11,5,9,2,0,1,0,0,1,0,0,0,0,0.1131,1
corner,short,central,High Zonal,3,6,1,3,0,0,0,1,1,0,0,0,0,0.1352,1
throw_in,outswinger,edge_box,Deep Zonal,7,3,1,4,1,0,1,0,1,0,0,1,0,0.0586,1
goal_kick,long,central,Man-to-Man,7,4,9,2,0,0,0,0,1,0,1,1,0,0.1357,1
corner,driven,far_post,Man-to-Man,5,4,3,3,1,0,0,1,0,1,0,0,1,0.1614,1
free_kick_central,driven,central,Hybrid,3,6,8,0,0,0,0,1,1,0,1,0,0,0.2407,1
corner,lofted,near_post,Hybrid,4,4,7,4,0,0,1,0,0,0,1,1,0,0.1326,1
corner,short,near_post,High Zonal,9,4,2,4,1,1,0,1,1,1,0,0,0,0.1246,1
free_kick_central,outswinger,edge_box,Hybrid,8,4,2,2,0,1,1,1,0,0,1,0,0,0.1332,1
corner,straight,six_yard,High Zonal,8,2,10,0,0,1,0,1,1,0,0,0,0,0.1745,0
goal_kick,driven,central,Hybrid,4,2,9,1,1,0,0,0,1,0,0,0,0,0.1199,1
kick_off,outswinger,far_post,Hybrid,7,6,3,1,1,1,0,1,0,0,1,0,0,0.1185,1
goal_kick,outswinger,near_post,Hybrid,4,1,5,4,1,1,0,1,0,0,0,0,1,0.1299,1
corner,long,far_post,High Zonal,5,5,9,0,0,0,0,1,1,0,0,0,1,0.1115,1
corner,straight,central,High Zonal,11,7,3,0,1,0,0,1,1,0,0,1,0,0.1809,0
corner,driven,penalty_spot,Hybrid,7,5,7,4,0,0,0,0,1,0,1,0,0,0.155,1
corner,inswinger,wide_channel,Deep Zonal,3,5,4,4,0,0,1,1,1,0,0,1,0,0.103,1
play_restart,outswinger,far_post,Deep Zonal,8,6,9,1,0,0,1,0,0,0,1,0,0,0.0688,1
free_kick_wide,outswinger,edge_box,Deep Zonal,4,2,3,0,0,0,0,1,1,0,0,1,1,0.1077,0
corner,long,edge_box,High Zonal,3,1,5,4,0,0,0,1,1,0,1,0,0,0.0858,1
goal_kick,long,near_post,High Zonal,9,7,8,4,0,1,0,1,0,0,1,0,1,0.0988,1
free_kick_wide,straight,central,High Zonal,8,3,7,3,0,0,1,1,0,0,1,0,0,0.1306,1
corner,straight,near_post,Hybrid,4,3,2,3,1,0,0,1,1,0,1,1,0,0.1366,1
corner,inswinger,far_post,High Zonal,9,2,1,4,1,1,0,1,1,0,0,0,0,0.1148,1
throw_in,long,six_yard,Hybrid,4,6,9,3,0,0,1,1,0,0,0,0,1,0.1413,1
goal_kick,lofted,far_post,High Zonal,7,1,8,0,1,0,0,0,1,1,1,0,0,0.1281,0
corner,driven,far_post,Man-to-Man,8,2,2,3,1,0,0,0,0,0,0,0,0,0.101,1
kick_off,outswinger,central,Deep Zonal,4,2,7,0,1,1,1,1,0,0,1,1,0,0.1289,1
goal_kick,short,central,Hybrid,9,7,3,0,1,0,0,1,0,1,0,0,0,0.1044,0
goal_kick,outswinger,wide_channel,High Zonal,7,7,5,2,0,0,1,1,1,1,1,0,1,0.1119,1
corner,inswinger,central,Man-to-Man,6,1,7,1,1,0,0,1,0,1,0,0,0,0.1635,0
corner,inswinger,edge_box,Hybrid,9,1,7,2,0,0,1,1,1,0,0,0,0,0.103,1
kick_off,inswinger,near_post,Deep Zonal,10,7,4,1,1,1,0,0,0,0,0,0,0,0.0854,0
free_kick_wide,inswinger,near_post,Deep Zonal,7,5,9,4,0,1,0,0,0,1,1,1,1,0.1663,1
throw_in,driven,central,High Zonal,10,6,6,4,1,1,0,0,1,0,1,1,1,0.1606,1
goal_kick,outswinger,wide_channel,Hybrid,3,4,9,4,0,0,0,0,0,0,0,0,0,0.0757,1
corner,long,central,Hybrid,8,2,6,2,0,1,0,0,0,1,0,0,0,0.1341,1
goal_kick,lofted,edge_box,Deep Zonal,5,6,4,2,0,0,0,0,1,1,1,1,0,0.0767,1
play_restart,short,near_post,Man-to-Man,8,2,3,0,0,0,0,1,0,0,1,1,0,0.0779,1
throw_in,straight,penalty_spot,Hybrid,8,1,1,4,0,0,1,0,0,1,1,1,1,0.1253,1
free_kick_central,long,penalty_spot,Deep Zonal,10,6,6,1,0,0,0,1,0,0,0,1,1,0.153,1
kick_off,inswinger,penalty_spot,High Zonal,8,3,6,1,1,0,0,1,1,1,0,1,1,0.149,0
free_kick_central,straight,central,High Zonal,3,1,10,4,1,0,0,1,1,0,1,0,0,0.1771,1
goal_kick,straight,near_post,Hybrid,11,4,3,4,0,0,0,1,0,1,0,0,0,0.0667,1
goal_kick,driven,six_yard,Hybrid,7,1,1,4,1,0,0,0,1,0,0,1,0,0.0922,1
goal_kick,driven,penalty_spot,High Zonal,4,4,9,0,0,0,0,1,0,0,1,1,0,0.1253,1
corner,driven,central,Hybrid,4,5,6,4,1,0,0,1,0,0,1,0,0,0.1511,1
corner,long,far_post,Hybrid,3,3,1,2,1,0,0,0,1,0,0,0,1,0.1212,0
corner,short,near_post,Man-to-Man,4,1,4,0,1,1,0,0,1,0,0,0,0,0.1475,0
free_kick_central,driven,far_post,Deep Zonal,5,7,10,0,0,0,1,0,0,1,0,0,0,0.1853,1
free_kick_central,driven,far_post,Hybrid,11,4,9,3,1,1,0,0,0,0,0,1,1,0.1658,1
throw_in,straight,near_post,Hybrid,10,1,6,4,1,0,1,1,0,0,0,0,0,0.0953,0
free_kick_wide,lofted,far_post,Deep Zonal,3,5,1,2,0,0,0,1,1,0,1,0,0,0.1094,1
goal_kick,driven,penalty_spot,Deep Zonal,6,7,7,3,0,0,0,1,1,0,0,0,0,0.139,1
kick_off,short,wide_channel,Hybrid,5,1,1,3,1,0,0,1,0,0,1,0,0,0.0105,1
corner,inswinger,edge_box,Hybrid,7,6,4,2,1,1,1,0,1,1,1,0,0,0.1784,1
throw_in,outswinger,far_post,Man-to-Man,4,3,5,4,0,0,0,0,0,0,1,0,1,0.1085,1
throw_in,driven,edge_box,Man-to-Man,5,5,8,1,0,0,0,0,1,0,0,0,1,0.1099,1
free_kick_central,inswinger,central,Man-to-Man,8,1,7,1,0,1,0,1,1,1,0,1,0,0.23,0
corner,straight,edge_box,Deep Zonal,7,7,5,2,0,0,0,1,0,0,1,0,0,0.0601,1
goal_kick,short,near_post,Hybrid,10,7,1,2,1,0,0,1,0,0,0,1,0,0.0481,1
play_restart,driven,near_post,Deep Zonal,11,4,1,1,0,0,1,1,0,0,0,1,1,0.0425,1
throw_in,driven,penalty_spot,Hybrid,6,2,9,1,0,0,0,1,0,0,0,0,0,0.1183,0
kick_off,long,central,Hybrid,10,2,7,1,0,1,1,1,0,0,0,0,0,0.0878,1
play_restart,straight,edge_box,Deep Zonal,10,5,4,2,1,0,1,1,0,0,1,0,1,0.0928,0
free_kick_wide,inswinger,penalty_spot,Hybrid,6,6,8,3,1,0,0,1,0,0,1,0,1,0.1939,1
throw_in,long,near_post,Hybrid,6,5,10,1,0,0,1,0,0,0,0,0,0,0.1004,1
free_kick_central,inswinger,far_post,Deep Zonal,8,4,1,3,0,0,0,1,0,1,0,0,0,0.1209,1
play_restart,short,penalty_spot,Man-to-Man,11,6,10,1,0,0,0,1,0,0,1,1,1,0.1496,1
corner,lofted,edge_box,Man-to-Man,9,6,3,0,1,0,0,0,0,1,0,0,1,0.1369,0
free_kick_wide,short,six_yard,High Zonal,10,3,8,1,0,0,1,1,0,1,0,0,0,0.1373,1
kick_off,short,central,Man-to-Man,10,6,6,4,1,1,0,0,1,1,0,1,0,0.1413,1
corner,long,six_yard,Man-to-Man,4,2,8,1,0,0,0,0,1,1,0,0,0,0.14,1
goal_kick,driven,central,Man-to-Man,4,6,2,3,0,0,1,1,0,1,1,0,0,0.1452,1
free_kick_wide,straight,near_post,Deep Zonal,10,4,7,2,0,1,0,1,0,1,1,0,0,0.1216,0
play_restart,straight,penalty_spot,Man-to-Man,7,6,10,3,1,1,0,1,0,0,1,0,0,0.1717,1
kick_off,inswinger,central,Man-to-Man,4,5,8,3,1,0,0,0,0,1,0,1,0,0.1619,1
free_kick_wide,short,near_post,Hybrid,5,1,8,4,0,0,1,1,0,1,1,1,0,0.1228,1
goal_kick,outswinger,central,Deep Zonal,7,6,2,4,0,0,0,0,0,1,1,0,0,0.0872,1
free_kick_wide,short,six_yard,High Zonal,8,6,3,1,0,1,1,0,0,0,1,1,0,0.1431,1
throw_in,long,wide_channel,High Zonal,4,1,9,1,0,0,1,0,0,1,1,0,0,0.088,1
throw_in,inswinger,wide_channel,Hybrid,5,2,5,1,1,1,0,0,0,0,0,0,0,0.0771,1
goal_kick,short,central,High Zonal,6,6,6,3,0,0,1,1,0,0,0,1,0,0.1357,1
corner,inswinger,far_post,Deep Zonal,4,3,2,2,0,0,0,0,0,0,0,1,1,0.1035,0
corner,outswinger,six_yard,Hybrid,11,1,8,4,1,1,0,1,0,0,1,0,0,0.1629,1
throw_in,inswinger,central,High Zonal,3,6,5,3,0,0,0,1,0,0,0,0,0,0.143,1
penalty,inswinger,far_post,High Zonal,9,4,5,2,0,1,0,0,0,0,0,0,1,0.7647,0
free_kick_central,lofted,central,Man-to-Man,5,3,10,1,0,1,0,1,0,0,0,0,1,0.185,0
corner,lofted,penalty_spot,Man-to-Man,7,4,7,3,0,0,0,0,0,0,0,1,0,0.1619,1
free_kick_wide,long,edge_box,High Zonal,5,3,5,4,0,0,0,1,0,1,1,0,1,0.1147,1
kick_off,short,central,Man-to-Man,11,1,4,4,1,1,0,1,0,0,0,0,0,0.0833,1
corner,driven,near_post,Man-to-Man,11,4,7,2,0,1,0,1,1,1,1,0,1,0.1729,0
free_kick_wide,driven,edge_box,High Zonal,6,7,5,3,0,0,0,1,1,0,0,1,0,0.1518,1
play_restart,short,penalty_spot,Deep Zonal,3,7,3,4,0,0,0,0,0,0,0,0,1,0.1004,1
corner,inswinger,central,Deep Zonal,4,5,4,0,0,0,0,1,1,1,0,1,0,0.1663,1
goal_kick,long,central,Hybrid,9,2,3,0,1,0,1,1,0,1,0,0,0,0.0985,0
corner,lofted,wide_channel,Deep Zonal,10,2,8,0,0,0,0,1,0,0,0,0,1,0.0839,0
kick_off,outswinger,penalty_spot,Hybrid,3,3,6,1,1,0,1,1,0,0,0,0,1,0.1329,1
goal_kick,straight,penalty_spot,Hybrid,3,1,3,1,0,0,0,1,0,0,1,0,0,0.1215,1
kick_off,straight,penalty_spot,High Zonal,7,1,2,0,1,1,1,1,0,0,0,0,0,0.1451,0
corner,straight,wide_channel,Hybrid,10,6,10,3,0,0,1,0,0,1,1,0,0,0.0913,1
free_kick_central,long,central,High Zonal,9,4,9,3,0,0,0,0,1,0,0,1,0,0.1552,0
goal_kick,straight,central,Deep Zonal,3,6,9,3,1,0,0,1,0,1,1,0,1,0.1625,1
corner,lofted,central,High Zonal,11,1,8,3,0,1,0,0,0,0,1,0,0,0.0885,0
corner,driven,six_yard,High Zonal,5,1,9,0,1,0,0,0,0,1,0,0,0,0.1667,1
corner,inswinger,near_post,Man-to-Man,5,5,7,1,0,1,0,0,0,1,0,1,0,0.1706,1
play_restart,driven,central,Man-to-Man,6,2,10,2,1,0,1,1,1,0,0,0,1,0.1894,1
throw_in,driven,central,Man-to-Man,9,2,10,1,0,1,1,0,0,0,0,1,0,0.1334,1
throw_in,short,penalty_spot,Deep Zonal,5,5,5,2,0,0,0,1,0,0,0,1,0,0.1545,0
goal_kick,straight,penalty_spot,Hybrid,8,7,3,2,1,0,0,1,0,0,0,1,1,0.1323,1
free_kick_central,driven,central,Deep Zonal,5,3,9,3,1,1,0,0,1,0,0,0,0,0.2257,1
free_kick_central,straight,central,Man-to-Man,4,6,9,1,1,0,0,1,0,1,0,0,0,0.2306,1
free_kick_central,inswinger,edge_box,Deep Zonal,3,3,5,1,1,1,1,0,0,0,0,0,0,0.1803,1
throw_in,outswinger,near_post,High Zonal,6,6,10,1,0,0,0,1,0,0,1,1,0,0.103,1
corner,outswinger,edge_box,Man-to-Man,3,3,2,1,1,0,0,1,1,1,0,0,1,0.1794,1
kick_off,long,central,Hybrid,8,2,9,4,1,0,1,0,0,0,1,1,0,0.1206,1
goal_kick,inswinger,wide_channel,Deep Zonal,9,4,1,2,0,1,1,1,0,0,0,1,0,0.0668,1
free_kick_wide,short,far_post,Deep Zonal,8,3,2,4,0,0,0,1,0,0,0,0,0,0.0675,1
penalty,straight,penalty_spot,Hybrid,7,2,1,0,0,0,0,1,0,1,0,0,0,0.6866,0
corner,driven,near_post,High Zonal,4,2,1,3,1,1,0,1,1,1,0,0,0,0.1599,1
play_restart,straight,central,Deep Zonal,4,3,2,3,1,0,1,1,1,1,1,0,1,0.1361,1
kick_off,lofted,edge_box,Deep Zonal,4,1,4,3,1,0,0,0,1,0,0,0,1,0.0431,1
play_restart,lofted,penalty_spot,Deep Zonal,3,1,4,2,0,1,1,0,1,1,0,0,1,0.1851,1
free_kick_wide,inswinger,edge_box,Deep Zonal,8,5,5,3,1,0,0,1,0,1,0,1,0,0.0988,1
corner,long,penalty_spot,Hybrid,5,1,10,2,0,0,1,1,1,0,1,0,0,0.1845,1
corner,outswinger,penalty_spot,High Zonal,8,6,6,4,1,1,0,1,0,0,0,0,1,0.1976,1
corner,driven,six_yard,Deep Zonal,6,7,3,4,1,0,0,0,1,0,0,0,0,0.1336,1
corner,short,far_post,Hybrid,5,2,2,4,0,0,0,1,0,1,0,1,0,0.1001,1
corner,outswinger,six_yard,High Zonal,7,1,10,0,0,0,0,1,0,0,0,1,0,0.1361,0
play_restart,outswinger,central,Man-to-Man,6,2,3,3,1,0,0,0,0,0,1,0,0,0.1426,1
corner,straight,central,High Zonal,3,1,9,1,1,1,1,1,0,0,0,0,0,0.1891,1
corner,driven,edge_box,Man-to-Man,3,2,8,2,1,1,0,0,0,1,1,0,0,0.1748,1
goal_kick,driven,near_post,Man-to-Man,11,7,9,4,0,0,0,1,0,1,1,0,0,0.1008,1
throw_in,inswinger,near_post,Man-to-Man,3,6,2,0,0,0,0,1,1,0,0,0,0,0.1089,0
goal_kick,outswinger,near_post,Man-to-Man,5,7,8,3,0,0,1,0,1,0,0,1,0,0.1382,1
throw_in,straight,far_post,Man-to-Man,6,6,8,1,0,0,0,0,0,1,0,0,0,0.1399,1
kick_off,short,penalty_spot,Man-to-Man,6,6,10,1,1,1,0,1,1,0,0,1,1,0.1629,1
throw_in,inswinger,near_post,Man-to-Man,9,5,8,0,0,1,0,1,1,1,0,1,0,0.1436,1
free_kick_central,outswinger,near_post,High Zonal,9,1,2,3,0,0,0,0,0,0,1,0,0,0.0912,0
throw_in,driven,central,High Zonal,8,6,5,4,1,0,0,1,0,0,0,1,1,0.1267,1
free_kick_central,straight,central,High Zonal,5,5,5,2,0,0,0,0,1,0,0,0,0,0.146,1
free_kick_wide,long,near_post,Man-to-Man,11,7,5,0,0,1,0,1,0,0,0,0,0,0.1454,1
free_kick_central,straight,near_post,Deep Zonal,3,5,4,3,1,0,0,0,0,0,0,1,0,0.1329,1
corner,straight,six_yard,Deep Zonal,5,4,9,4,0,0,0,0,0,0,1,1,0,0.1178,1
goal_kick,short,edge_box,Deep Zonal,6,6,3,3,0,0,0,0,0,0,0,1,1,0.0317,1
corner,outswinger,central,Hybrid,6,5,5,3,1,0,0,1,1,1,0,1,1,0.177,1
corner,outswinger,central,Deep Zonal,7,1,5,0,0,0,1,0,1,0,1,0,0,0.1205,1
corner,lofted,near_post,Deep Zonal,3,5,7,4,1,0,1,1,0,1,0,0,0,0.1338,1
goal_kick,driven,central,Man-to-Man,10,3,5,3,1,0,0,1,0,1,0,1,0,0.1174,0
free_kick_wide,long,far_post,Hybrid,4,2,10,3,0,0,0,0,1,0,0,0,0,0.1093,1
throw_in,inswinger,wide_channel,Man-to-Man,6,2,10,1,0,0,0,1,1,1,0,0,0,0.0878,1
goal_kick,inswinger,edge_box,Hybrid,8,6,5,4,0,1,0,1,1,0,1,0,0,0.0915,1
corner,inswinger,far_post,Man-to-Man,11,5,3,2,1,0,1,0,0,0,0,0,0,0.1267,1
goal_kick,lofted,near_post,Hybrid,8,1,8,1,0,0,1,0,1,0,1,0,0,0.0844,1
free_kick_wide,driven,edge_box,Man-to-Man,7,3,10,1,0,1,0,0,1,1,1,0,0,0.1674,1
corner,short,wide_channel,Man-to-Man,5,5,9,1,1,1,0,1,0,0,1,0,0,0.0938,1
throw_in,lofted,near_post,Man-to-Man,9,4,2,4,0,0,0,1,1,0,0,1,1,0.0824,1
kick_off,inswinger,six_yard,Deep Zonal,8,6,1,4,0,0,0,1,0,1,0,0,0,0.0998,0
corner,short,central,High Zonal,3,5,7,2,1,0,0,0,0,0,0,0,1,0.1484,1
penalty,inswinger,edge_box,Deep Zonal,6,1,4,3,0,1,0,1,0,0,0,0,1,0.8088,0
corner,outswinger,central,Man-to-Man,11,7,4,4,1,0,0,0,1,1,0,0,1,0.16,1
penalty,lofted,penalty_spot,Man-to-Man,10,4,1,1,0,0,0,0,0,1,0,0,0,0.7458,0
throw_in,driven,central,High Zonal,4,7,10,1,0,0,1,0,0,0,1,0,0,0.151,1
throw_in,inswinger,penalty_spot,Hybrid,9,2,1,4,0,0,0,1,0,0,0,0,0,0.0657,1
throw_in,outswinger,penalty_spot,Man-to-Man,5,5,7,1,1,0,0,1,1,1,0,1,1,0.2006,1
corner,short,penalty_spot,Man-to-Man,9,1,10,0,0,0,1,1,0,0,0,0,0,0.1303,1
throw_in,inswinger,edge_box,Deep Zonal,7,2,1,3,1,1,0,1,0,0,0,1,0,0.0547,1
throw_in,short,near_post,Man-to-Man,5,7,7,1,0,0,1,0,1,0,0,0,0,0.121,1
throw_in,short,edge_box,Man-to-Man,11,7,10,1,1,0,1,0,0,0,1,0,0,0.1241,1
corner,outswinger,near_post,Deep Zonal,5,7,5,3,0,0,1,1,0,0,0,0,0,0.0921,1
free_kick_central,outswinger,edge_box,Hybrid,6,2,3,4,1,0,1,1,1,0,0,0,0,0.1611,0
free_kick_wide,outswinger,near_post,High Zonal,11,7,8,0,0,0,0,1,0,1,0,0,0,0.1155,0
corner,lofted,far_post,Deep Zonal,4,1,10,3,0,0,0,1,0,0,0,0,0,0.1028,1
corner,straight,far_post,Deep Zonal,4,3,6,1,0,1,1,0,0,0,0,1,0,0.0909,1
free_kick_central,short,wide_channel,High Zonal,11,4,1,4,0,1,1,0,1,0,0,0,0,0.1022,1
goal_kick,outswinger,penalty_spot,High Zonal,7,6,7,4,0,0,0,0,0,0,1,0,0,0.1216,1
corner,long,near_post,Hybrid,10,5,3,0,0,0,0,1,1,0,1,0,0,0.1237,1
goal_kick,inswinger,edge_box,Hybrid,3,3,10,0,1,0,0,0,0,0,0,0,0,0.1115,0
penalty,inswinger,central,Deep Zonal,8,2,3,2,1,1,0,1,0,0,0,0,0,0.7503,1
goal_kick,long,central,Deep Zonal,3,3,7,0,1,0,0,1,1,1,1,0,1,0.1452,0
free_kick_central,long,central,Deep Zonal,6,3,7,1,0,0,0,0,0,0,0,0,1,0.1454,0
free_kick_central,outswinger,edge_box,Man-to-Man,4,5,5,0,0,0,0,1,0,1,0,0,1,0.1363,0
throw_in,straight,wide_channel,Deep Zonal,6,1,8,4,0,0,0,0,1,1,0,0,0,0.0144,1
play_restart,lofted,wide_channel,High Zonal,6,3,9,3,1,0,1,1,0,1,0,0,1,0.0845,1
free_kick_central,inswinger,near_post,Deep Zonal,11,5,7,0,1,0,0,0,1,0,0,0,1,0.1515,0
free_kick_central,inswinger,near_post,Man-to-Man,8,5,8,3,0,0,1,0,1,0,0,0,0,0.1702,1
throw_in,straight,six_yard,Man-to-Man,3,5,1,3,0,0,0,1,0,1,1,0,1,0.1565,1
throw_in,outswinger,central,High Zonal,7,3,3,4,0,0,0,1,0,0,0,0,1,0.1277,1
corner,short,penalty_spot,Hybrid,9,4,5,3,0,0,0,1,0,0,1,0,1,0.1297,1
free_kick_central,long,wide_channel,Man-to-Man,7,1,2,2,1,0,0,0,0,0,0,0,0,0.1065,1
free_kick_central,short,central,Man-to-Man,8,4,5,4,1,0,1,1,0,1,0,0,0,0.2035,0
play_restart,short,central,Hybrid,7,7,1,1,1,0,0,0,0,0,0,0,0,0.0965,1
free_kick_central,straight,six_yard,Man-to-Man,11,6,4,4,0,0,1,1,0,1,0,0,0,0.181,1
free_kick_central,long,penalty_spot,Man-to-Man,8,5,1,1,0,1,0,0,0,0,0,0,1,0.129,0
play_restart,inswinger,wide_channel,Hybrid,8,3,5,4,0,1,0,0,1,1,1,0,0,0.0737,1
free_kick_central,outswinger,penalty_spot,Hybrid,11,7,5,4,1,1,0,0,1,1,0,0,0,0.1813,1
corner,long,central,Hybrid,5,4,5,1,0,0,1,1,0,0,0,0,1,0.1677,1
corner,outswinger,six_yard,Man-to-Man,9,6,10,3,0,1,0,0,0,0,0,0,0,0.1477,1
corner,inswinger,edge_box,High Zonal,10,5,6,4,0,1,0,0,0,0,1,0,0,0.0832,1
corner,outswinger,wide_channel,Deep Zonal,6,1,2,1,0,0,0,0,0,0,0,1,0,0.0333,0
free_kick_wide,long,far_post,Man-to-Man,11,5,7,2,0,0,0,0,0,0,0,0,0,0.12,1
goal_kick,inswinger,far_post,Deep Zonal,5,7,10,4,0,0,0,1,1,0,0,0,0,0.1526,1
throw_in,long,central,High Zonal,11,6,3,3,1,1,0,1,0,0,0,0,1,0.1235,1
corner,driven,central,Deep Zonal,3,5,1,4,0,0,0,1,0,0,1,0,1,0.1367,1
penalty,short,wide_channel,Deep Zonal,5,1,10,1,1,0,1,0,1,0,0,0,0,0.7428,0
corner,outswinger,wide_channel,High Zonal,5,1,2,2,0,1,0,0,0,0,1,1,0,0.092,1
play_restart,driven,far_post,Hybrid,6,6,9,4,0,1,0,1,1,1,1,0,0,0.112,1
corner,outswinger,wide_channel,Deep Zonal,6,4,5,1,1,0,0,1,0,0,1,0,0,0.1081,0
throw_in,lofted,central,Hybrid,9,4,8,2,0,0,0,1,1,0,0,0,0,0.1129,0
free_kick_wide,long,six_yard,Hybrid,6,5,8,2,1,0,0,0,0,0,1,1,0,0.1455,0
throw_in,inswinger,penalty_spot,Hybrid,8,7,9,4,1,1,0,1,0,0,0,1,0,0.1715,0
free_kick_wide,driven,edge_box,Hybrid,4,4,8,3,0,1,0,0,0,0,1,0,0,0.1374,1
goal_kick,short,edge_box,Deep Zonal,3,4,6,2,1,0,1,0,0,0,0,0,0,0.1008,1
corner,straight,penalty_spot,High Zonal,6,4,3,4,0,0,1,1,0,0,0,0,1,0.1757,0
kick_off,straight,six_yard,High Zonal,4,4,10,3,0,0,1,0,1,0,0,0,0,0.1308,1
free_kick_central,short,far_post,Man-to-Man,3,5,2,3,1,0,0,0,0,0,0,0,0,0.1528,1
goal_kick,long,six_yard,High Zonal,3,2,4,0,0,0,1,0,1,0,0,0,0,0.1003,1
goal_kick,driven,central,High Zonal,5,3,3,1,1,1,1,1,1,0,0,0,1,0.1521,1
play_restart,outswinger,central,High Zonal,4,4,5,0,0,0,0,0,1,0,1,0,0,0.1194,1
corner,short,edge_box,Deep Zonal,4,4,3,0,1,0,0,1,0,1,1,0,0,0.1006,1
corner,long,edge_box,Deep Zonal,5,4,9,4,0,0,1,1,0,0,0,0,0,0.1165,1
corner,long,wide_channel,Deep Zonal,5,3,5,1,0,1,1,1,1,0,0,0,0,0.1121,0
corner,straight,central,Man-to-Man,11,7,9,3,1,1,1,1,1,0,0,1,0,0.1761,1
throw_in,straight,near_post,Hybrid,8,6,1,2,1,1,1,1,0,0,1,0,0,0.1236,1
play_restart,long,far_post,Man-to-Man,9,7,5,0,1,0,0,0,0,0,0,0,0,0.1333,1
play_restart,outswinger,six_yard,Man-to-Man,9,5,6,4,0,0,0,1,0,0,0,0,0,0.129,1
free_kick_central,outswinger,wide_channel,High Zonal,3,4,9,2,1,0,0,0,1,0,1,0,0,0.1859,1
throw_in,short,six_yard,High Zonal,7,4,8,3,0,0,0,0,1,0,1,0,0,0.1247,1
goal_kick,outswinger,far_post,High Zonal,8,7,7,3,0,0,0,1,1,0,1,0,1,0.1276,1
play_restart,inswinger,six_yard,Hybrid,11,5,9,4,0,0,0,1,0,1,1,0,0,0.0971,1
corner,inswinger,central,High Zonal,6,6,4,2,0,0,0,1,0,1,0,1,1,0.1507,1
free_kick_central,long,wide_channel,Hybrid,5,6,10,0,0,0,0,0,1,0,1,0,0,0.1634,1
goal_kick,lofted,penalty_spot,Hybrid,9,7,10,2,1,0,0,0,1,0,0,0,1,0.1673,1
free_kick_wide,straight,far_post,Hybrid,4,4,10,3,0,0,1,0,0,0,1,0,0,0.1261,0
free_kick_wide,inswinger,penalty_spot,Deep Zonal,10,3,6,4,0,1,0,0,0,0,1,0,0,0.1326,1
play_restart,driven,edge_box,High Zonal,6,7,1,2,1,1,0,1,0,1,0,1,1,0.1558,1
play_restart,outswinger,central,High Zonal,3,2,9,0,0,0,1,1,1,1,1,1,0,0.178,0
kick_off,lofted,near_post,Hybrid,6,3,5,4,0,0,1,1,0,1,0,1,1,0.1245,1
goal_kick,short,edge_box,Deep Zonal,11,7,9,3,0,0,0,1,0,1,0,1,0,0.0545,1
corner,outswinger,wide_channel,Deep Zonal,6,5,1,2,0,0,0,0,1,1,0,0,0,0.0926,0
free_kick_wide,straight,penalty_spot,High Zonal,3,5,1,2,1,0,0,0,1,0,1,0,0,0.1676,0
penalty,outswinger,near_post,Deep Zonal,6,4,4,2,0,1,1,0,0,0,0,0,1,0.7593,1
penalty,driven,penalty_spot,Deep Zonal,9,4,9,3,0,0,0,1,1,1,0,1,1,0.7181,1
free_kick_central,inswinger,near_post,Man-to-Man,3,7,1,3,0,0,0,1,0,1,0,1,0,0.2224,0
throw_in,driven,central,Hybrid,11,3,2,1,0,0,0,0,0,0,0,0,0,0.0496,0
free_kick_wide,long,near_post,Deep Zonal,9,4,5,1,0,0,0,1,1,0,0,0,0,0.0851,1
goal_kick,driven,far_post,Deep Zonal,9,1,9,0,0,1,1,1,0,0,1,0,0,0.1015,1
free_kick_wide,driven,central,Deep Zonal,9,1,2,1,0,0,0,1,0,1,0,0,1,0.1004,0
free_kick_wide,outswinger,near_post,High Zonal,4,2,8,4,1,0,1,1,0,0,0,0,1,0.1626,1
corner,short,central,High Zonal,10,3,5,1,0,1,0,1,0,0,0,0,0,0.1422,1
corner,driven,penalty_spot,High Zonal,4,3,8,4,0,0,1,1,1,0,0,1,1,0.1754,1
goal_kick,straight,central,High Zonal,4,5,8,2,1,0,1,1,0,0,1,0,0,0.1399,1
free_kick_central,inswinger,near_post,High Zonal,3,4,10,4,0,0,0,1,1,0,0,0,0,0.1936,1
corner,outswinger,penalty_spot,High Zonal,4,1,1,2,0,1,0,1,0,0,0,0,0,0.1433,0
goal_kick,outswinger,edge_box,Hybrid,4,4,7,3,1,1,0,0,0,0,0,1,0,0.1388,1
penalty,driven,six_yard,High Zonal,10,1,5,1,0,0,1,1,1,0,1,1,0,0.7157,1
corner,straight,far_post,Man-to-Man,3,4,4,0,1,0,0,1,0,0,0,0,0,0.1193,1
free_kick_wide,long,edge_box,High Zonal,8,1,8,1,1,0,0,0,1,0,1,0,0,0.1096,1
corner,lofted,six_yard,Deep Zonal,3,1,6,3,0,0,0,0,1,0,1,1,0,0.1182,1
throw_in,outswinger,edge_box,Man-to-Man,11,6,5,1,0,1,1,1,1,1,0,0,0,0.1509,1
corner,long,far_post,Man-to-Man,8,1,7,1,0,0,1,1,0,0,1,0,0,0.0961,1
corner,inswinger,near_post,Hybrid,7,7,6,0,0,0,0,0,0,0,0,1,0,0.1014,1
corner,inswinger,central,Deep Zonal,3,4,4,1,0,0,0,1,0,0,1,1,0,0.1595,1
throw_in,inswinger,central,Man-to-Man,10,6,4,0,1,0,1,1,0,0,0,0,0,0.1017,1
corner,outswinger,far_post,Deep Zonal,6,2,3,1,0,0,1,1,1,1,0,1,0,0.1021,1
goal_kick,straight,wide_channel,Deep Zonal,4,4,3,1,1,0,0,0,1,1,0,0,0,0.0146,1
corner,straight,central,Deep Zonal,9,7,5,0,0,1,1,1,0,1,0,0,0,0.1637,1
throw_in,outswinger,penalty_spot,Hybrid,11,1,2,0,0,0,1,0,1,1,0,0,0,0.0723,1
free_kick_central,inswinger,wide_channel,Hybrid,3,4,9,0,0,0,0,0,0,0,0,0,0,0.1625,0
free_kick_central,long,penalty_spot,Deep Zonal,4,1,6,3,0,0,0,1,0,0,1,0,0,0.1711,1
corner,inswinger,central,Man-to-Man,8,3,7,0,0,1,1,0,0,0,0,0,0,0.1496,1
goal_kick,driven,wide_channel,Hybrid,3,7,6,0,0,0,1,1,1,0,0,1,1,0.169,1
kick_off,lofted,central,Deep Zonal,9,4,9,3,1,0,0,0,0,0,1,0,0,0.0722,1
corner,long,near_post,Deep Zonal,8,3,9,2,1,0,0,1,0,0,0,0,0,0.0847,1
corner,short,far_post,Hybrid,7,5,5,4,0,0,0,1,1,0,0,1,1,0.1015,1
kick_off,long,central,Deep Zonal,5,2,4,1,0,0,1,0,1,1,0,1,0,0.1034,1
penalty,long,six_yard,High Zonal,7,1,10,1,1,0,0,0,1,1,0,0,0,0.724,0
corner,lofted,central,Man-to-Man,3,4,6,0,0,0,0,1,0,0,1,0,1,0.1921,0
corner,lofted,six_yard,High Zonal,9,6,8,0,1,0,0,0,0,0,1,0,0,0.1494,0
throw_in,straight,near_post,Man-to-Man,8,2,2,4,0,0,1,1,0,1,0,1,0,0.0844,1
throw_in,short,wide_channel,High Zonal,7,1,4,1,0,1,0,1,1,0,1,1,0,0.0669,1
throw_in,driven,near_post,Deep Zonal,10,5,3,0,0,0,0,1,1,0,0,0,0,0.0841,1
play_restart,inswinger,wide_channel,High Zonal,7,3,5,3,0,0,0,0,1,0,0,0,0,0.0465,0
free_kick_central,short,near_post,Man-to-Man,6,7,6,4,1,0,0,1,1,0,0,0,0,0.1642,1
free_kick_wide,long,six_yard,High Zonal,10,3,10,1,0,0,0,1,0,0,0,0,0,0.1701,1
free_kick_central,long,six_yard,Deep Zonal,11,3,2,1,1,0,0,1,0,0,1,0,0,0.1038,1
free_kick_wide,straight,penalty_spot,Hybrid,10,4,10,3,0,0,1,0,1,0,0,0,1,0.1356,1
corner,outswinger,near_post,Hybrid,7,7,9,0,1,0,1,1,1,1,0,1,1,0.2266,1
corner,inswinger,penalty_spot,Deep Zonal,6,5,5,1,1,0,0,1,1,1,1,0,1,0.1898,1
free_kick_wide,short,penalty_spot,Man-to-Man,4,5,3,4,0,0,0,0,0,0,1,1,1,0.1725,1
throw_in,lofted,penalty_spot,Deep Zonal,6,6,9,3,1,1,1,0,1,0,1,0,0,0.146,1
corner,driven,penalty_spot,High Zonal,10,6,2,0,0,0,0,1,0,0,1,0,0,0.1536,0
free_kick_wide,straight,wide_channel,High Zonal,10,4,10,3,0,0,0,0,0,1,1,0,0,0.0185,1
throw_in,outswinger,wide_channel,Hybrid,4,3,10,4,0,1,1,1,0,1,0,1,0,0.1318,1
throw_in,driven,far_post,High Zonal,7,2,3,1,0,0,0,1,0,0,0,1,0,0.1089,0
goal_kick,long,near_post,Deep Zonal,9,4,6,1,0,0,0,1,0,0,1,0,0,0.0784,0
goal_kick,short,near_post,High Zonal,9,5,6,4,0,0,0,0,0,1,0,1,0,0.0874,1
throw_in,straight,edge_box,Hybrid,10,3,8,4,1,0,1,0,1,1,0,0,0,0.1273,1
corner,inswinger,wide_channel,High Zonal,3,4,8,2,1,1,0,0,1,0,0,1,0,0.1593,1
free_kick_central,driven,far_post,Man-to-Man,7,4,10,2,1,1,0,0,0,0,0,1,1,0.1768,1
throw_in,short,near_post,Deep Zonal,3,5,1,1,1,0,0,0,0,0,1,0,0,0.0588,1
corner,straight,central,Man-to-Man,9,6,9,0,1,0,0,0,0,0,0,0,1,0.1316,1
corner,lofted,far_post,High Zonal,7,4,9,2,1,0,1,1,0,0,0,1,0,0.1439,1
corner,long,wide_channel,High Zonal,6,4,8,0,0,0,0,0,0,0,0,0,0,0.053,0
free_kick_central,lofted,edge_box,High Zonal,10,3,3,2,1,1,1,1,0,0,0,0,1,0.1664,1
free_kick_wide,straight,near_post,Man-to-Man,10,3,8,4,0,0,0,1,0,0,0,1,0,0.0765,1
corner,straight,central,Man-to-Man,5,5,5,4,0,0,0,1,0,0,1,1,0,0.1399,1
goal_kick,lofted,near_post,Hybrid,10,5,3,2,0,1,0,0,1,0,1,0,1,0.0699,1
play_restart,lofted,edge_box,Hybrid,11,4,4,1,0,0,1,0,1,1,0,0,0,0.0583,1
corner,lofted,edge_box,Hybrid,3,3,5,4,0,0,0,1,1,0,1,1,0,0.1102,1
play_restart,driven,near_post,High Zonal,9,7,8,4,1,0,1,0,0,0,0,0,0,0.1553,1
corner,straight,central,Man-to-Man,4,6,3,3,0,1,0,0,0,1,0,1,0,0.1603,1
play_restart,outswinger,wide_channel,Man-to-Man,10,6,3,3,0,0,0,0,1,0,0,0,0,0.0342,1
play_restart,straight,six_yard,Man-to-Man,9,6,4,2,1,0,0,0,1,0,1,0,1,0.1433,1
corner,lofted,penalty_spot,Man-to-Man,10,4,5,3,1,0,1,1,1,1,0,0,0,0.1739,0
goal_kick,straight,far_post,Man-to-Man,8,5,10,2,1,0,0,1,1,0,1,0,0,0.1196,1
play_restart,long,wide_channel,Man-to-Man,5,2,3,0,0,0,0,1,1,0,0,1,0,0.0646,1
kick_off,lofted,edge_box,Man-to-Man,9,6,10,0,0,1,0,1,1,1,0,0,1,0.1281,0
play_restart,lofted,wide_channel,Man-to-Man,5,1,1,0,1,0,0,1,1,0,0,0,0,0.0744,0
penalty,lofted,near_post,High Zonal,3,4,6,3,0,0,0,1,0,0,0,1,0,0.6943,0
corner,short,central,Man-to-Man,4,2,9,4,0,1,0,0,0,1,1,1,0,0.1798,1
goal_kick,straight,near_post,High Zonal,10,5,4,2,0,0,0,1,0,0,0,0,0,0.1089,1
throw_in,lofted,six_yard,Hybrid,6,2,3,2,1,1,0,0,1,1,1,0,0,0.1252,0
throw_in,outswinger,edge_box,Hybrid,4,7,7,4,0,1,1,1,1,0,0,0,1,0.15,1
free_kick_wide,inswinger,near_post,High Zonal,3,1,3,4,1,1,0,1,0,1,0,0,0,0.1701,1
penalty,lofted,wide_channel,Hybrid,3,6,1,3,1,0,0,0,0,0,0,0,1,0.7761,1
corner,long,wide_channel,Deep Zonal,9,5,1,2,1,0,0,0,0,1,1,0,0,0.0649,1
throw_in,short,central,Man-to-Man,4,7,5,2,0,0,1,0,1,0,0,1,0,0.1264,1
corner,inswinger,penalty_spot,Man-to-Man,10,3,6,2,0,0,1,0,0,1,0,1,1,0.1279,1
throw_in,short,edge_box,High Zonal,8,5,1,3,1,1,1,0,1,0,0,1,0,0.0669,1
goal_kick,lofted,near_post,Hybrid,4,1,3,4,1,0,0,1,1,0,0,1,1,0.1185,0
free_kick_central,short,edge_box,Man-to-Man,11,5,8,3,0,0,1,1,0,0,0,1,1,0.1296,1
free_kick_central,straight,central,Deep Zonal,7,4,6,3,0,0,0,0,0,1,0,0,0,0.1264,1
free_kick_wide,short,wide_channel,Man-to-Man,6,6,7,0,0,0,0,1,1,0,0,0,1,0.1122,1
play_restart,driven,six_yard,Hybrid,9,6,8,1,1,0,0,1,1,0,1,0,0,0.1598,0
throw_in,lofted,wide_channel,Man-to-Man,8,4,10,1,0,1,0,0,1,0,1,0,0,0.1352,1
free_kick_wide,straight,edge_box,Man-to-Man,9,3,1,4,0,0,0,1,1,0,1,0,0,0.0669,1
corner,short,near_post,Hybrid,8,5,5,1,0,0,0,0,1,0,0,1,0,0.0733,1
corner,outswinger,central,Man-to-Man,11,7,3,1,0,1,0,1,1,0,0,0,0,0.1589,1
free_kick_central,straight,edge_box,High Zonal,6,3,7,3,0,0,0,1,0,0,0,0,1,0.1397,1
play_restart,outswinger,central,Hybrid,4,6,4,2,0,1,1,1,1,1,0,1,0,0.1685,1
throw_in,short,edge_box,Hybrid,4,4,2,2,0,1,0,1,1,0,0,0,1,0.107,1
corner,short,central,Man-to-Man,5,7,9,1,0,0,1,1,0,0,1,1,0,0.1819,1
goal_kick,outswinger,near_post,High Zonal,9,5,6,4,0,0,1,0,1,0,0,1,0,0.0781,1
free_kick_wide,outswinger,far_post,Man-to-Man,10,5,2,4,0,1,0,1,0,0,1,1,0,0.1129,1
goal_kick,inswinger,edge_box,High Zonal,5,5,3,0,1,0,1,1,1,0,0,0,1,0.1448,1
corner,inswinger,far_post,Hybrid,3,6,8,4,0,1,0,1,1,1,1,0,0,0.2026,1
throw_in,long,penalty_spot,Hybrid,9,7,5,4,0,0,1,1,1,0,0,0,0,0.137,1
play_restart,outswinger,far_post,High Zonal,10,3,10,4,0,1,0,1,0,0,0,0,1,0.1621,1
corner,inswinger,edge_box,High Zonal,3,6,1,2,0,1,0,1,0,1,1,0,0,0.1464,1
throw_in,lofted,penalty_spot,Hybrid,4,5,1,2,1,0,1,0,1,0,0,0,0,0.1461,1
play_restart,outswinger,penalty_spot,Hybrid,6,5,7,3,0,0,1,0,0,0,1,1,1,0.1376,1
corner,driven,far_post,Hybrid,7,2,4,3,0,0,0,1,1,0,0,0,0,0.0949,0
corner,short,penalty_spot,High Zonal,3,4,9,4,1,0,0,1,1,0,0,0,0,0.1936,1
throw_in,long,near_post,Man-to-Man,8,2,8,1,0,0,0,1,1,1,1,1,0,0.1009,1
free_kick_wide,short,edge_box,Hybrid,7,1,1,4,0,0,0,0,0,0,0,1,0,0.0574,0
corner,inswinger,central,High Zonal,9,7,10,1,0,1,0,1,1,1,0,1,0,0.2207,1
free_kick_central,driven,six_yard,Deep Zonal,11,6,10,3,0,0,1,1,0,0,1,0,0,0.1443,1
goal_kick,driven,six_yard,Deep Zonal,4,4,3,4,1,1,0,0,1,0,0,0,0,0.104,1
corner,outswinger,far_post,Man-to-Man,7,4,7,3,1,0,1,1,1,0,1,0,0,0.1488,1
free_kick_wide,long,six_yard,Deep Zonal,10,1,7,0,0,1,1,1,0,0,0,0,1,0.1709,0
goal_kick,short,edge_box,Deep Zonal,3,3,1,4,0,0,1,1,1,1,0,1,0,0.1081,1
free_kick_central,lofted,near_post,Deep Zonal,10,2,8,0,0,0,0,1,0,0,0,0,0,0.0301,0
goal_kick,driven,edge_box,High Zonal,6,4,10,2,0,1,1,1,0,1,1,0,0,0.1389,1
free_kick_central,inswinger,wide_channel,Man-to-Man,10,4,5,3,0,0,0,1,0,0,1,0,1,0.1197,0
play_restart,driven,near_post,Man-to-Man,8,7,10,1,0,0,0,1,0,0,1,0,1,0.1145,1
throw_in,lofted,central,Hybrid,11,6,7,3,1,0,0,1,1,0,1,0,1,0.1293,1
corner,long,penalty_spot,Man-to-Man,4,5,8,2,1,0,0,1,1,1,0,1,0,0.1959,1
kick_off,inswinger,far_post,Man-to-Man,10,7,6,1,1,0,0,0,1,0,1,0,1,0.1091,1
free_kick_central,driven,penalty_spot,Deep Zonal,8,3,7,0,1,0,1,1,1,0,1,0,0,0.189,1
corner,short,penalty_spot,Deep Zonal,9,1,10,3,0,1,0,0,1,0,0,0,1,0.1118,0
corner,outswinger,edge_box,Deep Zonal,9,4,6,0,0,0,1,0,0,0,0,0,0,0.0678,1
throw_in,driven,near_post,Hybrid,8,1,6,4,0,1,0,0,0,0,0,1,1,0.0892,0
corner,short,far_post,Deep Zonal,7,7,2,0,0,0,0,0,0,0,0,1,0,0.0827,0
corner,driven,six_yard,Hybrid,10,1,6,0,0,0,1,0,0,0,0,0,0,0.1119,0
corner,long,central,Deep Zonal,7,6,9,1,1,0,1,0,1,1,1,0,0,0.1842,1
free_kick_central,outswinger,far_post,Man-to-Man,11,5,7,4,1,0,0,1,0,1,0,1,1,0.1804,1
free_kick_wide,lofted,near_post,Deep Zonal,9,2,8,4,0,0,1,1,1,0,0,0,0,0.1393,1
free_kick_central,short,central,Deep Zonal,8,4,2,2,1,0,0,1,1,1,1,1,0,0.1469,1
corner,short,far_post,Hybrid,8,4,9,3,0,0,0,1,0,1,1,0,0,0.1214,1
corner,straight,far_post,Man-to-Man,5,6,6,2,0,0,0,1,0,1,0,0,1,0.145,1
throw_in,inswinger,edge_box,Deep Zonal,9,3,5,4,0,0,0,0,0,0,0,0,1,0.0775,0
free_kick_wide,long,penalty_spot,Deep Zonal,5,5,1,0,1,0,1,0,1,1,0,0,0,0.1633,1
throw_in,straight,six_yard,Hybrid,8,3,9,3,1,0,0,1,0,0,1,0,1,0.1124,0
corner,lofted,six_yard,High Zonal,10,1,7,1,0,1,0,1,0,0,0,0,0,0.1293,0
corner,lofted,central,Hybrid,7,5,4,1,1,1,0,0,1,0,0,1,0,0.158,0
corner,long,near_post,Man-to-Man,11,2,6,3,0,0,0,1,0,0,0,1,0,0.0731,0
free_kick_central,outswinger,six_yard,Deep Zonal,4,2,10,3,0,1,1,1,0,0,0,1,0,0.1987,1
free_kick_wide,long,central,Man-to-Man,4,3,9,2,0,0,0,0,0,1,0,0,0,0.1147,1
goal_kick,inswinger,central,Hybrid,5,4,3,4,1,0,1,0,0,0,0,1,0,0.1117,1
free_kick_wide,driven,near_post,Deep Zonal,11,5,8,0,0,0,0,1,1,1,0,1,0,0.1397,0
free_kick_central,straight,edge_box,Deep Zonal,7,6,1,0,0,1,0,0,0,1,0,0,0,0.1256,0
throw_in,lofted,central,Hybrid,5,5,5,1,1,0,0,1,1,0,0,0,0,0.1287,1
corner,straight,near_post,Deep Zonal,11,3,6,0,0,1,0,0,0,0,0,1,0,0.0913,1
free_kick_central,outswinger,far_post,Hybrid,6,7,7,4,0,0,0,1,0,0,0,0,0,0.1769,1
free_kick_wide,lofted,edge_box,Hybrid,5,4,1,2,0,0,1,1,1,0,0,0,0,0.0908,1
free_kick_wide,short,central,Man-to-Man,11,2,4,2,0,0,0,1,0,0,0,0,0,0.0633,1
corner,driven,edge_box,High Zonal,4,6,3,2,1,0,0,1,0,0,0,0,1,0.1334,1
goal_kick,lofted,far_post,High Zonal,11,7,4,0,1,0,0,1,0,0,1,0,0,0.1048,1
play_restart,short,far_post,Deep Zonal,3,3,7,3,0,0,0,1,0,0,1,0,1,0.1065,0
corner,straight,central,High Zonal,8,2,1,4,1,0,0,0,1,0,0,0,1,0.1141,0
throw_in,short,near_post,Hybrid,8,3,8,0,0,0,0,0,1,1,0,1,0,0.1024,0
goal_kick,driven,central,Man-to-Man,11,3,2,1,1,0,1,1,0,1,0,1,1,0.1246,1
corner,lofted,six_yard,Deep Zonal,11,2,6,3,0,0,0,1,0,0,1,0,0,0.1302,0
goal_kick,outswinger,near_post,Hybrid,10,1,9,3,0,0,0,1,0,0,1,1,0,0.0785,0
throw_in,long,wide_channel,High Zonal,11,2,9,1,0,0,0,1,0,0,1,1,1,0.0275,1
play_restart,outswinger,near_post,Man-to-Man,10,3,10,0,1,0,1,1,0,0,1,1,1,0.1277,0
play_restart,short,central,Deep Zonal,7,2,5,3,0,0,0,1,0,0,1,0,0,0.069,0
corner,driven,penalty_spot,High Zonal,10,2,5,1,0,0,0,0,1,0,0,0,0,0.1006,0
free_kick_central,driven,six_yard,Deep Zonal,9,7,10,4,0,1,0,0,0,1,0,0,0,0.1989,1
penalty,straight,near_post,High Zonal,6,2,2,1,1,0,0,0,0,0,0,1,0,0.7541,0
corner,straight,near_post,High Zonal,10,6,10,4,0,1,0,1,0,0,0,0,0,0.1511,1
free_kick_wide,outswinger,penalty_spot,High Zonal,3,5,1,4,1,0,0,0,0,1,0,1,0,0.1487,1
play_restart,inswinger,central,High Zonal,3,4,1,0,0,0,0,0,0,0,1,0,0,0.1002,1
corner,straight,penalty_spot,Man-to-Man,4,6,1,3,0,0,0,0,0,0,1,0,0,0.1592,1
free_kick_central,driven,six_yard,Hybrid,7,1,3,3,0,0,0,1,0,0,0,0,1,0.1479,1
goal_kick,straight,near_post,Deep Zonal,3,6,9,1,0,0,0,1,0,0,0,0,0,0.1061,0
free_kick_wide,outswinger,six_yard,Man-to-Man,5,3,3,4,0,0,0,1,0,0,0,0,0,0.1201,1
free_kick_central,long,near_post,High Zonal,5,6,5,3,0,0,0,1,1,0,1,0,1,0.1623,1
play_restart,outswinger,six_yard,Hybrid,5,7,9,1,0,0,1,0,0,0,0,0,1,0.1433,1
free_kick_central,outswinger,wide_channel,Man-to-Man,3,6,9,4,0,0,0,0,0,0,1,0,0,0.1478,1
corner,lofted,edge_box,Deep Zonal,5,1,5,3,0,0,0,1,1,0,0,0,0,0.1279,1
corner,inswinger,wide_channel,Hybrid,5,7,4,2,0,0,1,1,0,0,0,1,0,0.133,1
play_restart,straight,six_yard,Deep Zonal,9,6,5,4,0,0,0,1,0,0,1,1,0,0.1034,1
corner,short,near_post,Deep Zonal,8,1,6,2,1,1,1,1,1,1,0,0,0,0.1233,1
free_kick_central,outswinger,near_post,Hybrid,5,2,4,1,0,0,0,1,0,1,0,0,0,0.1258,0
corner,outswinger,near_post,High Zonal,4,7,7,2,0,0,0,1,0,1,1,0,0,0.154,1
free_kick_wide,outswinger,far_post,Man-to-Man,7,6,9,2,0,0,0,1,0,0,1,0,0,0.1492,1
play_restart,outswinger,penalty_spot,Man-to-Man,5,3,1,0,1,0,0,0,0,0,0,1,0,0.1242,1
free_kick_central,driven,far_post,Man-to-Man,9,7,9,2,0,0,0,1,1,0,0,0,1,0.1688,0
play_restart,straight,edge_box,Hybrid,5,4,7,4,0,0,0,1,0,0,0,0,1,0.0895,1
corner,straight,far_post,Deep Zonal,11,7,1,4,0,0,0,0,0,0,1,0,1,0.0736,1
free_kick_central,straight,near_post,High Zonal,3,5,8,3,1,0,0,1,1,0,1,0,0,0.2186,1
goal_kick,lofted,central,Deep Zonal,10,5,5,2,0,0,0,1,0,0,0,0,1,0.1016,1
free_kick_central,inswinger,wide_channel,High Zonal,9,1,1,4,0,1,0,0,1,0,0,1,1,0.108,0
corner,driven,central,Man-to-Man,9,7,1,4,0,0,0,1,1,0,0,0,0,0.0842,1
goal_kick,outswinger,central,Man-to-Man,11,2,1,4,0,0,0,1,1,1,0,0,0,0.0594,1
free_kick_wide,lofted,near_post,Hybrid,7,2,5,3,0,1,1,0,0,0,0,0,0,0.0918,1
free_kick_central,outswinger,wide_channel,Deep Zonal,9,4,6,3,0,0,0,0,1,0,0,1,0,0.1022,1
play_restart,inswinger,central,Hybrid,7,6,3,2,1,0,0,1,0,1,0,0,0,0.1129,1
corner,short,penalty_spot,Hybrid,9,6,10,3,0,0,0,1,0,0,0,0,0,0.1222,1
free_kick_wide,outswinger,near_post,Hybrid,7,5,1,1,0,0,1,1,1,0,0,0,0,0.1105,1
corner,long,near_post,Man-to-Man,11,7,10,4,0,1,0,1,1,0,0,0,0,0.2172,1
free_kick_wide,long,edge_box,High Zonal,5,5,2,4,0,1,0,1,0,0,0,0,0,0.1432,1
corner,long,penalty_spot,High Zonal,9,2,2,3,0,1,0,1,1,0,1,0,0,0.125,1
throw_in,inswinger,edge_box,Hybrid,4,6,5,3,0,1,1,1,1,1,0,0,0,0.1858,1
corner,long,central,Hybrid,3,2,8,4,0,0,0,0,1,0,1,0,0,0.14,1
throw_in,outswinger,wide_channel,Hybrid,9,4,7,2,0,1,0,1,0,0,0,1,0,0.0658,1
corner,lofted,penalty_spot,Man-to-Man,4,5,8,4,0,0,0,0,0,0,1,0,0,0.1694,1
free_kick_wide,long,wide_channel,Hybrid,3,3,5,3,1,0,0,1,1,0,0,1,0,0.102,1
free_kick_wide,short,near_post,Deep Zonal,8,3,9,1,1,0,0,1,0,0,1,0,1,0.0723,0
throw_in,driven,far_post,High Zonal,8,2,8,0,0,0,0,0,1,0,0,0,1,0.0524,0
free_kick_central,short,central,Deep Zonal,8,3,1,2,0,0,0,1,0,1,0,0,0,0.1339,0
free_kick_wide,short,edge_box,Hybrid,7,7,6,0,0,1,1,0,0,0,1,0,0,0.1129,0
goal_kick,outswinger,edge_box,Man-to-Man,10,3,10,3,1,0,1,1,0,0,1,1,0,0.0827,1
penalty,long,far_post,Hybrid,3,4,8,3,0,1,0,1,0,0,1,1,1,0.7249,0
corner,straight,near_post,Hybrid,4,5,9,0,0,0,1,0,1,0,0,0,0,0.1147,0
kick_off,inswinger,near_post,Hybrid,6,2,8,1,0,0,0,1,0,1,0,0,1,0.0811,1
free_kick_wide,driven,near_post,High Zonal,11,2,7,2,1,1,0,0,1,0,0,0,0,0.1423,0
corner,inswinger,six_yard,High Zonal,9,2,4,3,0,1,0,1,1,0,1,1,0,0.1921,1
free_kick_central,long,central,Deep Zonal,7,1,1,0,1,0,0,0,0,0,0,0,0,0.0831,0
corner,inswinger,near_post,High Zonal,11,4,4,2,0,0,0,1,0,0,0,0,0,0.0693,0
corner,straight,central,Hybrid,11,1,3,1,0,0,0,1,0,0,1,1,0,0.0791,0
goal_kick,driven,near_post,High Zonal,3,3,8,1,0,1,0,1,0,0,0,0,0,0.1406,1
corner,inswinger,wide_channel,Deep Zonal,7,4,4,2,1,0,0,0,1,0,0,0,0,0.0918,1
goal_kick,long,central,Man-to-Man,11,2,4,0,0,0,0,0,0,0,0,0,0,0.0482,0
play_restart,short,wide_channel,High Zonal,4,2,9,1,0,0,0,1,0,0,0,1,1,0.0788,1
throw_in,driven,edge_box,Man-to-Man,4,5,2,2,0,0,0,1,1,0,0,1,0,0.1098,1
throw_in,inswinger,penalty_spot,High Zonal,6,4,8,3,1,0,1,1,0,0,0,0,0,0.2018,1
throw_in,driven,far_post,Hybrid,11,6,4,1,0,1,0,0,0,1,0,1,0,0.1101,1
play_restart,straight,edge_box,Man-to-Man,4,7,10,3,1,1,0,1,1,0,0,1,1,0.1648,1
free_kick_wide,straight,edge_box,Deep Zonal,8,2,10,1,1,0,0,0,1,1,0,0,1,0.0875,0
corner,straight,near_post,Man-to-Man,5,3,5,1,0,1,0,0,1,0,0,0,1,0.1558,0
free_kick_central,straight,wide_channel,Deep Zonal,9,4,8,0,1,1,1,1,0,0,0,0,0,0.116,1
free_kick_central,short,central,High Zonal,11,2,10,0,0,1,0,1,1,1,1,0,0,0.1857,0
corner,inswinger,central,High Zonal,3,6,7,1,0,0,0,0,0,0,0,0,0,0.1733,1
throw_in,straight,far_post,High Zonal,6,1,9,1,0,0,0,1,1,1,1,0,0,0.1272,1
corner,long,edge_box,Man-to-Man,8,3,7,3,1,1,1,1,0,0,1,0,0,0.1155,1
play_restart,straight,central,Man-to-Man,4,7,1,2,1,1,0,0,1,0,1,0,1,0.1806,1
corner,inswinger,central,Deep Zonal,8,6,7,0,0,0,1,1,1,1,0,0,1,0.1938,1
corner,straight,near_post,Man-to-Man,6,4,3,3,0,0,0,1,1,1,0,0,0,0.122,0
corner,straight,far_post,Deep Zonal,3,1,6,1,0,0,0,1,0,1,0,1,0,0.0879,0
corner,long,near_post,High Zonal,8,6,8,3,0,0,0,0,0,0,1,0,1,0.1146,1
corner,lofted,six_yard,Man-to-Man,3,4,2,0,1,0,1,0,0,0,0,0,0,0.1603,0
corner,short,central,Deep Zonal,4,7,7,0,0,0,0,0,0,0,0,0,0,0.1403,0
corner,long,wide_channel,Man-to-Man,4,6,6,0,1,0,0,1,0,1,1,0,0,0.1343,1
corner,inswinger,edge_box,Man-to-Man,3,7,3,2,0,1,1,1,0,0,0,0,1,0.1741,1
free_kick_wide,lofted,edge_box,High Zonal,6,1,8,4,0,0,1,0,0,0,1,0,1,0.121,1
free_kick_wide,outswinger,wide_channel,High Zonal,10,7,8,4,0,0,1,0,0,0,1,0,0,0.097,1
free_kick_wide,straight,central,High Zonal,5,5,1,4,0,0,1,1,1,0,0,0,0,0.1512,1
free_kick_wide,outswinger,penalty_spot,High Zonal,5,3,4,4,1,0,0,1,0,1,0,0,1,0.1572,0
corner,inswinger,near_post,High Zonal,10,6,1,3,0,1,0,0,0,1,1,0,1,0.1212,1
corner,driven,near_post,Hybrid,11,4,7,3,0,0,0,0,1,0,1,1,0,0.0983,1
corner,outswinger,central,Hybrid,5,5,9,2,0,1,0,1,0,0,1,0,0,0.1674,1
goal_kick,outswinger,edge_box,Hybrid,3,7,10,1,1,0,1,0,0,0,0,0,0,0.1037,1
play_restart,inswinger,six_yard,Deep Zonal,9,5,4,3,0,0,0,1,0,0,0,0,0,0.0933,1
play_restart,lofted,central,Deep Zonal,8,5,3,0,1,1,0,0,1,0,0,0,0,0.1038,0
free_kick_central,driven,edge_box,Deep Zonal,11,7,4,0,0,1,1,0,1,0,0,1,0,0.139,0
free_kick_central,lofted,central,Hybrid,8,6,1,2,0,0,0,0,1,0,1,0,0,0.1407,1
free_kick_wide,driven,near_post,Deep Zonal,11,5,4,3,0,0,0,1,0,0,0,0,0,0.1169,1
goal_kick,lofted,near_post,Man-to-Man,4,7,7,1,0,1,0,1,0,0,1,1,0,0.1317,1
goal_kick,straight,penalty_spot,High Zonal,4,7,1,3,0,0,1,1,0,0,0,0,0,0.1123,1
goal_kick,inswinger,far_post,Hybrid,8,5,8,3,0,0,0,1,0,0,1,0,1,0.0906,1
kick_off,outswinger,central,Man-to-Man,9,1,9,1,0,0,0,1,0,0,0,0,1,0.085,0
free_kick_wide,outswinger,near_post,Hybrid,6,5,4,0,0,0,0,0,1,1,0,0,0,0.08,0
goal_kick,long,penalty_spot,Deep Zonal,6,3,8,1,0,0,0,1,1,0,1,0,0,0.1038,1
goal_kick,inswinger,six_yard,Man-to-Man,6,5,5,4,1,0,0,1,0,1,0,0,0,0.1481,1
free_kick_wide,inswinger,near_post,Deep Zonal,3,3,10,1,1,0,0,0,0,1,0,0,1,0.1618,1
play_restart,long,edge_box,Deep Zonal,10,3,6,3,0,0,0,1,1,0,0,1,0,0.0483,1
corner,inswinger,penalty_spot,Deep Zonal,11,7,6,3,1,0,0,0,0,1,0,0,0,0.1269,1
play_restart,inswinger,far_post,High Zonal,11,2,9,4,1,0,0,1,1,0,0,1,0,0.1167,0
goal_kick,inswinger,near_post,Deep Zonal,7,2,3,4,0,1,0,0,1,0,0,0,0,0.0653,0
corner,long,wide_channel,Man-to-Man,4,5,7,4,1,1,0,1,0,0,0,0,0,0.1313,1
throw_in,inswinger,far_post,High Zonal,6,5,9,1,0,0,0,1,1,1,1,0,1,0.1555,1
corner,inswinger,far_post,Deep Zonal,9,7,3,2,0,1,1,0,0,0,1,0,0,0.1084,1
goal_kick,outswinger,six_yard,High Zonal,4,1,9,2,0,0,0,0,1,1,1,0,0,0.1577,1
goal_kick,long,six_yard,Man-to-Man,4,7,3,3,0,0,0,1,0,1,1,1,0,0.1175,1
throw_in,outswinger,edge_box,Deep Zonal,11,6,7,0,0,1,1,1,1,0,0,0,0,0.1337,0
goal_kick,inswinger,six_yard,High Zonal,3,2,4,4,1,0,0,1,1,1,0,0,0,0.162,1
corner,lofted,near_post,Man-to-Man,8,6,7,3,1,0,1,0,0,0,1,0,1,0.1269,1
corner,driven,edge_box,Hybrid,4,6,2,1,0,1,0,1,1,1,0,1,0,0.1433,1
free_kick_wide,inswinger,central,Hybrid,3,1,9,0,0,0,0,1,0,0,1,0,0,0.1412,1
corner,outswinger,six_yard,Hybrid,8,1,2,0,1,1,0,0,1,0,0,1,1,0.1577,0
free_kick_central,inswinger,central,High Zonal,4,5,4,1,1,0,0,1,0,0,0,0,0,0.1806,1
corner,long,near_post,High Zonal,9,5,9,1,0,0,0,1,0,1,0,0,0,0.1048,1
free_kick_wide,outswinger,far_post,Hybrid,10,7,1,0,1,0,0,1,0,0,0,0,1,0.117,0
free_kick_wide,lofted,edge_box,Man-to-Man,7,7,9,2,0,0,0,0,0,0,1,0,1,0.1241,1
kick_off,driven,far_post,Man-to-Man,4,1,5,0,0,1,0,1,0,0,1,0,0,0.0576,0
corner,short,edge_box,Hybrid,11,7,3,3,0,0,0,0,1,1,0,0,0,0.0939,0
kick_off,inswinger,near_post,High Zonal,6,6,9,2,1,0,0,1,0,0,0,0,0,0.1245,1
free_kick_wide,driven,near_post,Man-to-Man,9,5,9,1,0,1,0,1,0,1,1,0,0,0.1597,1
free_kick_wide,long,penalty_spot,Man-to-Man,4,3,9,2,1,1,1,1,1,1,0,1,0,0.2611,1
free_kick_central,driven,far_post,Hybrid,4,5,6,2,1,1,1,0,0,0,0,0,0,0.1994,1
free_kick_wide,inswinger,edge_box,Deep Zonal,9,4,2,4,0,0,0,1,0,0,0,1,0,0.1166,1
corner,long,wide_channel,Man-to-Man,4,3,8,3,0,0,0,1,0,1,1,0,0,0.0992,1
free_kick_central,driven,edge_box,Hybrid,7,1,8,1,0,0,0,1,1,0,0,0,0,0.1458,0
corner,lofted,far_post,Deep Zonal,8,6,9,4,0,0,0,1,1,1,0,1,0,0.1189,1
free_kick_wide,short,penalty_spot,High Zonal,4,3,8,1,0,1,0,1,1,0,0,0,0,0.1885,1
penalty,short,wide_channel,Deep Zonal,5,2,4,1,1,1,0,1,1,0,0,0,0,0.7074,1
free_kick_wide,straight,edge_box,Man-to-Man,4,3,5,3,0,0,0,1,0,0,0,0,1,0.1055,1
goal_kick,long,six_yard,Deep Zonal,3,1,7,3,0,0,0,0,0,0,0,0,0,0.1326,1
corner,lofted,central,Man-to-Man,11,3,8,0,1,0,0,1,0,0,0,0,0,0.1472,0
play_restart,short,edge_box,Deep Zonal,3,6,4,4,1,0,0,0,1,1,0,1,0,0.0908,1
goal_kick,outswinger,near_post,High Zonal,10,6,3,3,1,0,0,1,1,0,1,1,0,0.0428,1
play_restart,inswinger,edge_box,Hybrid,6,1,10,2,0,1,0,1,0,0,1,0,0,0.1049,0
goal_kick,short,six_yard,Hybrid,5,3,10,3,0,0,0,0,1,0,0,1,1,0.1541,1
corner,driven,wide_channel,Man-to-Man,7,5,3,2,0,0,1,1,0,1,0,0,0,0.1175,1
free_kick_central,inswinger,near_post,Deep Zonal,11,7,1,4,0,0,0,0,0,1,0,0,0,0.1206,1
corner,straight,six_yard,Deep Zonal,8,4,7,0,0,0,1,0,0,0,0,1,0,0.1202,0
goal_kick,lofted,near_post,Deep Zonal,3,7,1,2,1,0,1,1,1,0,0,0,0,0.1136,1
throw_in,short,far_post,Deep Zonal,9,1,2,3,1,0,1,1,1,0,0,0,0,0.0553,1
corner,outswinger,edge_box,High Zonal,9,7,6,0,0,0,0,1,1,0,1,1,0,0.1099,1
play_restart,straight,far_post,Deep Zonal,11,2,4,4,1,0,1,0,0,0,1,1,1,0.0601,0
corner,straight,central,Deep Zonal,4,6,1,1,0,0,0,1,0,0,0,0,1,0.1192,1
penalty,inswinger,edge_box,Deep Zonal,10,1,4,0,1,0,0,0,0,0,0,0,0,0.7603,0
throw_in,long,edge_box,Deep Zonal,6,7,7,1,0,1,0,0,0,0,1,1,0,0.0897,1
corner,short,penalty_spot,Man-to-Man,6,2,8,4,0,1,0,1,0,0,1,0,1,0.1844,1
throw_in,short,far_post,Hybrid,8,3,8,4,1,1,0,1,1,0,1,0,0,0.1544,1
goal_kick,short,edge_box,Deep Zonal,7,5,3,0,0,0,1,0,0,1,0,0,0,0.034,1
corner,inswinger,far_post,High Zonal,5,1,7,1,1,0,0,1,0,0,0,0,0,0.1614,1
free_kick_central,inswinger,near_post,Hybrid,4,4,4,4,0,1,1,1,0,0,0,0,0,0.1922,1
corner,inswinger,penalty_spot,High Zonal,8,3,7,0,0,1,0,0,0,0,1,0,1,0.15,1
throw_in,inswinger,edge_box,Hybrid,11,4,1,2,0,1,0,0,1,0,1,0,0,0.0893,0
corner,long,central,Man-to-Man,5,3,5,2,1,0,0,1,1,1,0,1,0,0.1869,1
play_restart,inswinger,near_post,Man-to-Man,7,6,4,1,0,1,0,1,0,1,0,1,0,0.1556,1
kick_off,long,wide_channel,Deep Zonal,5,4,7,1,0,0,1,0,1,0,0,0,0,0.0144,0
corner,inswinger,six_yard,Man-to-Man,5,6,3,4,0,0,0,1,0,0,1,0,1,0.1758,1
free_kick_wide,inswinger,penalty_spot,Man-to-Man,10,1,3,1,0,0,0,1,0,1,0,0,0,0.1284,0
throw_in,inswinger,edge_box,Hybrid,9,5,6,3,0,0,0,1,1,0,1,0,0,0.0924,1
throw_in,short,wide_channel,High Zonal,7,3,7,3,0,1,1,1,0,0,0,0,0,0.0955,1
free_kick_central,short,penalty_spot,High Zonal,7,5,5,0,1,0,1,1,0,0,0,0,0,0.1926,1
corner,driven,central,Deep Zonal,6,6,9,4,0,0,0,1,1,1,1,0,0,0.1757,0
corner,inswinger,penalty_spot,High Zonal,11,5,10,3,0,1,0,0,1,1,1,0,0,0.198,1
play_restart,short,wide_channel,Hybrid,11,3,7,0,1,1,0,1,0,0,1,0,0,0.0568,0
free_kick_central,driven,edge_box,High Zonal,3,2,6,0,1,1,0,1,0,0,1,1,1,0.2226,1
kick_off,outswinger,near_post,High Zonal,10,7,6,2,0,0,0,0,1,1,0,0,0,0.1051,0
free_kick_central,inswinger,wide_channel,Deep Zonal,6,2,1,4,0,0,0,1,0,1,0,0,1,0.0853,0
play_restart,inswinger,edge_box,Deep Zonal,8,1,5,4,0,1,1,0,0,0,0,0,0,0.0736,1
corner,inswinger,far_post,Deep Zonal,11,3,9,0,0,0,0,0,0,0,0,0,0,0.0553,0
corner,driven,wide_channel,Man-to-Man,6,1,7,3,0,0,1,1,0,0,1,1,0,0.1246,1
play_restart,straight,edge_box,Man-to-Man,7,6,1,2,1,1,0,0,0,0,0,0,0,0.0712,1
play_restart,short,six_yard,Hybrid,8,7,2,3,1,0,0,1,1,0,0,1,0,0.1183,1
free_kick_wide,long,wide_channel,Deep Zonal,5,4,9,2,0,0,0,1,0,0,1,0,1,0.0916,0
free_kick_wide,straight,near_post,Hybrid,5,5,8,2,1,0,0,0,1,0,1,0,0,0.1606,1
free_kick_central,short,edge_box,High Zonal,8,7,5,2,0,0,0,0,1,1,0,0,0,0.1132,0
free_kick_wide,inswinger,far_post,High Zonal,4,7,10,0,0,0,0,1,0,0,0,0,0,0.1692,0
corner,straight,six_yard,Deep Zonal,8,1,1,2,0,1,0,0,1,0,0,0,0,0.0726,1
kick_off,inswinger,six_yard,High Zonal,5,1,8,0,1,0,0,1,0,0,0,0,0,0.1523,1
corner,outswinger,six_yard,High Zonal,3,3,10,2,0,0,1,0,0,0,0,1,0,0.1724,1
throw_in,outswinger,edge_box,Deep Zonal,3,2,5,2,0,0,0,1,0,1,0,0,0,0.0667,1
corner,long,edge_box,Man-to-Man,5,2,5,3,0,1,0,1,1,1,1,1,1,0.1518,1
corner,long,central,Deep Zonal,3,2,3,4,1,0,0,1,1,0,0,0,1,0.1463,1
throw_in,long,far_post,Deep Zonal,5,6,9,0,1,0,0,0,1,1,1,0,0,0.1108,1
free_kick_wide,inswinger,near_post,High Zonal,6,2,8,2,0,0,0,1,0,1,0,0,0,0.1682,1
throw_in,lofted,six_yard,High Zonal,5,4,5,3,0,0,0,1,1,1,0,0,0,0.1619,1
corner,inswinger,penalty_spot,Hybrid,7,1,3,1,1,0,1,1,0,1,1,0,1,0.1286,1
play_restart,driven,penalty_spot,High Zonal,6,5,5,0,1,0,0,1,1,0,0,0,0,0.1582,1
goal_kick,long,central,Man-to-Man,3,6,5,4,1,0,1,1,0,0,0,0,1,0.1556,1
kick_off,short,penalty_spot,Man-to-Man,6,5,4,4,1,0,0,1,1,0,1,0,0,0.0761,1
corner,straight,far_post,High Zonal,3,2,9,3,1,0,1,1,1,0,0,0,0,0.1646,1
free_kick_wide,long,wide_channel,High Zonal,9,1,4,3,0,1,1,0,1,0,1,1,0,0.0786,1
free_kick_wide,long,six_yard,Deep Zonal,6,3,2,1,0,1,0,1,0,0,0,1,1,0.1339,0
free_kick_central,inswinger,far_post,Man-to-Man,8,6,8,3,0,1,0,0,0,0,0,1,1,0.1925,1
corner,driven,six_yard,High Zonal,4,1,8,4,0,0,0,0,0,0,1,0,0,0.1523,1
corner,inswinger,near_post,Hybrid,6,6,1,1,0,0,0,1,0,0,0,0,0,0.1114,0
free_kick_wide,short,near_post,Deep Zonal,10,7,7,2,0,0,0,1,0,0,1,1,0,0.0512,0
corner,short,penalty_spot,Deep Zonal,4,5,5,4,0,0,1,0,0,1,0,0,0,0.1363,1
free_kick_wide,driven,edge_box,Hybrid,11,6,7,1,0,1,0,0,1,0,1,0,0,0.0802,1
corner,straight,near_post,High Zonal,6,2,3,3,0,0,1,1,0,0,0,0,0,0.0808,1
corner,outswinger,central,Hybrid,4,5,2,0,1,0,0,1,0,0,0,0,1,0.1878,0
throw_in,straight,penalty_spot,Man-to-Man,4,6,6,4,0,0,0,0,1,1,0,0,0,0.1597,1
free_kick_wide,outswinger,near_post,Deep Zonal,7,6,1,0,0,0,0,0,0,0,0,0,0,0.0433,0
free_kick_wide,short,far_post,High Zonal,11,5,3,0,0,1,0,0,1,0,0,1,0,0.0956,1
free_kick_central,straight,far_post,High Zonal,7,2,1,2,0,0,0,1,0,0,0,0,1,0.1542,1
goal_kick,driven,wide_channel,Hybrid,4,7,4,3,0,0,0,1,0,0,0,0,0,0.064,1
free_kick_wide,outswinger,central,Deep Zonal,6,5,10,1,0,0,0,1,1,0,0,1,0,0.1224,1
throw_in,inswinger,near_post,Hybrid,10,1,6,3,1,0,0,1,0,0,0,0,1,0.0858,0
play_restart,straight,near_post,Hybrid,11,5,8,1,0,1,0,1,0,1,0,0,1,0.1572,0
free_kick_central,inswinger,near_post,Deep Zonal,8,7,8,4,1,0,0,1,0,0,1,1,0,0.1604,1
kick_off,outswinger,edge_box,Deep Zonal,10,1,2,2,0,0,0,0,0,0,1,0,0,0.0277,0
goal_kick,straight,far_post,Deep Zonal,10,7,10,2,0,0,0,1,0,0,0,0,0,0.0731,0
corner,straight,central,Man-to-Man,6,3,2,0,0,0,0,1,1,0,1,0,0,0.177,1
free_kick_wide,outswinger,wide_channel,Man-to-Man,10,3,3,1,0,1,0,1,1,0,0,0,0,0.0952,1
throw_in,short,edge_box,Deep Zonal,3,4,7,0,0,1,1,1,0,0,0,0,0,0.0951,1
play_restart,driven,near_post,Man-to-Man,10,6,5,4,0,1,0,1,0,1,0,0,0,0.1344,1
free_kick_central,short,central,Man-to-Man,8,1,3,2,0,1,0,1,1,0,0,1,1,0.1559,1
corner,outswinger,six_yard,High Zonal,8,2,4,1,0,0,0,1,1,1,1,0,0,0.1282,0
penalty,inswinger,edge_box,Man-to-Man,11,6,5,1,1,0,0,1,0,1,1,1,0,0.7906,0
corner,inswinger,wide_channel,Hybrid,5,2,7,3,0,1,0,1,1,0,0,0,0,0.1568,1
goal_kick,short,near_post,Hybrid,4,3,8,3,1,0,1,1,1,1,0,0,0,0.0911,1
free_kick_central,long,edge_box,Deep Zonal,8,5,4,1,1,0,0,1,0,0,0,0,0,0.0868,0
throw_in,inswinger,near_post,High Zonal,9,2,4,1,0,0,0,1,0,0,0,0,0,0.1036,1
kick_off,inswinger,central,Hybrid,3,1,1,4,1,1,0,0,0,0,0,0,0,0.1125,1
throw_in,outswinger,edge_box,Hybrid,7,4,10,0,1,0,0,1,0,0,0,1,0,0.0849,1
throw_in,outswinger,edge_box,Hybrid,6,1,7,2,0,0,0,0,0,0,0,1,1,0.079,1
goal_kick,lofted,near_post,Deep Zonal,10,3,3,4,0,1,1,1,1,1,1,1,0,0.0928,1
goal_kick,outswinger,central,Deep Zonal,10,5,1,1,1,0,0,1,0,1,0,1,0,0.0767,1
kick_off,inswinger,edge_box,Man-to-Man,4,6,10,0,1,0,0,0,0,0,0,0,0,0.1032,1
corner,straight,near_post,Deep Zonal,8,7,1,4,1,0,0,1,0,0,0,0,0,0.087,1
penalty,inswinger,central,Hybrid,9,7,2,4,0,0,1,1,0,1,0,0,0,0.7823,1
corner,inswinger,central,Deep Zonal,5,1,9,0,0,1,1,1,0,0,0,0,0,0.1498,1
kick_off,straight,near_post,Deep Zonal,11,4,4,1,1,0,0,1,0,1,1,0,0,0.0799,0
throw_in,outswinger,six_yard,Hybrid,11,1,9,0,0,1,0,0,1,0,1,0,0,0.1249,0
free_kick_wide,inswinger,near_post,Deep Zonal,4,6,6,4,0,0,0,0,0,1,0,0,0,0.1202,1
corner,short,penalty_spot,High Zonal,3,1,6,4,0,0,0,0,1,0,0,0,0,0.1054,1
free_kick_wide,short,edge_box,Hybrid,8,6,10,4,0,1,0,1,1,0,1,1,0,0.128,1
throw_in,inswinger,near_post,Deep Zonal,10,1,1,1,1,0,0,1,0,0,0,0,0,0.005,0
corner,driven,penalty_spot,Man-to-Man,9,1,4,3,0,0,0,1,1,0,1,0,0,0.14,1
corner,outswinger,central,Man-to-Man,9,7,4,0,0,0,0,0,1,1,1,1,0,0.161,1
kick_off,lofted,six_yard,High Zonal,9,2,8,0,1,0,0,1,0,0,1,1,1,0.1375,0
goal_kick,lofted,edge_box,High Zonal,4,4,4,2,0,0,0,1,0,0,0,1,1,0.1052,1
corner,straight,edge_box,Hybrid,3,4,9,4,1,0,0,1,0,1,1,0,1,0.1641,1
corner,outswinger,far_post,High Zonal,3,5,8,1,0,0,0,0,1,1,0,0,0,0.1489,1
play_restart,driven,six_yard,Deep Zonal,11,7,10,2,0,1,0,0,0,0,0,0,0,0.1144,1
throw_in,straight,penalty_spot,Hybrid,11,3,9,4,1,0,0,0,1,1,0,1,0,0.1214,1
throw_in,inswinger,central,High Zonal,10,5,8,2,1,0,0,0,1,0,1,0,1,0.1394,1
free_kick_wide,short,near_post,Man-to-Man,3,7,4,4,0,0,0,0,0,0,0,0,0,0.1354,1
corner,straight,near_post,High Zonal,10,1,8,3,1,1,1,1,0,0,1,0,0,0.1148,0
corner,driven,central,Man-to-Man,11,4,5,4,0,0,0,1,0,0,1,1,1,0.137,0
throw_in,long,central,Man-to-Man,10,3,4,1,1,1,0,1,1,1,0,0,0,0.1206,0
corner,driven,wide_channel,High Zonal,6,7,3,4,1,0,0,1,0,0,0,0,0,0.1191,1
corner,long,wide_channel,Deep Zonal,3,5,9,4,1,1,1,0,0,1,1,0,0,0.1303,1
throw_in,short,near_post,Man-to-Man,6,5,8,4,1,0,0,1,0,0,0,0,1,0.1598,1
play_restart,short,wide_channel,Hybrid,4,2,1,4,1,0,0,1,1,0,1,0,1,0.0579,1
goal_kick,lofted,edge_box,Man-to-Man,8,7,4,1,0,1,0,0,0,0,0,0,0,0.0862,0
free_kick_central,lofted,far_post,Man-to-Man,10,1,6,4,1,0,0,1,0,0,1,1,0,0.1073,1
free_kick_central,driven,wide_channel,Deep Zonal,7,4,8,3,0,1,0,1,0,1,0,0,1,0.1592,1
free_kick_wide,driven,edge_box,High Zonal,3,5,4,0,0,0,0,0,0,0,1,0,0,0.129,1
free_kick_wide,short,penalty_spot,Hybrid,6,7,8,4,1,0,0,0,0,0,1,1,0,0.1451,1
free_kick_central,outswinger,central,Hybrid,10,2,3,3,0,0,1,0,1,1,0,0,0,0.1416,1
free_kick_wide,driven,central,High Zonal,8,3,2,3,0,0,1,1,0,0,0,0,0,0.1069,1
throw_in,inswinger,wide_channel,Deep Zonal,3,1,1,0,1,0,0,0,1,0,0,1,1,0.0676,1
kick_off,outswinger,central,Deep Zonal,6,5,9,4,0,1,1,1,0,1,1,0,0,0.1653,1
play_restart,straight,near_post,High Zonal,6,2,7,4,1,0,0,1,1,0,1,1,0,0.1591,1
corner,short,central,Hybrid,3,5,9,4,1,0,0,1,0,1,0,0,0,0.1846,1
free_kick_wide,short,far_post,High Zonal,6,1,6,1,1,0,0,1,0,1,0,0,1,0.0954,0
corner,inswinger,far_post,High Zonal,10,4,6,0,0,1,0,0,0,0,0,0,1,0.1148,0
free_kick_wide,inswinger,wide_channel,Deep Zonal,4,4,3,3,1,0,1,0,0,0,1,1,0,0.1208,1
corner,outswinger,far_post,Hybrid,7,4,1,2,0,1,0,1,1,0,1,0,0,0.0498,0
corner,outswinger,six_yard,High Zonal,8,3,8,1,0,1,1,0,0,0,0,0,0,0.1627,0
goal_kick,inswinger,penalty_spot,Deep Zonal,9,2,2,1,1,0,1,1,1,0,0,0,0,0.1119,1
free_kick_central,long,far_post,Man-to-Man,5,6,9,3,1,0,1,1,0,0,0,0,1,0.2431,1
kick_off,outswinger,near_post,High Zonal,8,7,1,4,1,0,1,1,1,0,0,0,1,0.1165,1
corner,straight,central,High Zonal,9,2,10,2,0,0,0,1,1,1,0,0,1,0.1842,1
corner,outswinger,six_yard,High Zonal,8,4,5,4,0,0,0,1,0,0,1,0,1,0.1299,1
free_kick_wide,short,edge_box,High Zonal,10,1,3,2,0,0,0,0,0,0,0,1,0,0.0568,1
corner,driven,far_post,Deep Zonal,4,2,3,2,0,0,0,0,0,0,1,0,1,0.0907,0
corner,inswinger,wide_channel,Hybrid,3,3,7,1,1,0,0,0,0,0,1,1,0,0.1491,0
play_restart,outswinger,six_yard,Hybrid,11,5,9,0,0,0,1,1,1,0,0,0,0,0.16,1
corner,long,near_post,Man-to-Man,9,5,5,1,0,0,0,1,0,0,0,1,0,0.099,1
corner,inswinger,penalty_spot,Hybrid,7,6,5,1,0,0,0,0,0,1,1,1,1,0.1297,0
penalty,driven,edge_box,High Zonal,8,1,9,3,0,1,1,0,1,1,1,1,1,0.774,1
free_kick_central,lofted,six_yard,Man-to-Man,11,1,5,0,0,1,1,0,0,1,1,0,0,0.2003,0
throw_in,short,near_post,Deep Zonal,10,2,4,2,1,0,0,1,0,0,0,0,0,0.0144,1
free_kick_wide,lofted,central,High Zonal,10,3,10,2,1,0,0,1,0,1,0,0,0,0.1918,1
goal_kick,straight,far_post,Man-to-Man,8,4,9,2,0,0,1,0,0,1,1,0,0,0.0823,1
corner,straight,central,Deep Zonal,9,5,6,4,0,0,1,0,0,0,0,0,0,0.1356,1
free_kick_wide,inswinger,near_post,Hybrid,8,2,1,0,0,0,0,0,1,1,0,1,0,0.1003,0
throw_in,inswinger,penalty_spot,Deep Zonal,7,6,4,1,0,0,0,0,0,1,1,0,0,0.138,1
kick_off,outswinger,far_post,Deep Zonal,9,6,10,1,0,0,1,1,0,0,0,0,1,0.104,1
free_kick_wide,straight,near_post,High Zonal,3,3,10,3,0,0,1,1,0,0,0,1,0,0.1807,1
penalty,short,penalty_spot,Deep Zonal,10,5,7,3,0,0,1,0,0,0,0,1,0,0.8086,1
corner,outswinger,near_post,High Zonal,5,3,5,4,1,0,0,0,1,0,0,0,1,0.1088,1
corner,short,far_post,Man-to-Man,7,1,9,2,1,0,1,1,0,1,1,0,0,0.1549,1
corner,inswinger,edge_box,Deep Zonal,8,6,6,4,0,0,1,1,0,0,0,0,0,0.1255,1
throw_in,outswinger,six_yard,Deep Zonal,5,1,1,0,0,1,0,1,0,0,0,1,1,0.1013,0
corner,inswinger,central,Deep Zonal,5,2,4,0,0,0,0,1,0,1,0,0,0,0.1322,1
throw_in,long,six_yard,Hybrid,4,3,4,3,0,0,0,1,1,0,1,0,0,0.1055,1
corner,short,six_yard,Man-to-Man,3,7,7,1,1,0,0,0,0,1,0,1,0,0.1559,1
kick_off,long,penalty_spot,Hybrid,10,5,3,1,0,0,0,1,0,0,1,0,0,0.085,1
goal_kick,inswinger,wide_channel,Deep Zonal,7,6,8,1,0,0,0,1,0,0,1,0,1,0.0865,1
corner,straight,central,Deep Zonal,9,7,3,0,0,0,0,1,1,0,0,0,1,0.1155,0
corner,lofted,near_post,High Zonal,4,7,7,1,0,0,0,1,1,0,0,1,0,0.1837,1
corner,inswinger,six_yard,Man-to-Man,10,5,4,4,0,0,0,1,1,0,0,0,0,0.1276,1
goal_kick,straight,far_post,High Zonal,5,3,3,0,1,0,1,1,1,0,0,0,0,0.1295,1
corner,inswinger,central,Hybrid,7,3,8,4,0,0,1,0,0,1,1,0,0,0.1248,1
penalty,inswinger,near_post,Man-to-Man,7,2,10,2,0,1,0,1,1,0,1,0,0,0.7499,1
free_kick_wide,straight,near_post,Deep Zonal,9,5,8,3,0,0,1,0,0,0,0,1,0,0.1092,1
goal_kick,inswinger,near_post,Man-to-Man,4,5,6,3,0,0,0,1,0,0,1,0,0,0.1334,1
free_kick_central,short,central,Hybrid,11,7,10,0,1,0,1,0,1,0,0,0,1,0.1974,1
free_kick_central,lofted,wide_channel,High Zonal,4,2,9,1,0,0,0,0,1,0,1,1,0,0.1468,1
play_restart,outswinger,central,Man-to-Man,8,6,10,4,0,0,0,0,1,1,0,1,0,0.1547,1
corner,inswinger,six_yard,Hybrid,4,2,1,3,1,0,1,0,1,0,1,0,0,0.1613,1
goal_kick,driven,near_post,Man-to-Man,11,1,9,1,1,1,0,1,0,1,0,0,0,0.0932,0
corner,straight,central,Man-to-Man,8,3,6,2,1,1,1,1,0,0,0,0,0,0.1234,1
free_kick_central,driven,wide_channel,Man-to-Man,11,7,7,2,0,1,1,1,1,0,0,1,0,0.2148,1
kick_off,outswinger,central,High Zonal,11,4,10,0,1,0,1,1,0,0,1,1,0,0.0982,0
throw_in,short,central,Hybrid,5,2,6,4,0,0,0,1,1,1,0,1,0,0.1545,1
throw_in,lofted,six_yard,Deep Zonal,5,3,7,1,1,1,1,1,0,0,1,1,0,0.1447,1
corner,inswinger,near_post,Deep Zonal,4,5,10,4,1,1,1,1,0,1,1,1,0,0.2286,1
free_kick_wide,driven,near_post,Hybrid,9,2,2,1,0,0,1,1,0,0,0,0,0,0.1199,0
free_kick_wide,short,wide_channel,High Zonal,3,2,8,3,1,0,0,0,0,0,0,0,0,0.0962,1
free_kick_central,driven,far_post,Deep Zonal,4,2,8,2,1,0,1,0,0,0,1,0,0,0.1509,1
free_kick_central,inswinger,edge_box,Man-to-Man,11,1,2,4,0,0,1,0,1,0,0,1,0,0.0975,1
free_kick_wide,straight,near_post,High Zonal,8,5,1,3,0,0,0,1,0,0,0,0,0,0.0924,0
free_kick_wide,inswinger,central,Man-to-Man,7,3,7,2,1,0,1,0,0,0,0,0,0,0.1718,1
corner,lofted,far_post,Man-to-Man,4,3,4,1,1,0,0,1,0,0,0,0,1,0.1765,0
free_kick_wide,inswinger,edge_box,Deep Zonal,10,3,4,4,1,0,0,1,0,0,0,0,0,0.0444,1
corner,inswinger,central,High Zonal,10,5,3,0,0,0,1,1,1,0,0,1,0,0.1437,1
kick_off,driven,six_yard,Deep Zonal,3,7,6,2,0,0,0,1,0,0,0,0,0,0.1401,1
throw_in,outswinger,edge_box,Hybrid,9,6,3,1,0,1,1,1,0,0,0,0,1,0.0716,0
corner,short,penalty_spot,Man-to-Man,5,4,1,2,0,0,1,0,0,0,0,1,0,0.153,1
throw_in,outswinger,far_post,Hybrid,9,5,1,0,0,1,1,0,0,1,0,0,0,0.1127,1
goal_kick,short,penalty_spot,Man-to-Man,5,2,3,3,0,0,0,1,1,0,0,0,0,0.1217,1
corner,inswinger,edge_box,Hybrid,3,7,7,3,0,0,0,1,1,1,0,0,0,0.1459,1
corner,straight,near_post,Hybrid,9,5,6,3,0,0,1,1,0,1,0,0,1,0.1438,1
corner,short,six_yard,Man-to-Man,10,7,8,3,0,1,0,1,0,0,0,1,0,0.1589,1
corner,outswinger,far_post,Deep Zonal,9,2,6,0,1,0,0,0,1,0,0,0,1,0.089,1
goal_kick,outswinger,wide_channel,Man-to-Man,4,2,3,3,0,0,1,1,1,0,1,0,0,0.0963,1
play_restart,inswinger,wide_channel,Hybrid,7,6,10,1,0,0,1,1,1,0,1,1,1,0.1199,1
corner,long,near_post,Deep Zonal,7,3,6,3,0,1,0,1,0,1,0,0,0,0.1329,1
goal_kick,inswinger,far_post,Deep Zonal,10,2,7,3,0,0,1,0,0,1,0,0,0,0.0806,1
corner,outswinger,far_post,Hybrid,9,6,5,1,1,0,0,1,1,0,0,0,1,0.1529,1
throw_in,outswinger,penalty_spot,Man-to-Man,10,4,5,0,0,0,0,0,0,0,0,0,0,0.0844,0
goal_kick,straight,six_yard,High Zonal,8,6,10,0,1,0,0,1,0,1,0,0,1,0.1691,0
free_kick_wide,long,near_post,Deep Zonal,11,2,4,2,0,0,0,1,1,0,0,0,0,0.065,0
corner,straight,penalty_spot,Deep Zonal,10,1,9,2,0,0,1,1,0,0,0,0,0,0.1602,0
throw_in,driven,wide_channel,Deep Zonal,4,3,1,0,1,0,0,0,1,0,0,0,0,0.0335,1
play_restart,long,wide_channel,Hybrid,9,7,10,3,0,0,1,1,0,0,0,1,0,0.0952,1
corner,driven,near_post,Hybrid,3,5,8,1,0,0,0,1,1,0,0,0,1,0.1576,1
corner,long,wide_channel,Hybrid,9,6,9,4,0,1,1,1,0,0,0,0,1,0.1265,1
corner,inswinger,near_post,Man-to-Man,4,6,4,3,1,0,0,1,0,0,0,1,0,0.1337,0
penalty,lofted,penalty_spot,Man-to-Man,5,7,7,3,0,0,0,1,1,0,0,0,0,0.7666,1
throw_in,driven,central,Man-to-Man,8,4,8,1,1,0,0,1,1,0,0,1,0,0.1295,1
goal_kick,short,penalty_spot,Deep Zonal,6,2,1,3,0,0,0,1,1,1,0,1,0,0.0577,0
goal_kick,inswinger,near_post,High Zonal,8,7,7,3,0,0,1,1,0,0,1,0,0,0.1079,0
kick_off,inswinger,central,High Zonal,7,4,9,4,0,1,0,1,0,0,1,0,0,0.1863,1
goal_kick,short,central,Man-to-Man,8,3,9,2,0,0,0,1,0,0,0,0,1,0.1232,1
corner,straight,wide_channel,Man-to-Man,8,4,8,3,0,0,1,1,1,0,1,1,0,0.1082,1
penalty,long,penalty_spot,Deep Zonal,4,6,9,2,0,0,0,0,1,1,0,0,1,0.7578,0
corner,straight,edge_box,High Zonal,9,3,3,4,0,0,0,1,1,1,1,1,0,0.071,1
free_kick_wide,short,edge_box,High Zonal,11,6,7,3,0,0,1,1,1,0,0,0,0,0.0526,1
play_restart,inswinger,far_post,Deep Zonal,8,2,3,0,0,1,0,1,1,0,0,1,0,0.0901,1
throw_in,inswinger,near_post,Hybrid,8,3,9,3,1,0,0,1,0,0,1,0,0,0.1053,1
play_restart,inswinger,near_post,Deep Zonal,9,1,6,0,0,0,1,1,0,0,0,0,0,0.0675,0
free_kick_wide,driven,far_post,Hybrid,3,7,9,0,1,0,0,1,1,0,0,0,0,0.1705,1
free_kick_central,short,wide_channel,Hybrid,4,7,3,2,1,1,0,1,1,0,1,0,0,0.1479,1
free_kick_central,lofted,central,Hybrid,8,2,4,2,1,0,0,0,0,0,0,0,0,0.1462,0
corner,long,edge_box,Hybrid,6,4,10,2,0,0,0,1,0,0,0,0,0,0.0821,1
corner,long,six_yard,High Zonal,9,6,10,2,0,0,1,1,0,0,1,0,0,0.1594,0
free_kick_central,short,wide_channel,Hybrid,11,5,2,1,1,0,0,0,0,0,0,1,0,0.0425,1
corner,driven,central,Hybrid,10,5,4,4,1,1,0,0,0,0,0,1,0,0.1808,0
play_restart,lofted,wide_channel,Hybrid,4,2,2,3,1,0,1,1,1,0,1,0,1,0.1084,1
corner,long,penalty_spot,High Zonal,5,1,7,3,1,0,0,1,0,0,0,0,1,0.1441,1
corner,inswinger,far_post,Deep Zonal,4,7,1,2,0,0,0,0,1,0,0,1,0,0.1047,0
goal_kick,long,edge_box,Man-to-Man,3,7,1,3,1,0,1,1,0,0,0,0,0,0.122,1
corner,inswinger,central,High Zonal,9,7,6,2,1,0,1,0,1,0,0,1,0,0.1957,1
kick_off,inswinger,six_yard,Hybrid,9,1,9,4,1,0,0,1,0,1,0,0,0,0.1102,1
throw_in,long,penalty_spot,Deep Zonal,4,5,8,0,0,0,1,1,1,1,1,1,0,0.1536,1
corner,driven,edge_box,High Zonal,9,2,7,3,1,0,0,1,0,1,1,1,0,0.1045,1
throw_in,inswinger,six_yard,Deep Zonal,7,3,6,2,0,0,0,1,0,0,0,0,0,0.1167,1
throw_in,inswinger,penalty_spot,Deep Zonal,10,3,2,1,0,0,0,1,0,0,1,0,1,0.0801,1
goal_kick,driven,near_post,Man-to-Man,9,2,3,3,1,1,0,1,0,0,0,0,0,0.1083,1
goal_kick,inswinger,central,Man-to-Man,5,5,7,4,0,0,0,0,0,0,1,1,0,0.1369,1
throw_in,inswinger,six_yard,Deep Zonal,7,5,10,1,1,0,0,1,0,0,0,0,0,0.1338,1
throw_in,long,penalty_spot,Man-to-Man,5,7,1,2,0,0,0,0,1,0,1,1,0,0.1047,1
free_kick_wide,driven,six_yard,Hybrid,11,6,4,1,0,0,1,0,1,0,1,0,1,0.1646,1
throw_in,short,far_post,Deep Zonal,7,5,2,4,0,0,0,0,0,1,1,0,0,0.0469,1
play_restart,short,far_post,Deep Zonal,10,7,2,2,0,0,1,0,0,1,0,0,1,0.0635,1
throw_in,outswinger,six_yard,High Zonal,7,3,4,1,0,0,1,1,0,0,0,0,0,0.1147,1
throw_in,outswinger,edge_box,Deep Zonal,7,1,2,4,1,0,0,1,1,1,1,1,1,0.0562,1
free_kick_wide,long,central,Deep Zonal,4,7,3,1,0,0,0,1,1,0,0,1,0,0.1385,0
goal_kick,driven,near_post,Hybrid,11,3,5,0,1,1,0,0,1,0,1,0,0,0.0964,1
play_restart,outswinger,six_yard,High Zonal,9,4,8,1,0,1,0,1,0,0,0,0,0,0.124,0
corner,outswinger,edge_box,Man-to-Man,5,3,6,1,0,0,1,1,1,1,0,0,1,0.1555,1
corner,outswinger,far_post,Hybrid,10,7,6,1,0,0,0,1,0,0,0,0,0,0.097,0
free_kick_central,inswinger,penalty_spot,Deep Zonal,5,3,7,0,0,0,0,1,0,0,1,0,0,0.1425,1
free_kick_central,outswinger,central,High Zonal,3,5,3,4,1,0,0,1,1,1,0,0,0,0.1712,1
penalty,inswinger,far_post,Man-to-Man,9,5,1,1,0,1,0,1,0,0,0,1,0,0.7849,0
corner,driven,near_post,Man-to-Man,9,4,1,4,1,1,0,1,1,0,1,1,1,0.1366,1
free_kick_wide,outswinger,central,Man-to-Man,8,4,9,3,1,0,0,1,1,0,1,0,0,0.1701,1
throw_in,long,six_yard,Hybrid,9,1,9,4,0,0,0,1,0,0,0,0,1,0.0843,1
throw_in,short,central,High Zonal,5,7,4,1,1,0,1,1,0,0,0,0,0,0.1587,1
throw_in,driven,six_yard,High Zonal,5,3,8,3,1,0,0,0,0,1,0,0,0,0.1199,1
throw_in,lofted,far_post,Deep Zonal,6,2,3,1,0,0,1,0,1,1,1,0,1,0.1013,0
throw_in,straight,near_post,Man-to-Man,4,2,4,1,0,1,1,1,0,0,0,0,0,0.0929,0
goal_kick,inswinger,central,Hybrid,5,3,7,4,0,0,1,0,0,0,0,0,0,0.1254,1
throw_in,long,near_post,Man-to-Man,3,5,10,4,0,0,0,1,0,1,0,0,0,0.1358,1
free_kick_central,inswinger,edge_box,High Zonal,5,4,7,1,0,0,0,1,1,0,1,0,0,0.1593,1
throw_in,outswinger,wide_channel,Hybrid,7,6,10,0,0,0,1,0,1,0,0,0,0,0.1042,1
corner,inswinger,edge_box,Deep Zonal,6,6,10,2,0,0,1,1,0,0,1,0,0,0.1245,1
corner,driven,edge_box,Hybrid,6,3,1,4,0,0,1,1,0,0,0,0,0,0.0992,1
free_kick_central,inswinger,six_yard,Deep Zonal,11,6,5,4,0,0,0,0,0,0,0,0,0,0.1249,1
kick_off,straight,edge_box,Hybrid,3,5,5,2,1,1,0,0,1,0,0,1,0,0.0928,1
throw_in,straight,penalty_spot,Man-to-Man,10,7,2,2,0,0,0,1,1,0,1,1,0,0.115,1
corner,long,edge_box,Man-to-Man,3,1,3,4,0,0,0,1,0,1,0,0,0,0.0894,1
throw_in,outswinger,far_post,Hybrid,7,4,10,0,0,0,0,0,1,0,1,0,0,0.1021,0
corner,driven,near_post,High Zonal,4,5,2,1,0,1,0,0,0,1,0,0,0,0.1137,1
throw_in,long,edge_box,Deep Zonal,7,2,5,0,0,0,0,0,0,0,0,0,0,0.049,1
goal_kick,straight,edge_box,High Zonal,11,5,5,2,0,0,0,0,1,0,0,1,0,0.0805,1
throw_in,straight,central,Hybrid,3,6,7,4,0,0,1,0,1,1,0,0,0,0.1496,1
throw_in,driven,wide_channel,Hybrid,7,1,6,1,0,0,1,1,0,1,1,0,0,0.0833,1
free_kick_wide,long,near_post,Hybrid,7,7,1,4,0,0,0,1,1,1,0,0,0,0.1609,1
free_kick_central,straight,edge_box,High Zonal,7,7,5,2,0,1,1,0,0,0,0,0,0,0.1563,0
kick_off,outswinger,wide_channel,Deep Zonal,8,2,4,1,0,0,1,1,0,0,1,0,0,0.005,0
throw_in,inswinger,central,Deep Zonal,5,2,2,4,0,1,0,1,1,1,1,0,1,0.1289,1
free_kick_central,inswinger,wide_channel,Hybrid,10,2,10,3,0,1,1,1,0,0,0,0,0,0.129,1
free_kick_wide,inswinger,six_yard,Hybrid,5,1,6,2,1,0,0,0,1,1,0,0,0,0.1685,1
corner,inswinger,edge_box,Hybrid,6,1,10,0,0,0,0,1,0,0,0,0,1,0.1354,0
corner,inswinger,wide_channel,Hybrid,7,3,10,2,1,1,0,1,1,0,0,1,0,0.1154,1
corner,driven,edge_box,Hybrid,11,5,10,1,1,1,0,1,1,0,0,1,0,0.1758,1
free_kick_wide,driven,far_post,Deep Zonal,7,5,3,2,0,0,0,1,0,1,0,1,1,0.12,0
play_restart,driven,edge_box,Man-to-Man,10,4,9,4,1,0,0,1,0,0,1,1,0,0.1191,1
free_kick_central,short,far_post,Man-to-Man,4,5,1,4,0,0,0,0,0,0,0,0,0,0.1241,1
corner,short,central,High Zonal,3,1,6,2,1,1,1,0,0,0,1,0,0,0.1454,1
corner,inswinger,near_post,Hybrid,7,7,9,1,1,0,1,1,0,1,0,1,1,0.1976,1
free_kick_wide,long,central,High Zonal,11,2,6,1,0,1,0,1,0,1,1,0,0,0.153,0
goal_kick,outswinger,six_yard,Hybrid,5,3,3,1,0,0,1,1,0,1,1,0,0,0.1406,1
free_kick_wide,short,wide_channel,Deep Zonal,5,5,1,2,1,1,0,0,1,1,0,0,1,0.1313,1
goal_kick,lofted,wide_channel,High Zonal,4,1,5,4,0,0,1,1,1,1,1,1,0,0.0817,1
goal_kick,driven,central,Man-to-Man,11,4,8,4,1,1,0,1,0,1,0,1,1,0.188,1
corner,outswinger,penalty_spot,Deep Zonal,3,7,10,1,0,0,1,1,1,0,0,0,0,0.2172,1
throw_in,long,penalty_spot,Deep Zonal,8,2,8,4,0,1,0,1,1,0,0,0,0,0.1435,1
play_restart,inswinger,near_post,Hybrid,6,5,5,2,0,0,0,0,1,0,1,1,0,0.0809,1
free_kick_wide,inswinger,penalty_spot,Man-to-Man,6,5,8,3,1,0,1,1,0,0,0,0,0,0.1919,1
corner,inswinger,central,Man-to-Man,9,1,8,1,0,0,0,1,1,0,0,1,0,0.1499,0
play_restart,inswinger,wide_channel,Hybrid,6,1,4,4,1,0,0,1,0,0,1,0,0,0.0817,1
kick_off,long,central,Hybrid,3,2,3,2,1,0,0,0,0,0,0,0,1,0.0696,1
free_kick_central,straight,six_yard,High Zonal,8,1,3,3,1,0,0,1,1,0,1,0,0,0.1358,1
penalty,inswinger,six_yard,Deep Zonal,3,4,8,1,0,0,0,1,0,0,1,0,1,0.7274,1
corner,lofted,edge_box,Hybrid,10,2,9,4,0,0,0,1,0,1,1,0,0,0.0657,1
goal_kick,short,central,Hybrid,11,5,2,2,0,0,0,0,0,1,0,0,0,0.0455,0
free_kick_central,straight,central,High Zonal,10,3,10,3,0,1,0,0,0,0,0,0,0,0.1623,1
corner,short,wide_channel,High Zonal,6,3,1,2,0,0,0,0,1,1,1,0,0,0.0232,1
throw_in,short,near_post,Deep Zonal,6,1,5,2,1,1,0,1,1,0,1,1,1,0.1131,1
play_restart,straight,near_post,Man-to-Man,8,6,5,1,0,0,0,0,0,0,0,0,0,0.0794,0
goal_kick,short,wide_channel,Hybrid,10,1,1,4,0,0,0,1,0,1,0,1,1,0.005,1
corner,driven,edge_box,Deep Zonal,9,7,8,1,0,1,0,1,0,1,0,1,1,0.128,0
corner,outswinger,edge_box,High Zonal,7,2,10,1,1,0,0,0,0,1,0,0,0,0.1327,1
play_restart,straight,near_post,Man-to-Man,10,7,3,2,0,0,1,0,0,0,1,0,1,0.0831,1
play_restart,inswinger,far_post,High Zonal,6,6,7,2,1,0,0,1,0,1,0,0,0,0.1347,1
free_kick_central,driven,six_yard,Man-to-Man,9,6,10,1,1,1,0,1,0,0,0,0,0,0.2314,1
throw_in,outswinger,central,Hybrid,5,6,7,4,0,0,0,1,0,1,0,1,0,0.1043,1
free_kick_central,outswinger,central,Man-to-Man,7,4,5,3,1,0,0,0,1,0,1,0,0,0.2074,0
free_kick_wide,lofted,near_post,Hybrid,10,2,10,4,0,1,1,0,1,1,0,0,0,0.1536,1
corner,short,penalty_spot,Man-to-Man,5,5,5,1,0,0,1,0,0,1,0,0,0,0.1618,1
corner,inswinger,central,Hybrid,8,5,7,2,1,0,0,1,0,0,0,1,1,0.1769,1
corner,outswinger,six_yard,Hybrid,5,6,8,2,1,1,0,1,1,0,0,0,1,0.2084,1
goal_kick,straight,central,High Zonal,6,2,7,2,1,0,0,1,0,1,1,1,0,0.1282,1
corner,lofted,near_post,Man-to-Man,5,6,4,0,0,0,1,0,0,0,1,1,0,0.1776,1
corner,straight,wide_channel,Deep Zonal,8,7,8,4,0,0,0,0,1,0,0,1,0,0.0613,1
penalty,outswinger,wide_channel,High Zonal,9,6,4,4,0,1,0,1,0,0,0,1,0,0.8083,1
corner,short,edge_box,High Zonal,10,2,5,2,0,1,0,1,0,0,0,0,0,0.0538,1
corner,straight,wide_channel,High Zonal,6,2,6,1,0,1,0,1,0,0,0,0,1,0.1326,1
penalty,inswinger,near_post,High Zonal,4,1,3,2,1,0,0,1,0,1,1,1,0,0.8309,0
free_kick_wide,driven,far_post,High Zonal,11,6,8,0,0,0,0,1,0,0,0,0,1,0.0932,1
throw_in,inswinger,central,Hybrid,6,4,3,0,1,1,0,1,1,0,0,1,0,0.1673,1
kick_off,driven,far_post,Deep Zonal,8,3,2,1,1,1,0,1,1,1,1,0,0,0.1165,0
corner,driven,edge_box,High Zonal,6,2,8,1,1,0,0,1,0,0,0,0,0,0.1246,1
kick_off,inswinger,six_yard,Deep Zonal,10,4,9,1,1,0,1,0,0,0,0,0,1,0.1375,0
kick_off,long,near_post,Man-to-Man,3,2,3,1,1,0,0,1,0,1,0,1,0,0.1369,1
goal_kick,driven,far_post,Man-to-Man,3,6,6,0,0,1,0,0,1,1,1,0,0,0.1621,0
throw_in,short,wide_channel,High Zonal,6,3,10,2,1,0,0,0,0,1,1,0,1,0.0818,1
throw_in,short,penalty_spot,High Zonal,6,4,4,0,1,0,0,1,0,0,1,1,0,0.151,1
throw_in,inswinger,central,Man-to-Man,9,5,5,3,0,1,1,1,1,0,0,0,0,0.1682,1
throw_in,inswinger,far_post,Hybrid,7,5,7,3,0,0,0,1,0,1,0,1,0,0.1011,1
corner,long,central,High Zonal,5,1,7,0,0,0,1,0,1,0,0,0,0,0.1467,1
play_restart,inswinger,far_post,Hybrid,3,1,2,0,0,0,0,0,0,0,0,1,0,0.079,0
throw_in,outswinger,far_post,High Zonal,10,2,1,0,1,1,0,0,0,0,0,0,0,0.0707,0
goal_kick,straight,far_post,Deep Zonal,7,6,4,0,1,0,1,0,0,1,0,0,1,0.0667,0
free_kick_wide,inswinger,far_post,High Zonal,11,7,5,2,0,1,0,1,1,0,1,0,1,0.1728,1
corner,driven,far_post,Deep Zonal,5,7,7,0,0,1,1,1,1,0,0,1,0,0.1851,1
free_kick_central,driven,near_post,Hybrid,5,2,4,0,0,0,1,1,0,1,1,0,0,0.1407,0
free_kick_central,driven,near_post,High Zonal,5,6,2,2,1,0,0,0,0,0,0,0,0,0.1616,1
free_kick_wide,inswinger,central,Man-to-Man,6,2,8,4,0,0,0,1,1,0,1,0,0,0.1708,1
free_kick_wide,straight,six_yard,Deep Zonal,4,2,5,2,0,0,0,1,1,1,0,0,0,0.1119,0
corner,driven,edge_box,Man-to-Man,4,4,1,1,1,0,1,0,0,0,0,0,0,0.1144,1
free_kick_central,straight,near_post,High Zonal,10,1,6,4,0,0,0,0,0,0,1,1,0,0.1119,1
free_kick_wide,long,far_post,Deep Zonal,9,1,5,4,0,0,0,1,0,0,0,0,0,0.0951,1
play_restart,short,penalty_spot,Hybrid,7,7,6,4,1,0,0,1,1,1,0,1,0,0.1589,1
corner,outswinger,far_post,Man-to-Man,7,6,9,1,0,0,0,0,0,0,1,0,0,0.1565,1
free_kick_wide,outswinger,edge_box,Hybrid,7,5,2,0,0,0,0,1,1,0,1,0,0,0.0897,1
corner,long,wide_channel,Man-to-Man,8,2,7,4,0,0,0,0,0,0,1,1,0,0.0679,1
penalty,inswinger,near_post,High Zonal,5,1,2,4,0,0,1,0,0,1,0,0,0,0.7458,1
free_kick_central,driven,far_post,Deep Zonal,10,1,8,2,0,1,0,1,0,1,0,0,1,0.1416,1
throw_in,short,far_post,Hybrid,3,3,4,3,0,0,1,0,0,0,0,0,0,0.0654,1
play_restart,inswinger,penalty_spot,Man-to-Man,9,6,8,4,0,0,0,0,1,0,0,1,0,0.1386,1
corner,long,near_post,Man-to-Man,10,5,1,0,0,0,1,1,1,0,1,0,0,0.0953,0
throw_in,straight,penalty_spot,Hybrid,7,6,7,2,0,1,0,1,0,0,0,0,1,0.1326,1
corner,outswinger,near_post,High Zonal,5,7,3,4,0,1,1,1,1,1,0,1,0,0.1631,1
corner,lofted,edge_box,Hybrid,10,6,4,3,0,0,0,0,1,1,1,0,0,0.0874,1
free_kick_central,long,edge_box,High Zonal,10,1,3,0,1,0,1,0,0,1,0,0,0,0.1202,0
corner,short,central,Hybrid,11,2,4,0,0,1,1,1,0,0,1,1,1,0.1492,1
throw_in,driven,wide_channel,Hybrid,3,3,8,1,1,0,1,1,1,0,0,1,0,0.1378,1
throw_in,short,six_yard,Deep Zonal,8,4,1,2,1,1,0,1,1,1,0,0,0,0.0866,1
goal_kick,straight,penalty_spot,Deep Zonal,3,6,7,0,0,0,0,1,0,1,1,1,0,0.1458,1
free_kick_central,inswinger,wide_channel,High Zonal,3,7,2,1,0,1,1,1,0,0,1,0,0,0.1967,1
throw_in,inswinger,six_yard,Deep Zonal,3,7,4,2,1,0,0,1,0,0,0,1,1,0.1648,0
free_kick_wide,straight,near_post,High Zonal,9,4,6,3,0,0,0,1,0,1,0,0,0,0.1371,1
corner,straight,penalty_spot,Man-to-Man,9,7,1,2,0,1,0,0,0,1,0,1,0,0.1466,1
corner,long,penalty_spot,High Zonal,11,7,9,2,0,0,0,0,0,0,1,1,0,0.1266,1
throw_in,straight,edge_box,Hybrid,8,2,7,3,1,0,0,0,1,0,0,1,0,0.0685,1
play_restart,short,wide_channel,Deep Zonal,8,5,7,3,0,0,0,1,1,1,0,1,0,0.078,1
corner,driven,far_post,Hybrid,4,4,10,1,1,0,1,1,1,0,1,1,1,0.168,1
penalty,lofted,near_post,Deep Zonal,9,6,4,1,0,0,0,1,0,1,0,0,0,0.7994,0
goal_kick,outswinger,far_post,Hybrid,11,7,2,0,0,0,1,1,0,0,0,1,0,0.0769,1
goal_kick,lofted,edge_box,Man-to-Man,6,2,9,0,0,0,0,1,0,1,0,0,0,0.1159,1
penalty,driven,central,Hybrid,9,5,7,4,0,0,0,0,1,1,1,1,1,0.7549,1
throw_in,inswinger,near_post,Man-to-Man,7,7,5,3,0,0,1,1,1,0,1,0,0,0.1656,1
throw_in,outswinger,central,Deep Zonal,7,5,1,3,1,0,0,1,0,1,0,0,0,0.1339,1
goal_kick,outswinger,edge_box,Man-to-Man,10,6,3,2,1,0,0,1,0,0,1,0,1,0.0588,1
corner,long,near_post,High Zonal,5,6,6,0,0,0,0,1,0,0,0,0,0,0.1131,1
play_restart,short,central,Hybrid,10,6,1,2,0,1,0,1,0,0,0,0,0,0.0748,1
corner,straight,near_post,Man-to-Man,11,6,6,0,0,0,0,1,1,0,1,0,1,0.1037,1
goal_kick,long,far_post,High Zonal,4,7,9,4,0,0,0,0,0,0,0,0,0,0.1057,1
corner,outswinger,near_post,High Zonal,7,2,5,2,1,0,1,1,0,0,1,1,0,0.1479,1
corner,straight,near_post,High Zonal,3,6,7,0,0,0,1,1,0,1,0,0,0,0.161,1
corner,driven,edge_box,Man-to-Man,6,3,3,1,1,0,0,0,0,1,1,0,1,0.1155,1
free_kick_central,lofted,near_post,Man-to-Man,6,5,6,3,0,0,0,0,0,0,0,1,1,0.1897,1
free_kick_wide,driven,near_post,High Zonal,8,5,2,2,0,0,0,0,1,1,1,1,0,0.1113,0
corner,outswinger,penalty_spot,Man-to-Man,6,5,8,0,0,0,0,0,1,0,0,0,0,0.1683,1
free_kick_central,inswinger,near_post,Deep Zonal,6,2,6,1,0,0,0,1,1,1,0,1,0,0.1531,0
free_kick_wide,outswinger,near_post,Deep Zonal,9,6,7,3,0,0,0,0,0,0,0,1,0,0.0854,1
goal_kick,straight,far_post,Man-to-Man,9,6,4,2,0,0,0,1,1,0,0,0,0,0.0678,0
kick_off,outswinger,central,Hybrid,3,6,4,2,0,0,1,1,0,0,0,0,0,0.1319,1
throw_in,lofted,penalty_spot,Hybrid,6,5,7,3,0,0,0,1,0,0,1,1,0,0.1638,1
corner,long,wide_channel,High Zonal,9,5,7,3,0,0,0,0,0,0,1,1,0,0.084,0
corner,straight,far_post,Hybrid,3,2,7,2,1,0,1,1,0,1,0,1,0,0.1313,1
kick_off,outswinger,penalty_spot,Man-to-Man,7,5,2,3,1,0,0,1,0,0,1,0,0,0.1062,0
corner,straight,wide_channel,High Zonal,7,2,2,4,0,1,1,1,0,0,1,0,0,0.0925,1
free_kick_wide,straight,far_post,Hybrid,9,7,3,0,0,0,0,1,0,0,1,0,1,0.088,1
play_restart,long,edge_box,Deep Zonal,9,1,4,3,0,1,0,0,0,1,0,0,0,0.0498,0
play_restart,inswinger,penalty_spot,Deep Zonal,7,1,6,1,1,0,1,0,0,0,1,1,0,0.1321,0
free_kick_wide,driven,penalty_spot,Hybrid,6,6,6,0,1,0,0,1,0,0,0,1,1,0.179,0
throw_in,inswinger,wide_channel,Man-to-Man,10,6,1,1,1,0,1,1,1,0,1,0,1,0.0569,1
free_kick_central,outswinger,near_post,High Zonal,6,4,1,4,1,0,0,0,0,0,0,1,1,0.1433,1
goal_kick,lofted,wide_channel,High Zonal,6,4,9,3,1,1,0,1,1,0,1,0,0,0.139,1
corner,inswinger,far_post,Hybrid,6,1,6,2,0,0,1,1,1,0,0,1,1,0.1438,0
corner,inswinger,penalty_spot,Deep Zonal,6,6,1,1,0,0,0,1,0,0,1,0,0,0.1563,1
throw_in,short,far_post,High Zonal,8,6,9,2,1,0,0,1,0,0,0,0,0,0.1185,0
corner,straight,central,High Zonal,8,2,4,2,0,0,0,0,0,0,0,0,0,0.0852,0
throw_in,inswinger,near_post,Hybrid,11,1,7,2,0,1,0,0,1,0,0,0,0,0.075,0
free_kick_wide,inswinger,wide_channel,Man-to-Man,7,4,5,2,1,0,0,1,1,1,0,1,0,0.1372,1
kick_off,inswinger,penalty_spot,Man-to-Man,9,2,2,3,1,0,1,0,1,0,1,0,0,0.1107,1
goal_kick,short,six_yard,Man-to-Man,5,1,7,2,0,0,1,0,1,1,0,1,0,0.133,1
free_kick_central,outswinger,central,Deep Zonal,11,1,4,0,0,0,0,1,1,0,0,0,0,0.0941,1
goal_kick,driven,central,Hybrid,11,5,2,1,0,0,0,1,1,1,0,1,0,0.0844,0
corner,driven,central,Man-to-Man,8,3,3,0,0,0,1,1,0,0,0,0,0,0.1253,1
free_kick_central,inswinger,central,Man-to-Man,9,6,9,4,0,0,0,0,0,0,0,0,1,0.1839,1
corner,outswinger,far_post,Hybrid,8,3,6,1,1,0,1,0,0,1,0,0,0,0.1334,0
kick_off,inswinger,wide_channel,High Zonal,4,5,5,4,0,0,0,0,1,0,0,0,0,0.0695,1
goal_kick,outswinger,six_yard,Deep Zonal,11,2,8,1,1,1,0,1,0,0,1,1,1,0.0789,0
kick_off,outswinger,far_post,Hybrid,9,4,3,1,0,0,0,1,1,0,0,0,0,0.0804,1
kick_off,driven,central,High Zonal,6,5,2,2,0,0,0,1,0,1,1,0,0,0.1023,1
play_restart,outswinger,penalty_spot,Deep Zonal,5,3,1,4,0,0,0,0,0,0,0,0,1,0.0826,0
corner,straight,penalty_spot,High Zonal,9,7,2,0,1,0,0,0,1,0,1,0,0,0.1574,1
play_restart,long,edge_box,Man-to-Man,6,5,10,3,1,0,0,0,0,0,1,0,0,0.1275,1
penalty,driven,penalty_spot,Hybrid,10,2,10,3,0,1,0,1,0,1,0,1,1,0.7714,1
free_kick_wide,outswinger,near_post,Deep Zonal,4,7,5,1,0,0,0,1,0,0,0,0,1,0.131,1
penalty,outswinger,near_post,Man-to-Man,7,4,5,4,0,0,0,0,0,0,0,1,0,0.7269,1
free_kick_wide,lofted,wide_channel,Hybrid,4,6,4,2,0,0,0,1,0,0,0,1,0,0.0825,1
corner,outswinger,edge_box,Hybrid,9,3,6,2,0,0,0,1,0,0,0,0,0,0.0812,0
corner,long,wide_channel,Hybrid,6,1,2,1,0,0,0,1,1,0,0,0,0,0.037,0
corner,long,central,Deep Zonal,4,4,7,2,1,1,0,1,1,0,1,0,1,0.1802,1
free_kick_central,short,penalty_spot,High Zonal,7,4,6,4,0,0,1,0,1,1,0,1,1,0.2325,1
kick_off,outswinger,central,Man-to-Man,8,6,10,4,1,0,0,0,0,1,0,0,1,0.1217,1
throw_in,inswinger,wide_channel,Man-to-Man,5,6,4,4,1,1,0,0,0,0,1,0,1,0.1299,1
free_kick_central,straight,central,Deep Zonal,11,5,8,1,1,0,0,1,0,0,0,1,1,0.1561,1
free_kick_wide,short,edge_box,Man-to-Man,3,4,2,3,0,0,0,1,0,1,0,0,0,0.0893,1
free_kick_central,driven,near_post,Man-to-Man,5,1,1,4,0,0,0,1,0,1,0,0,1,0.1344,0
corner,long,near_post,Deep Zonal,5,5,8,3,0,1,1,1,1,0,0,1,0,0.1622,1
goal_kick,lofted,near_post,Deep Zonal,11,7,9,0,0,0,0,0,1,0,0,0,0,0.1203,1
corner,lofted,far_post,Deep Zonal,5,7,9,3,0,1,0,1,1,0,1,1,1,0.1845,1
throw_in,long,six_yard,Deep Zonal,4,1,1,2,0,0,1,1,1,0,1,0,0,0.11,1
goal_kick,inswinger,wide_channel,Man-to-Man,8,7,4,2,1,1,0,1,1,0,1,1,0,0.1141,1
penalty,straight,penalty_spot,High Zonal,5,2,5,0,0,1,1,0,0,1,0,1,0,0.7834,1
kick_off,short,penalty_spot,Deep Zonal,5,1,3,2,0,1,0,0,0,0,0,0,0,0.0592,1
corner,short,edge_box,Man-to-Man,5,1,3,3,0,0,1,0,0,0,0,1,0,0.1039,1
kick_off,inswinger,near_post,High Zonal,7,4,4,2,0,1,1,0,0,0,0,0,0,0.0913,1
throw_in,short,six_yard,Hybrid,9,2,1,1,0,0,1,0,1,1,0,0,0,0.0865,1
goal_kick,outswinger,edge_box,Hybrid,7,5,10,4,0,1,0,1,0,0,0,0,0,0.103,1
throw_in,outswinger,far_post,Deep Zonal,11,4,4,2,1,0,0,1,0,0,1,0,0,0.0615,1
goal_kick,driven,near_post,Man-to-Man,5,6,6,3,1,0,0,1,0,0,1,0,1,0.1314,1
play_restart,straight,central,Deep Zonal,10,2,8,0,1,0,0,0,0,0,0,0,0,0.0912,0
free_kick_wide,short,central,Deep Zonal,9,2,2,0,0,0,0,1,0,1,0,1,0,0.0729,1
goal_kick,short,wide_channel,High Zonal,3,4,3,1,1,1,0,1,0,0,0,0,0,0.0973,1
goal_kick,short,penalty_spot,Hybrid,9,1,7,0,1,0,0,0,0,0,1,0,0,0.1196,0
free_kick_central,outswinger,far_post,Hybrid,11,4,10,2,1,0,0,0,0,1,0,0,0,0.1433,0
play_restart,short,far_post,Hybrid,9,5,5,2,0,0,1,1,0,1,0,0,0,0.0726,1
free_kick_wide,outswinger,edge_box,High Zonal,5,5,10,0,1,0,0,0,1,1,0,0,0,0.1541,1
penalty,long,central,Hybrid,6,4,1,3,0,0,1,1,1,0,1,0,0,0.722,1
corner,inswinger,near_post,Man-to-Man,10,1,8,2,0,0,0,0,0,0,1,1,1,0.0847,1
corner,lofted,edge_box,Man-to-Man,5,2,10,1,0,1,1,1,1,0,0,1,0,0.1902,1
goal_kick,driven,central,Deep Zonal,7,1,8,1,0,0,0,1,0,0,0,0,0,0.0874,0
free_kick_wide,straight,central,High Zonal,8,7,2,1,1,0,0,1,1,0,1,0,1,0.167,1
free_kick_wide,outswinger,far_post,Deep Zonal,10,5,1,0,1,1,1,0,1,0,1,0,0,0.1128,0
corner,straight,central,High Zonal,11,3,5,4,1,0,0,1,1,0,0,0,0,0.1272,1
free_kick_central,long,wide_channel,Hybrid,9,3,6,2,0,0,0,1,0,0,0,0,1,0.0801,1
goal_kick,long,six_yard,Hybrid,6,1,7,4,0,1,1,0,0,1,0,0,0,0.1046,1
kick_off,long,wide_channel,Hybrid,6,4,10,4,0,0,0,1,0,0,0,0,0,0.0392,1
corner,driven,wide_channel,Hybrid,8,1,6,2,1,0,1,1,0,0,1,0,1,0.0723,0
penalty,straight,central,High Zonal,3,5,3,1,0,1,0,1,1,1,1,0,1,0.7546,1
free_kick_central,long,far_post,Man-to-Man,6,2,1,3,1,0,0,1,0,1,0,0,0,0.1331,0
throw_in,straight,edge_box,Hybrid,6,1,10,1,0,0,0,1,1,1,0,1,1,0.1162,1
free_kick_central,short,near_post,Man-to-Man,11,1,7,2,0,0,0,1,1,0,0,0,0,0.1252,1
free_kick_wide,straight,wide_channel,Man-to-Man,10,1,7,2,0,0,1,0,0,0,0,1,0,0.0803,1
free_kick_central,driven,near_post,Deep Zonal,5,3,8,3,0,1,1,0,0,0,1,1,0,0.1836,0
throw_in,inswinger,penalty_spot,Hybrid,8,1,9,0,1,1,0,1,0,0,1,1,1,0.1915,0
free_kick_central,outswinger,edge_box,Man-to-Man,7,1,9,1,0,1,0,0,1,0,0,0,1,0.1627,1
free_kick_central,outswinger,wide_channel,Man-to-Man,10,2,9,3,0,1,0,0,0,0,0,0,0,0.1076,0
goal_kick,lofted,penalty_spot,High Zonal,7,4,2,2,0,1,0,1,0,1,1,0,0,0.1486,1
goal_kick,short,penalty_spot,Hybrid,8,2,3,3,1,0,0,0,0,1,0,0,0,0.0532,1
free_kick_wide,straight,central,Man-to-Man,9,3,1,3,0,0,0,1,0,0,0,0,0,0.1172,1
goal_kick,straight,penalty_spot,Hybrid,10,4,2,1,0,0,0,1,1,0,0,0,0,0.088,0
goal_kick,straight,edge_box,Man-to-Man,9,5,10,2,0,1,0,0,1,1,1,0,0,0.1259,1
corner,driven,far_post,Man-to-Man,5,1,5,0,0,0,0,1,1,0,0,1,0,0.1035,1
throw_in,lofted,edge_box,Hybrid,9,7,7,3,1,1,0,1,0,0,0,0,0,0.1248,1
corner,driven,near_post,High Zonal,5,1,6,2,1,1,0,1,0,0,0,0,0,0.139,0
throw_in,driven,central,Deep Zonal,9,7,5,1,0,0,0,1,0,0,1,0,0,0.0882,1
corner,inswinger,wide_channel,High Zonal,11,2,2,2,0,0,0,1,1,0,1,1,0,0.0985,1
throw_in,outswinger,central,Man-to-Man,7,3,8,0,0,0,0,0,0,0,0,0,1,0.1385,0
corner,short,penalty_spot,Deep Zonal,11,1,8,2,1,0,0,1,1,0,0,0,1,0.1314,1
free_kick_central,long,far_post,High Zonal,4,3,2,4,0,0,0,0,0,0,1,0,1,0.1263,1
play_restart,outswinger,wide_channel,Hybrid,6,7,4,1,1,0,0,0,1,0,0,0,0,0.0702,1
free_kick_wide,long,near_post,High Zonal,10,5,10,1,1,0,1,0,0,0,0,1,0,0.1245,0
kick_off,inswinger,central,High Zonal,9,5,9,2,0,0,0,1,0,1,0,1,0,0.1418,1
play_restart,outswinger,six_yard,High Zonal,5,3,7,1,0,1,0,0,0,0,0,0,0,0.1109,1
kick_off,outswinger,edge_box,Man-to-Man,7,7,10,1,0,0,0,0,0,0,0,0,1,0.1212,0
corner,driven,penalty_spot,Deep Zonal,3,6,9,2,0,1,1,1,1,0,0,0,1,0.2445,1
goal_kick,long,far_post,Man-to-Man,10,2,7,3,1,0,0,0,0,0,0,0,1,0.0933,1
corner,short,far_post,Deep Zonal,4,5,6,1,0,0,1,1,0,0,1,0,0,0.1179,1
free_kick_wide,driven,wide_channel,Hybrid,8,3,7,1,1,0,0,0,0,1,0,1,0,0.087,1
kick_off,driven,edge_box,Deep Zonal,7,2,9,3,0,1,0,1,1,1,1,1,1,0.0942,1
throw_in,straight,wide_channel,Hybrid,8,5,10,2,0,0,1,1,1,0,0,0,0,0.1218,1
free_kick_central,driven,wide_channel,Deep Zonal,6,3,4,1,0,1,0,0,1,0,0,0,0,0.1253,1
free_kick_wide,outswinger,penalty_spot,High Zonal,3,1,4,4,1,0,1,1,0,0,0,0,1,0.1919,1
goal_kick,short,penalty_spot,Deep Zonal,8,7,2,4,1,0,1,0,0,1,1,0,0,0.1279,1
throw_in,inswinger,edge_box,High Zonal,11,5,1,4,0,0,0,0,0,0,0,1,1,0.0941,1
free_kick_central,straight,six_yard,Deep Zonal,8,4,4,1,1,0,0,1,1,0,0,0,0,0.144,1
kick_off,short,edge_box,High Zonal,3,7,3,4,0,0,1,0,1,0,0,1,0,0.1166,1
corner,inswinger,near_post,Hybrid,3,5,9,1,0,0,1,0,0,1,0,0,0,0.1253,1
corner,straight,wide_channel,Man-to-Man,5,7,5,0,1,0,0,1,1,1,0,0,1,0.1449,0
throw_in,long,edge_box,High Zonal,5,5,7,2,0,0,0,0,1,1,0,0,0,0.0754,1
play_restart,short,six_yard,Hybrid,4,2,3,4,1,0,0,0,1,0,1,1,0,0.1215,1
corner,inswinger,far_post,Deep Zonal,11,4,5,0,1,1,0,1,1,1,0,0,1,0.1753,1
corner,inswinger,far_post,High Zonal,9,4,9,0,0,0,0,0,0,0,0,0,0,0.0914,0
corner,straight,edge_box,High Zonal,9,3,3,0,1,0,1,1,0,0,0,1,0,0.0649,0
kick_off,driven,edge_box,High Zonal,11,3,4,4,1,1,0,0,0,0,0,0,0,0.0445,1
corner,driven,near_post,High Zonal,10,5,6,1,0,0,0,1,1,0,0,0,0,0.0935,1
free_kick_central,outswinger,far_post,Deep Zonal,4,3,3,2,1,0,0,1,0,0,0,0,0,0.0814,1
play_restart,long,edge_box,Man-to-Man,3,1,6,0,1,0,1,1,0,0,0,1,0,0.1234,0
corner,short,wide_channel,Deep Zonal,9,5,7,4,0,1,0,0,0,1,0,1,0,0.088,1
penalty,lofted,near_post,Hybrid,11,5,6,3,0,1,0,0,0,0,1,0,0,0.7365,0
free_kick_central,inswinger,central,Hybrid,9,6,2,2,0,0,0,0,0,0,1,0,1,0.153,1
goal_kick,short,far_post,Deep Zonal,10,1,8,4,0,1,1,0,0,0,1,1,1,0.0777,1
free_kick_wide,short,central,Man-to-Man,8,4,9,1,0,0,1,0,1,1,0,1,0,0.1965,0
free_kick_wide,outswinger,near_post,Deep Zonal,7,7,3,2,0,0,0,1,0,1,0,0,0,0.1171,1
corner,inswinger,penalty_spot,Deep Zonal,4,2,2,4,0,0,0,0,0,1,1,0,1,0.1073,1
goal_kick,inswinger,penalty_spot,High Zonal,9,6,6,2,0,1,0,1,0,1,0,1,0,0.1704,1
goal_kick,straight,far_post,Man-to-Man,5,3,2,1,0,0,0,0,1,1,0,0,0,0.0599,1
corner,long,central,High Zonal,5,2,4,3,1,0,0,0,1,0,0,0,0,0.1405,1
free_kick_wide,long,wide_channel,Man-to-Man,10,5,7,4,1,0,0,0,1,0,0,0,0,0.1356,1
kick_off,inswinger,far_post,Hybrid,8,6,3,0,0,0,0,0,0,0,0,0,0,0.0639,1
corner,driven,edge_box,Deep Zonal,7,7,4,4,0,0,0,1,1,0,1,0,0,0.1155,1
corner,straight,central,Man-to-Man,10,6,4,2,1,0,0,1,1,0,0,1,0,0.123,1
penalty,lofted,six_yard,Hybrid,9,3,8,0,0,0,1,1,0,1,0,0,1,0.7777,0
free_kick_wide,inswinger,six_yard,Man-to-Man,7,6,9,4,1,0,1,0,0,0,1,0,0,0.1379,1
corner,driven,central,Deep Zonal,11,1,9,2,0,1,1,1,0,0,0,0,0,0.1659,0
free_kick_central,lofted,edge_box,Hybrid,3,3,2,1,0,0,1,0,0,1,1,1,1,0.1828,1
corner,driven,edge_box,High Zonal,7,2,8,0,0,0,0,0,0,1,0,0,0,0.0928,0
free_kick_central,driven,far_post,Man-to-Man,6,4,3,0,0,0,1,0,1,0,0,1,0,0.149,1
throw_in,straight,edge_box,Deep Zonal,4,5,9,2,1,0,0,1,0,0,1,1,0,0.1038,1
penalty,long,central,High Zonal,9,5,6,1,1,1,0,1,0,0,1,1,0,0.7241,1
corner,short,far_post,Man-to-Man,3,2,10,1,0,0,1,0,1,0,0,0,0,0.1052,1
goal_kick,straight,wide_channel,Man-to-Man,9,3,5,2,0,0,0,1,0,1,1,1,0,0.0539,1
corner,lofted,near_post,Man-to-Man,9,1,4,4,1,1,0,0,0,0,0,0,0,0.1159,0
goal_kick,outswinger,near_post,Man-to-Man,7,4,9,4,1,0,0,1,1,0,0,0,0,0.1595,1
free_kick_wide,straight,near_post,Deep Zonal,5,6,4,0,0,0,1,0,0,1,0,0,0,0.0979,1
goal_kick,lofted,wide_channel,Deep Zonal,11,2,8,1,0,0,0,0,0,0,1,1,0,0.0285,0
corner,outswinger,near_post,High Zonal,9,4,1,1,0,0,0,0,0,0,0,0,0,0.077,0
corner,inswinger,central,Man-to-Man,4,7,7,1,0,1,1,1,0,1,0,0,0,0.2369,1
free_kick_central,outswinger,edge_box,Hybrid,9,1,10,4,1,0,1,0,0,0,1,0,0,0.149,1
corner,long,edge_box,Deep Zonal,4,7,3,1,1,1,0,1,0,0,0,1,1,0.1249,1
corner,driven,far_post,Deep Zonal,8,3,10,3,1,0,0,1,0,1,0,0,1,0.195,1
throw_in,inswinger,wide_channel,Deep Zonal,5,3,1,4,0,0,1,1,1,0,0,0,0,0.0954,1
goal_kick,short,near_post,Man-to-Man,8,5,2,1,1,0,1,1,0,1,0,1,1,0.0877,1
corner,short,penalty_spot,Man-to-Man,10,3,4,2,0,1,0,1,0,0,0,0,0,0.1124,0
kick_off,long,penalty_spot,Deep Zonal,10,3,4,4,0,0,1,1,1,1,0,0,0,0.1116,1
goal_kick,long,central,High Zonal,9,2,7,1,0,0,1,0,1,0,0,1,1,0.101,1
kick_off,lofted,six_yard,Deep Zonal,9,1,9,3,0,0,0,0,0,0,0,0,0,0.0643,0
throw_in,outswinger,penalty_spot,Deep Zonal,9,7,2,0,1,1,0,1,0,0,0,0,0,0.1626,0
throw_in,outswinger,central,High Zonal,11,1,8,4,1,0,1,0,1,0,0,0,0,0.139,1
free_kick_central,short,near_post,Deep Zonal,10,2,9,0,0,0,0,1,1,1,0,0,1,0.1232,0
throw_in,straight,near_post,Hybrid,9,6,6,3,0,0,1,0,0,0,0,0,0,0.0781,1
kick_off,straight,six_yard,Man-to-Man,6,6,10,4,0,0,0,0,1,0,0,0,0,0.0981,0
corner,inswinger,central,High Zonal,5,2,1,0,0,0,0,0,0,0,1,0,0,0.1167,1
free_kick_wide,inswinger,wide_channel,Hybrid,5,6,8,2,1,1,1,1,1,0,0,1,0,0.1398,1
corner,lofted,near_post,High Zonal,8,6,5,4,1,0,0,0,0,0,1,1,0,0.0993,1
play_restart,inswinger,wide_channel,Man-to-Man,8,3,5,0,0,0,0,0,1,0,0,1,0,0.0494,0
free_kick_central,short,six_yard,Man-to-Man,6,1,7,1,1,1,0,1,0,0,1,0,0,0.2082,1
throw_in,long,near_post,Man-to-Man,6,6,8,4,1,0,1,0,0,0,0,0,0,0.1358,1
goal_kick,inswinger,near_post,Hybrid,9,5,5,0,0,0,0,1,0,1,0,0,0,0.0972,1
play_restart,outswinger,six_yard,Deep Zonal,7,4,3,4,0,0,0,1,1,0,0,0,0,0.0717,1
corner,straight,near_post,Hybrid,3,2,3,3,0,0,0,1,0,0,0,0,1,0.1315,0
goal_kick,short,central,Man-to-Man,4,3,10,1,0,0,0,1,1,0,1,0,0,0.1323,1
kick_off,outswinger,six_yard,Deep Zonal,5,2,5,1,1,1,0,1,0,0,0,0,0,0.0953,0
corner,short,wide_channel,High Zonal,6,7,4,1,0,0,1,1,0,0,0,0,0,0.0852,1
goal_kick,outswinger,edge_box,Man-to-Man,9,2,6,2,1,0,1,0,0,0,1,0,0,0.1078,1
free_kick_wide,inswinger,six_yard,Deep Zonal,7,4,7,4,0,0,1,1,1,0,0,1,0,0.1509,1
throw_in,inswinger,penalty_spot,Deep Zonal,6,5,1,3,0,1,0,0,1,0,0,1,0,0.1355,1
free_kick_central,outswinger,edge_box,Man-to-Man,3,1,1,0,0,0,0,0,1,0,0,0,0,0.1193,1
corner,straight,central,Man-to-Man,3,4,6,2,1,0,1,0,1,0,0,0,0,0.166,1
corner,lofted,edge_box,High Zonal,11,5,7,1,0,1,0,1,0,1,1,0,0,0.1254,0
corner,inswinger,edge_box,Deep Zonal,10,4,5,2,1,0,0,1,0,0,0,0,0,0.0937,0
corner,short,penalty_spot,Hybrid,3,5,3,2,0,1,0,0,0,0,1,0,0,0.1385,1
throw_in,short,wide_channel,Man-to-Man,7,4,8,2,0,0,1,0,0,0,0,0,0,0.0642,1
free_kick_wide,long,far_post,Deep Zonal,11,5,2,3,1,0,1,1,0,1,0,0,1,0.0845,1
corner,short,penalty_spot,Hybrid,9,7,7,1,0,1,1,0,0,0,0,0,1,0.127,1
throw_in,inswinger,far_post,Man-to-Man,3,3,5,1,1,1,1,0,1,0,1,0,0,0.1741,0
throw_in,short,central,Hybrid,6,3,4,0,0,0,0,0,0,1,0,1,0,0.0751,1
free_kick_central,outswinger,central,Deep Zonal,10,5,2,1,0,1,1,1,1,0,0,1,0,0.1789,1
play_restart,driven,wide_channel,High Zonal,5,1,7,4,0,0,0,0,1,0,1,0,0,0.0777,1
free_kick_wide,inswinger,far_post,Man-to-Man,7,3,2,3,0,1,0,1,1,1,1,0,0,0.1472,1
goal_kick,long,edge_box,Hybrid,5,2,6,3,0,0,0,0,1,0,0,0,0,0.0977,1
corner,short,penalty_spot,Man-to-Man,4,4,9,4,0,1,0,1,1,0,0,0,1,0.1715,1
throw_in,long,six_yard,Deep Zonal,10,1,8,2,0,1,0,1,0,1,1,1,0,0.1054,0
play_restart,inswinger,edge_box,High Zonal,5,2,1,0,0,1,0,0,1,1,1,0,1,0.1018,1
goal_kick,long,near_post,High Zonal,8,3,10,3,0,0,0,0,1,0,0,1,0,0.1023,1
penalty,long,central,Hybrid,6,5,7,0,1,0,0,0,1,1,0,1,0,0.7868,0
throw_in,straight,edge_box,High Zonal,8,4,9,0,0,1,0,0,1,0,0,0,1,0.0938,1
free_kick_wide,outswinger,near_post,Man-to-Man,10,6,1,3,0,1,1,0,1,0,0,0,0,0.1026,1
throw_in,inswinger,far_post,Man-to-Man,7,6,10,4,0,1,0,1,0,1,0,0,1,0.1551,1
goal_kick,outswinger,central,Deep Zonal,4,1,8,1,0,0,0,1,0,0,0,0,1,0.0783,1
play_restart,long,near_post,Hybrid,5,5,9,1,1,1,0,1,0,1,0,0,0,0.1646,1
free_kick_central,straight,wide_channel,Man-to-Man,5,1,10,3,0,0,1,0,0,0,0,0,0,0.1031,1
corner,long,wide_channel,Hybrid,9,2,9,1,0,1,1,1,1,0,0,1,0,0.1218,1
throw_in,long,edge_box,Deep Zonal,9,6,5,0,0,0,0,1,1,0,1,1,0,0.0983,0
corner,long,central,Man-to-Man,4,5,9,1,0,1,0,0,0,0,1,0,0,0.1949,1
corner,long,wide_channel,Hybrid,8,3,10,4,0,0,0,1,1,0,0,0,0,0.0981,1
free_kick_wide,short,penalty_spot,Hybrid,7,2,10,3,0,0,1,1,0,0,0,1,0,0.1474,1
throw_in,short,wide_channel,Deep Zonal,6,3,7,1,0,1,0,0,0,0,1,0,0,0.0666,1
corner,inswinger,near_post,Deep Zonal,10,6,10,4,1,0,1,1,0,0,0,1,0,0.18,0
corner,driven,near_post,Hybrid,3,4,6,1,0,0,1,0,0,0,1,0,0,0.109,1
corner,lofted,edge_box,Man-to-Man,9,1,5,3,0,1,1,1,1,0,1,1,1,0.103,0
kick_off,straight,wide_channel,Deep Zonal,8,4,2,0,0,0,0,1,0,0,0,0,0,0.005,1
throw_in,lofted,near_post,Deep Zonal,5,2,5,4,0,0,0,0,0,0,0,1,1,0.0624,1
corner,lofted,central,Hybrid,5,1,10,1,0,1,0,1,1,0,0,1,1,0.1752,0
corner,straight,penalty_spot,Man-to-Man,4,1,2,2,0,1,0,0,0,1,0,0,0,0.1815,0
penalty,long,wide_channel,Hybrid,8,6,9,2,0,0,0,0,0,1,0,0,0,0.7419,0
corner,short,edge_box,Man-to-Man,8,2,7,2,0,0,0,1,1,1,0,0,0,0.091,1
throw_in,outswinger,wide_channel,Hybrid,5,2,2,2,0,0,0,1,1,0,0,1,0,0.095,1
free_kick_wide,inswinger,edge_box,Deep Zonal,6,7,3,3,0,1,1,0,0,0,0,1,1,0.1306,0
play_restart,straight,six_yard,Hybrid,11,6,1,4,0,0,0,0,1,0,0,0,1,0.1044,1
corner,driven,far_post,High Zonal,9,4,8,1,0,0,0,1,0,1,1,0,0,0.1,0
throw_in,outswinger,near_post,Man-to-Man,8,6,4,3,1,1,0,0,0,0,0,0,0,0.1431,1
corner,driven,edge_box,Deep Zonal,4,1,2,2,1,0,0,0,0,0,1,0,0,0.0683,1
play_restart,long,penalty_spot,Man-to-Man,8,2,2,2,1,0,0,1,0,0,0,0,0,0.1003,1
play_restart,long,far_post,Hybrid,6,3,6,2,0,0,0,1,1,0,1,0,0,0.049,1
throw_in,outswinger,central,High Zonal,10,6,4,4,0,0,0,0,0,0,1,1,0,0.0822,1
free_kick_central,straight,edge_box,High Zonal,4,1,10,3,1,0,0,1,1,0,0,0,1,0.1458,1
corner,inswinger,six_yard,Man-to-Man,11,5,10,0,0,0,0,1,0,0,0,0,0,0.1547,1
goal_kick,outswinger,central,Deep Zonal,11,1,3,0,1,0,0,1,1,1,1,0,1,0.0681,0
throw_in,inswinger,wide_channel,Man-to-Man,10,7,9,3,1,0,1,1,0,0,0,0,0,0.0839,1
corner,inswinger,central,Deep Zonal,7,2,1,2,0,1,0,1,0,1,0,0,0,0.1342,0
free_kick_central,outswinger,near_post,High Zonal,8,5,5,2,0,0,0,0,1,0,0,0,0,0.1235,1
free_kick_central,short,near_post,Hybrid,11,5,6,4,0,1,0,0,1,0,0,1,1,0.127,1
goal_kick,straight,far_post,Man-to-Man,10,3,3,1,0,1,0,0,0,1,0,1,0,0.1264,1
throw_in,outswinger,near_post,Man-to-Man,10,6,7,1,1,0,0,1,1,1,0,0,0,0.12,1
throw_in,driven,edge_box,High Zonal,4,5,6,3,0,0,1,0,1,0,1,1,0,0.1373,1
throw_in,short,edge_box,High Zonal,6,4,10,3,0,0,0,1,0,0,0,0,0,0.0579,0
corner,lofted,penalty_spot,Man-to-Man,9,5,10,4,0,0,1,1,0,0,1,0,0,0.1738,1
free_kick_wide,short,six_yard,High Zonal,4,3,9,4,1,0,0,1,0,1,0,0,1,0.1924,1
corner,inswinger,wide_channel,Deep Zonal,9,6,8,1,0,0,0,1,0,0,1,0,0,0.0483,1
goal_kick,lofted,far_post,Hybrid,6,5,4,0,0,0,0,1,0,0,1,0,0,0.0438,1
free_kick_wide,driven,near_post,Hybrid,8,4,9,3,0,1,0,0,1,0,0,0,1,0.1748,1
free_kick_wide,short,central,Man-to-Man,11,5,4,0,1,0,1,1,0,0,1,0,0,0.1245,0
corner,short,edge_box,High Zonal,10,6,8,2,0,0,0,0,0,0,0,0,0,0.0764,1
corner,straight,far_post,High Zonal,6,5,5,1,1,0,1,1,1,1,1,0,0,0.1769,1
throw_in,straight,edge_box,High Zonal,9,3,6,1,1,0,0,1,0,1,1,0,0,0.109,0
corner,long,edge_box,Deep Zonal,3,2,9,4,1,1,0,0,0,0,0,1,0,0.1129,1
corner,short,penalty_spot,Man-to-Man,9,7,2,1,1,0,1,0,1,0,0,1,0,0.1555,0
goal_kick,inswinger,near_post,Man-to-Man,4,6,9,4,0,1,0,1,1,1,1,0,0,0.1614,1
free_kick_wide,inswinger,central,Deep Zonal,11,3,9,1,1,0,0,1,1,1,1,0,0,0.1489,0
free_kick_wide,inswinger,central,Hybrid,5,6,5,1,1,0,1,0,1,0,0,0,1,0.1748,0
free_kick_wide,outswinger,six_yard,High Zonal,9,1,7,1,0,0,0,1,0,1,0,0,0,0.1234,1
goal_kick,straight,edge_box,Deep Zonal,8,5,3,3,1,0,0,0,0,0,0,0,1,0.0881,1
free_kick_wide,driven,penalty_spot,Man-to-Man,5,2,8,3,1,1,1,0,0,1,0,1,0,0.2059,1
goal_kick,outswinger,edge_box,High Zonal,10,3,2,0,0,0,0,0,0,0,0,0,0,0.005,1
play_restart,outswinger,far_post,Hybrid,4,7,8,1,0,0,0,1,0,0,1,1,1,0.1231,1
throw_in,outswinger,near_post,Hybrid,11,1,7,4,0,0,1,1,0,0,0,0,0,0.0333,0
free_kick_wide,short,central,Man-to-Man,7,6,3,2,0,0,1,1,0,0,1,0,0,0.143,1
goal_kick,short,near_post,Man-to-Man,7,3,9,0,1,0,0,1,1,0,1,0,0,0.1051,1
free_kick_central,short,near_post,High Zonal,5,4,3,1,0,1,1,0,0,1,0,0,0,0.1976,0
free_kick_wide,lofted,central,High Zonal,3,4,6,2,1,0,1,1,0,0,0,0,1,0.2064,1
free_kick_central,lofted,edge_box,High Zonal,9,7,9,1,1,0,0,1,0,1,1,0,0,0.1218,1
free_kick_wide,driven,near_post,High Zonal,9,4,1,2,1,0,0,1,0,0,1,1,1,0.093,0
corner,driven,near_post,Man-to-Man,10,2,5,2,0,0,0,1,0,0,1,0,0,0.0875,0
free_kick_wide,straight,near_post,Hybrid,11,1,7,2,0,0,0,0,1,1,0,0,0,0.0948,0
corner,short,central,Man-to-Man,5,2,2,2,0,0,0,1,0,1,0,0,0,0.1348,1
free_kick_wide,straight,central,Hybrid,8,2,6,0,0,0,0,0,0,0,1,1,0,0.1192,1
penalty,driven,near_post,Hybrid,11,1,7,2,0,0,0,0,0,0,0,0,0,0.7775,0
play_restart,inswinger,central,Man-to-Man,8,7,9,0,0,1,0,0,1,0,0,0,0,0.1561,1
corner,outswinger,wide_channel,High Zonal,9,4,3,3,1,0,0,0,0,0,0,0,0,0.0621,1
throw_in,inswinger,central,Hybrid,9,7,9,2,1,0,0,0,0,1,0,1,0,0.1554,1
free_kick_central,short,central,Man-to-Man,11,4,7,3,0,0,1,1,0,0,1,0,1,0.1648,1
corner,long,far_post,Man-to-Man,6,2,6,1,1,0,0,0,0,0,0,1,1,0.129,1
corner,inswinger,central,Hybrid,4,2,6,1,0,0,1,1,0,1,0,0,0,0.1401,0
corner,short,penalty_spot,Man-to-Man,11,6,10,3,0,0,0,0,0,0,1,0,0,0.1281,1
corner,straight,far_post,High Zonal,7,1,7,0,0,0,0,1,0,0,1,0,0,0.1112,0
corner,driven,six_yard,Hybrid,4,1,5,2,0,0,1,1,0,0,0,1,0,0.1353,1
free_kick_wide,inswinger,wide_channel,Hybrid,8,3,10,1,1,0,0,0,0,0,1,1,0,0.1193,0
free_kick_central,inswinger,edge_box,High Zonal,10,3,7,1,0,1,0,0,0,1,0,0,1,0.1285,1
corner,short,central,Deep Zonal,9,2,3,2,0,0,1,0,0,0,1,0,0,0.0711,1
corner,short,far_post,High Zonal,6,4,7,2,0,0,0,0,0,0,0,0,0,0.1023,1
corner,driven,central,Man-to-Man,11,5,10,1,1,0,1,0,0,0,0,1,0,0.1822,1
penalty,short,edge_box,High Zonal,3,4,7,0,0,0,0,0,1,0,0,1,1,0.8044,1
free_kick_wide,lofted,near_post,Deep Zonal,11,4,8,2,1,0,0,1,0,1,0,0,1,0.058,0
penalty,outswinger,edge_box,Man-to-Man,4,5,7,1,0,0,0,1,1,0,1,0,0,0.7226,1
corner,straight,central,Hybrid,5,2,9,0,0,1,0,0,0,0,1,1,0,0.1739,1
corner,lofted,far_post,Deep Zonal,5,3,1,4,0,0,0,1,1,1,0,0,0,0.0548,1
play_restart,inswinger,central,Hybrid,6,1,9,2,1,0,0,1,1,0,0,0,1,0.1593,1
corner,driven,central,High Zonal,3,7,10,0,1,0,1,0,1,0,0,0,0,0.2129,1
corner,inswinger,edge_box,High Zonal,9,5,1,1,0,0,0,0,0,0,0,0,1,0.1034,0
corner,straight,penalty_spot,High Zonal,4,6,8,0,0,0,1,1,1,0,0,0,0,0.2165,1
play_restart,inswinger,central,Man-to-Man,4,6,6,4,0,1,1,1,0,0,1,0,0,0.1966,1
throw_in,short,near_post,Deep Zonal,3,1,4,2,1,0,0,1,0,0,0,1,1,0.0795,1
throw_in,driven,six_yard,High Zonal,11,4,2,4,1,0,0,0,1,0,1,0,1,0.0624,1
play_restart,inswinger,far_post,Hybrid,3,7,4,1,0,0,1,1,0,0,0,0,0,0.1307,1
corner,inswinger,penalty_spot,Deep Zonal,9,5,7,4,0,0,0,1,0,0,0,0,1,0.1163,0
play_restart,outswinger,far_post,Man-to-Man,8,5,6,4,0,1,1,1,0,0,0,1,0,0.0934,1
corner,outswinger,penalty_spot,Man-to-Man,10,7,1,3,1,0,1,0,0,1,1,0,1,0.2194,1
throw_in,straight,penalty_spot,High Zonal,7,6,4,2,0,0,0,1,0,1,1,1,0,0.1192,1
free_kick_wide,lofted,near_post,Man-to-Man,11,6,1,4,0,1,0,0,1,0,0,0,1,0.1311,1
free_kick_wide,inswinger,penalty_spot,Hybrid,7,6,4,2,1,1,0,1,1,0,1,0,0,0.2119,1
play_restart,straight,far_post,Deep Zonal,4,3,10,0,0,0,0,1,1,0,0,1,1,0.1253,0
corner,straight,near_post,Hybrid,11,7,8,0,0,0,0,1,1,1,0,1,0,0.0749,1
play_restart,outswinger,edge_box,Deep Zonal,6,6,10,2,0,0,0,1,0,1,0,0,0,0.1289,1
free_kick_wide,outswinger,central,Deep Zonal,3,1,2,1,1,0,1,1,0,0,1,1,1,0.1481,1
throw_in,long,near_post,High Zonal,8,4,7,3,0,0,0,1,0,0,0,1,0,0.099,1
play_restart,short,six_yard,High Zonal,5,2,4,2,0,0,0,1,1,0,0,0,1,0.0989,1
corner,driven,six_yard,High Zonal,10,4,5,2,1,0,0,1,0,1,0,1,1,0.1429,0
play_restart,straight,central,Man-to-Man,4,6,10,1,1,0,0,0,0,1,0,1,0,0.1549,1
penalty,short,edge_box,High Zonal,9,5,9,1,0,0,0,1,1,1,1,0,1,0.8023,1
throw_in,driven,near_post,Man-to-Man,10,6,7,1,0,0,0,0,0,0,0,0,0,0.0777,1
corner,driven,edge_box,Deep Zonal,4,4,10,3,0,0,0,0,1,0,0,0,0,0.1394,1
free_kick_central,lofted,far_post,High Zonal,8,1,5,3,0,0,0,1,1,0,1,0,1,0.1228,1
throw_in,outswinger,edge_box,Hybrid,8,7,1,4,0,1,0,1,0,0,1,0,0,0.0892,1
free_kick_central,lofted,far_post,Man-to-Man,11,1,10,3,0,0,1,0,0,0,0,0,0,0.1142,1
corner,driven,central,Deep Zonal,5,2,2,2,0,0,0,1,1,1,1,0,0,0.1325,0
corner,driven,six_yard,Man-to-Man,7,6,3,3,1,1,0,1,0,0,0,0,0,0.1767,1
goal_kick,long,near_post,Hybrid,6,3,10,1,1,0,0,1,1,0,0,0,0,0.1011,1
corner,lofted,central,Deep Zonal,6,4,9,4,0,1,0,1,1,0,0,1,0,0.1389,1
throw_in,straight,far_post,High Zonal,11,1,1,0,1,1,0,1,0,1,1,0,1,0.0907,0
play_restart,long,penalty_spot,Man-to-Man,8,2,9,4,0,0,0,1,0,0,0,0,0,0.0992,1
corner,long,near_post,Deep Zonal,4,5,8,0,0,1,0,1,1,0,1,0,1,0.1644,1
corner,long,penalty_spot,Man-to-Man,10,4,2,4,0,1,0,0,0,1,1,1,0,0.1054,1
throw_in,long,central,High Zonal,3,2,6,3,0,0,0,0,1,1,1,0,0,0.1111,0
corner,inswinger,penalty_spot,Hybrid,10,3,3,2,1,0,1,0,1,0,0,1,0,0.1027,0
throw_in,outswinger,wide_channel,High Zonal,6,3,6,2,0,0,0,1,1,0,0,0,1,0.065,1
throw_in,straight,far_post,Deep Zonal,9,7,2,1,1,0,1,1,0,1,1,0,0,0.0815,1
throw_in,long,penalty_spot,Man-to-Man,10,7,1,1,0,0,0,0,0,0,1,0,0,0.1168,1
free_kick_wide,long,far_post,Man-to-Man,10,4,7,1,0,0,0,0,1,0,0,0,0,0.1315,0
throw_in,driven,near_post,Deep Zonal,4,2,8,4,0,0,0,1,0,0,0,0,0,0.1111,1
throw_in,driven,edge_box,Hybrid,6,4,2,1,0,0,0,1,0,0,0,0,0,0.0733,1
corner,short,six_yard,Deep Zonal,3,1,7,2,0,1,0,0,0,1,1,0,0,0.1374,1
penalty,inswinger,six_yard,Man-to-Man,8,5,5,3,0,0,0,0,1,0,1,0,0,0.7408,1
kick_off,short,wide_channel,Deep Zonal,6,5,10,3,0,0,0,0,0,0,1,1,0,0.0415,0
throw_in,driven,far_post,Deep Zonal,11,7,6,1,1,0,0,0,0,1,0,0,0,0.07,1
free_kick_central,short,edge_box,Hybrid,8,4,5,4,0,0,0,1,0,0,0,0,0,0.1181,1
free_kick_wide,driven,near_post,Deep Zonal,6,4,1,0,1,0,0,0,1,1,1,0,0,0.1063,0
corner,lofted,wide_channel,Deep Zonal,4,1,10,3,0,0,1,1,1,1,0,0,0,0.1396,1
corner,straight,penalty_spot,Hybrid,5,6,7,0,0,0,0,1,1,0,0,0,1,0.1443,1
corner,long,central,High Zonal,10,3,2,4,1,0,1,1,0,0,0,1,0,0.1538,1
play_restart,short,six_yard,Deep Zonal,4,6,1,0,0,0,1,0,1,0,0,0,0,0.087,0
corner,straight,penalty_spot,Deep Zonal,10,2,3,4,0,1,0,1,0,0,1,0,1,0.105,0
goal_kick,outswinger,wide_channel,Deep Zonal,8,3,6,3,1,0,1,1,0,0,1,1,0,0.0705,1
corner,outswinger,edge_box,Man-to-Man,7,2,10,0,0,0,1,0,1,1,0,1,0,0.1105,1
corner,inswinger,six_yard,Deep Zonal,7,7,7,3,0,1,0,1,0,0,1,0,1,0.1714,1
free_kick_wide,short,penalty_spot,Hybrid,3,6,1,1,0,0,1,1,0,0,1,0,0,0.1351,1
free_kick_wide,inswinger,far_post,Hybrid,5,5,2,4,1,0,0,1,1,0,0,0,0,0.1596,1
goal_kick,straight,edge_box,High Zonal,7,3,3,4,0,0,0,1,1,1,1,0,0,0.0559,1
play_restart,short,near_post,Man-to-Man,7,6,1,4,1,0,0,0,0,0,0,0,1,0.1124,1
kick_off,straight,near_post,Deep Zonal,4,4,2,3,1,0,1,1,1,1,0,0,0,0.1093,1
corner,driven,wide_channel,Man-to-Man,10,6,1,4,1,1,0,1,1,0,0,0,0,0.1018,1
goal_kick,straight,wide_channel,Deep Zonal,7,2,8,2,0,0,1,0,1,0,0,0,0,0.0558,1
corner,inswinger,wide_channel,Hybrid,6,4,7,0,1,0,1,1,1,0,0,0,0,0.1369,1
kick_off,lofted,near_post,Hybrid,9,7,8,4,1,0,0,0,1,1,0,0,0,0.0906,0
free_kick_central,driven,central,High Zonal,4,1,2,0,0,0,0,1,1,0,1,0,0,0.1512,0
free_kick_wide,long,wide_channel,High Zonal,3,6,10,3,1,0,1,1,0,0,0,1,1,0.17,1
corner,long,near_post,High Zonal,5,5,4,2,0,0,0,0,1,0,0,0,1,0.1446,1
corner,inswinger,far_post,Hybrid,3,3,2,1,0,0,1,1,1,1,0,0,0,0.1648,1
corner,long,central,High Zonal,6,7,2,3,1,0,0,0,0,1,0,1,0,0.1408,0
kick_off,outswinger,six_yard,Man-to-Man,4,6,4,1,0,1,1,0,0,0,0,0,0,0.1655,1
goal_kick,straight,far_post,Deep Zonal,8,4,1,4,0,0,0,1,1,0,1,0,0,0.0786,1
play_restart,inswinger,central,Deep Zonal,3,3,4,4,0,1,1,1,0,0,0,0,0,0.1298,1
corner,long,far_post,Man-to-Man,4,5,7,4,0,1,1,0,0,1,0,0,0,0.1476,1
throw_in,outswinger,near_post,Hybrid,5,1,10,4,1,0,0,0,1,1,0,0,1,0.1276,0
corner,outswinger,edge_box,Man-to-Man,8,2,1,4,1,0,0,0,0,0,0,0,0,0.0917,1
penalty,inswinger,penalty_spot,Man-to-Man,6,4,6,4,1,1,0,1,1,0,1,0,1,0.7478,1
free_kick_wide,long,penalty_spot,Man-to-Man,9,2,3,4,1,1,1,1,0,0,0,0,0,0.1602,1
corner,outswinger,far_post,High Zonal,10,4,4,3,0,0,0,1,0,0,1,1,1,0.1093,1
penalty,short,central,Man-to-Man,6,7,7,3,0,0,1,1,0,0,1,1,0,0.7113,1
corner,outswinger,near_post,Deep Zonal,3,3,3,0,1,0,0,0,1,1,1,0,0,0.1001,1
free_kick_central,driven,wide_channel,High Zonal,11,3,5,0,0,0,0,0,0,0,0,0,1,0.1055,0
throw_in,outswinger,far_post,Deep Zonal,6,3,4,1,1,0,0,1,0,0,0,0,0,0.0365,1
corner,lofted,far_post,High Zonal,7,6,4,1,1,0,0,0,1,0,1,1,0,0.1127,1
play_restart,outswinger,central,Deep Zonal,11,6,8,1,0,0,1,1,1,1,0,0,0,0.1511,1
free_kick_central,inswinger,wide_channel,High Zonal,8,2,3,1,1,0,0,1,1,1,0,1,0,0.146,0
goal_kick,outswinger,edge_box,Man-to-Man,8,7,6,1,0,1,1,0,0,0,1,0,0,0.1223,1
throw_in,inswinger,near_post,Deep Zonal,6,5,8,2,0,1,1,1,0,0,0,0,0,0.1288,1
throw_in,straight,penalty_spot,Man-to-Man,10,7,7,3,1,0,0,1,1,0,0,0,1,0.2114,1
throw_in,outswinger,far_post,Man-to-Man,4,7,8,4,1,0,0,1,0,1,0,1,1,0.2018,1
kick_off,driven,edge_box,Hybrid,7,5,5,0,0,0,0,1,0,0,1,0,0,0.0529,1
throw_in,short,wide_channel,High Zonal,6,5,5,2,1,0,0,1,1,0,1,0,1,0.041,1
corner,outswinger,edge_box,Man-to-Man,3,5,1,2,1,1,0,0,1,0,1,0,0,0.1306,1
corner,straight,six_yard,Deep Zonal,5,5,8,3,0,0,0,1,1,1,0,1,0,0.2192,1
throw_in,inswinger,far_post,Deep Zonal,4,4,7,4,0,0,0,1,0,0,1,0,1,0.1031,1
corner,inswinger,central,Hybrid,3,2,6,1,0,0,0,0,1,1,1,0,0,0.1252,1
corner,outswinger,penalty_spot,High Zonal,9,3,8,3,0,0,0,1,0,1,0,1,0,0.1569,1
corner,inswinger,edge_box,Deep Zonal,9,5,7,2,0,0,0,0,0,0,0,0,0,0.0679,0
penalty,inswinger,central,Hybrid,10,6,2,1,0,0,0,0,0,0,0,1,1,0.7474,0
corner,lofted,far_post,Deep Zonal,3,4,3,2,0,0,0,0,1,0,0,0,0,0.0594,1
throw_in,long,near_post,High Zonal,7,1,7,0,0,0,0,1,0,0,0,0,1,0.0716,0
goal_kick,lofted,central,High Zonal,8,1,1,0,0,0,1,0,0,1,1,0,0,0.0715,0
goal_kick,outswinger,six_yard,Deep Zonal,7,7,9,2,1,0,0,0,0,1,0,0,0,0.1526,1
free_kick_wide,driven,near_post,High Zonal,3,1,4,4,0,0,0,0,1,0,0,0,0,0.1174,0
penalty,straight,six_yard,Man-to-Man,7,2,7,2,0,0,0,1,0,0,1,0,0,0.7413,0
penalty,inswinger,central,High Zonal,4,1,6,3,0,1,0,1,1,0,0,0,0,0.8064,0
free_kick_central,driven,edge_box,Hybrid,3,2,7,4,1,0,1,1,0,0,1,1,0,0.1596,1
throw_in,inswinger,wide_channel,Deep Zonal,9,6,4,2,0,0,0,1,1,0,0,1,0,0.0674,1
corner,straight,edge_box,High Zonal,3,2,8,2,1,1,0,1,1,0,0,0,0,0.151,1
play_restart,driven,six_yard,High Zonal,5,6,2,1,0,0,0,1,0,0,1,0,0,0.1284,1
corner,short,central,Man-to-Man,11,6,4,1,0,1,0,1,0,0,0,1,1,0.1231,1
goal_kick,short,central,Man-to-Man,11,5,1,4,0,0,0,1,0,0,0,1,0,0.0812,1
throw_in,straight,edge_box,High Zonal,3,2,2,3,1,0,0,0,0,0,0,0,0,0.0974,1
corner,inswinger,edge_box,Deep Zonal,6,7,1,0,1,0,0,0,0,0,1,1,0,0.0577,1
goal_kick,lofted,edge_box,Hybrid,6,5,5,2,0,0,0,1,1,1,0,0,0,0.083,1
corner,inswinger,edge_box,Hybrid,8,6,1,3,1,1,0,0,0,0,0,0,0,0.1417,1
goal_kick,outswinger,central,Man-to-Man,9,3,3,4,0,0,1,1,1,1,0,1,1,0.0947,0
throw_in,outswinger,central,Man-to-Man,3,5,5,3,0,1,0,1,0,0,1,1,0,0.1449,1
corner,lofted,wide_channel,Man-to-Man,6,5,7,0,1,0,0,1,1,0,0,1,0,0.1567,1
corner,long,penalty_spot,Deep Zonal,5,5,1,1,0,0,1,1,0,0,0,1,0,0.1337,1
goal_kick,straight,edge_box,High Zonal,11,5,8,2,1,0,0,0,0,0,1,0,1,0.0701,0
corner,lofted,penalty_spot,Man-to-Man,5,5,6,0,0,1,0,1,1,0,0,1,1,0.1769,1
kick_off,inswinger,wide_channel,Man-to-Man,3,7,1,2,0,1,0,1,0,0,0,0,1,0.1182,1
goal_kick,driven,six_yard,Hybrid,8,7,1,1,0,1,0,0,1,0,1,0,1,0.1483,1
throw_in,inswinger,central,High Zonal,10,3,10,2,1,1,1,1,1,0,0,0,0,0.1816,0
corner,straight,six_yard,Hybrid,10,7,5,1,1,0,1,0,0,0,1,0,0,0.127,1
throw_in,inswinger,central,Deep Zonal,4,3,10,1,1,0,0,0,0,0,0,0,0,0.128,0
play_restart,lofted,far_post,Deep Zonal,9,2,6,4,1,0,0,0,1,1,1,0,0,0.0584,1
corner,lofted,six_yard,Hybrid,4,2,2,2,0,1,0,0,1,1,0,1,0,0.1464,1
free_kick_wide,short,central,Man-to-Man,4,5,8,0,0,1,0,0,0,0,0,0,0,0.1321,1
corner,outswinger,central,High Zonal,7,4,5,3,0,0,0,1,0,0,1,1,0,0.1229,1
free_kick_wide,outswinger,edge_box,Deep Zonal,10,6,4,1,0,0,1,1,0,0,0,0,0,0.0993,1
goal_kick,straight,wide_channel,Man-to-Man,10,6,3,0,0,0,0,1,1,0,0,1,0,0.0617,1
free_kick_central,outswinger,near_post,High Zonal,8,4,5,3,1,0,0,1,0,0,0,0,1,0.1513,1
penalty,inswinger,edge_box,High Zonal,6,2,10,1,0,0,0,1,0,0,0,0,0,0.7437,1
free_kick_wide,long,far_post,Deep Zonal,8,1,3,0,0,1,1,1,0,0,1,1,0,0.0989,1
corner,short,far_post,Man-to-Man,5,7,6,0,1,0,0,1,0,0,1,0,1,0.1494,1
corner,lofted,edge_box,High Zonal,4,3,1,3,1,0,0,1,1,1,0,1,0,0.1101,1
goal_kick,straight,penalty_spot,Man-to-Man,6,1,8,1,0,0,0,0,0,1,0,0,1,0.1108,0
throw_in,outswinger,edge_box,Man-to-Man,4,3,9,1,0,0,0,1,0,0,0,0,1,0.0795,1
free_kick_wide,short,edge_box,Deep Zonal,3,6,10,2,0,0,0,1,0,0,0,1,0,0.1355,1
goal_kick,inswinger,wide_channel,Man-to-Man,9,1,9,1,0,0,0,1,1,0,0,0,1,0.1132,1
corner,short,six_yard,Man-to-Man,10,5,7,0,0,1,0,1,0,0,0,0,0,0.132,0
corner,driven,near_post,Deep Zonal,9,3,6,0,1,1,0,0,1,0,1,0,1,0.1424,0
corner,inswinger,edge_box,Hybrid,11,7,9,0,0,0,0,1,1,1,0,0,0,0.1461,1
play_restart,outswinger,penalty_spot,Man-to-Man,7,4,1,4,0,0,0,1,0,0,1,1,0,0.1104,1
throw_in,driven,near_post,Hybrid,9,4,3,4,0,1,1,1,0,1,0,0,0,0.119,1
throw_in,short,penalty_spot,Man-to-Man,4,4,1,3,1,0,0,1,0,1,1,0,0,0.1145,1
corner,short,edge_box,Hybrid,7,5,3,2,1,0,0,1,0,1,0,0,1,0.1172,1
corner,long,central,Deep Zonal,3,1,3,4,1,0,0,1,0,1,0,1,0,0.1199,1
throw_in,short,far_post,High Zonal,8,1,5,4,1,0,0,1,1,0,0,1,0,0.0881,1
free_kick_wide,inswinger,penalty_spot,High Zonal,6,5,7,2,0,1,0,0,1,0,0,0,0,0.199,1
play_restart,driven,far_post,Hybrid,7,3,9,3,0,0,0,0,0,0,0,0,0,0.0859,0
goal_kick,lofted,six_yard,Hybrid,10,2,6,0,0,0,0,1,0,0,1,0,0,0.0938,1
free_kick_central,inswinger,near_post,Deep Zonal,3,6,1,0,0,1,0,1,1,1,0,1,1,0.17,1
goal_kick,inswinger,edge_box,Deep Zonal,7,6,1,4,0,0,0,1,0,1,1,1,0,0.0741,1
play_restart,long,edge_box,High Zonal,6,1,5,2,1,0,1,1,0,0,0,0,1,0.0878,1
free_kick_central,short,far_post,Hybrid,9,2,7,4,0,0,0,1,0,0,1,1,0,0.1075,1
throw_in,straight,penalty_spot,Deep Zonal,8,6,9,2,0,0,1,0,1,1,0,1,0,0.1452,1
kick_off,short,near_post,Deep Zonal,9,4,4,0,0,0,0,0,1,0,0,0,1,0.0398,1
corner,long,central,High Zonal,10,3,2,0,0,0,0,0,0,1,1,0,0,0.1189,1
kick_off,short,penalty_spot,High Zonal,5,4,2,2,0,0,0,1,0,1,1,0,1,0.1197,1
corner,inswinger,central,Hybrid,6,3,7,0,1,0,0,1,1,1,0,0,1,0.1291,1
throw_in,inswinger,six_yard,High Zonal,6,1,10,4,0,1,1,1,1,1,0,1,0,0.2045,1
goal_kick,straight,penalty_spot,High Zonal,10,5,1,1,1,0,0,1,0,0,1,1,0,0.111,1
throw_in,lofted,near_post,Hybrid,7,5,1,3,1,0,0,1,1,1,0,0,0,0.0895,1
free_kick_central,short,central,Man-to-Man,9,1,1,1,0,0,1,0,0,0,1,1,1,0.1329,1
throw_in,straight,six_yard,High Zonal,5,2,6,3,0,0,0,1,1,0,0,0,0,0.123,1
corner,lofted,central,Deep Zonal,11,5,4,1,0,0,1,1,0,0,0,1,0,0.1131,1
corner,straight,edge_box,Man-to-Man,7,6,9,2,1,0,0,0,0,0,1,0,1,0.1158,1
corner,short,near_post,High Zonal,11,7,9,1,1,0,1,0,0,0,0,0,0,0.0926,0
throw_in,inswinger,wide_channel,Hybrid,7,5,6,4,0,0,0,1,0,0,0,1,0,0.1033,1
free_kick_central,long,far_post,Hybrid,3,1,1,2,0,1,0,0,0,0,0,1,0,0.1143,1
corner,long,far_post,Hybrid,5,3,6,2,0,0,1,0,1,0,0,0,1,0.1067,1
kick_off,driven,penalty_spot,Man-to-Man,6,2,4,1,0,0,0,1,0,1,0,0,0,0.128,0
free_kick_wide,outswinger,central,Hybrid,4,7,9,0,0,0,1,1,0,1,0,0,1,0.1895,1
free_kick_central,straight,edge_box,Deep Zonal,9,1,8,3,0,1,0,0,0,0,1,0,0,0.1059,0
free_kick_wide,inswinger,near_post,Man-to-Man,6,3,10,0,1,0,0,0,0,0,0,1,0,0.14,0
corner,lofted,near_post,Man-to-Man,10,4,4,0,1,0,1,0,1,0,0,0,0,0.1317,1
throw_in,inswinger,central,Man-to-Man,11,3,4,3,1,0,0,0,0,1,0,1,0,0.1336,1
free_kick_central,short,penalty_spot,Hybrid,3,6,5,3,1,0,1,0,0,0,0,0,1,0.2024,1
corner,long,six_yard,High Zonal,5,1,9,1,0,0,1,1,1,0,1,1,0,0.1463,1
play_restart,inswinger,near_post,Deep Zonal,8,7,6,3,0,0,1,0,1,1,1,1,1,0.1364,0
goal_kick,straight,six_yard,Hybrid,10,3,4,0,0,0,1,0,0,0,1,0,0,0.0587,1
throw_in,inswinger,six_yard,High Zonal,11,3,10,2,1,1,0,1,0,1,1,1,0,0.1714,1
kick_off,short,near_post,Deep Zonal,4,7,4,4,1,0,0,0,0,0,1,1,0,0.042,1
kick_off,lofted,near_post,Hybrid,5,2,9,1,1,0,1,1,1,0,0,0,0,0.1421,1
free_kick_wide,straight,central,Man-to-Man,4,4,7,3,0,1,1,0,1,0,0,0,0,0.1945,1
throw_in,lofted,near_post,Deep Zonal,6,1,1,1,0,0,0,0,1,0,0,1,0,0.0555,1
throw_in,inswinger,edge_box,Deep Zonal,8,4,5,1,0,0,1,1,0,1,1,0,0,0.1001,1
corner,straight,far_post,High Zonal,6,3,7,1,0,0,0,1,0,0,0,0,1,0.0797,1
corner,lofted,far_post,Man-to-Man,9,6,10,1,1,0,0,0,0,1,1,0,1,0.1323,1
corner,driven,edge_box,High Zonal,6,4,6,0,0,0,0,0,0,1,0,0,0,0.0963,1
throw_in,outswinger,central,High Zonal,8,5,1,4,0,1,0,1,0,0,0,0,1,0.073,1
goal_kick,long,six_yard,High Zonal,8,7,4,2,0,0,0,1,1,0,1,1,1,0.1335,1
goal_kick,driven,edge_box,Hybrid,5,7,10,4,0,0,0,1,0,0,0,0,0,0.0826,1
free_kick_wide,long,central,Hybrid,3,2,5,3,0,1,0,0,0,0,0,1,1,0.1772,1
corner,short,penalty_spot,High Zonal,4,4,4,4,0,0,0,1,0,1,0,0,0,0.1244,1
free_kick_central,inswinger,central,Hybrid,10,6,9,1,1,0,0,1,0,0,0,0,0,0.2062,0
penalty,inswinger,wide_channel,Hybrid,9,1,5,0,1,1,0,1,0,1,1,0,0,0.7496,0
kick_off,short,far_post,Man-to-Man,4,4,8,4,1,0,0,1,0,0,0,1,0,0.1335,1
kick_off,short,six_yard,High Zonal,6,4,1,4,0,1,0,0,1,0,0,0,0,0.093,1
kick_off,outswinger,wide_channel,Man-to-Man,10,7,6,4,0,0,0,1,0,0,0,0,0,0.0475,1
goal_kick,outswinger,penalty_spot,Man-to-Man,10,1,1,4,0,0,0,0,1,0,0,1,0,0.1153,1
play_restart,straight,edge_box,Hybrid,3,7,2,1,0,0,1,0,0,0,0,0,0,0.102,1
free_kick_central,straight,penalty_spot,Deep Zonal,10,2,6,2,0,0,0,0,0,1,0,0,0,0.1247,0
corner,straight,near_post,Man-to-Man,10,7,7,3,0,0,0,0,0,1,0,0,0,0.0827,1
corner,straight,wide_channel,Hybrid,4,5,2,4,1,0,0,0,1,1,1,0,1,0.0931,1
free_kick_wide,inswinger,far_post,Man-to-Man,6,3,5,0,1,0,0,0,0,0,1,1,0,0.1329,0
corner,driven,six_yard,Man-to-Man,3,1,5,4,1,0,0,0,0,0,0,0,0,0.1393,1
corner,short,edge_box,Hybrid,8,3,5,3,0,0,1,0,0,0,0,0,0,0.0451,1
play_restart,inswinger,near_post,Deep Zonal,10,6,9,2,0,0,0,0,0,0,0,0,0,0.0759,0
corner,straight,far_post,High Zonal,4,2,10,3,0,0,0,0,0,0,0,0,1,0.1377,1
play_restart,straight,central,Hybrid,6,5,1,1,0,0,0,1,1,0,1,0,0,0.1376,1
goal_kick,short,near_post,High Zonal,7,2,10,1,0,0,1,1,0,0,0,0,0,0.0693,1
throw_in,short,edge_box,Man-to-Man,3,1,1,0,0,0,0,0,0,1,1,0,1,0.0471,0
throw_in,short,near_post,Hybrid,5,5,10,1,0,0,0,1,0,0,0,0,1,0.1292,1
free_kick_wide,long,wide_channel,Hybrid,4,6,7,1,0,0,0,0,1,1,0,0,0,0.0962,1
throw_in,inswinger,far_post,Man-to-Man,3,7,8,2,0,0,0,1,1,0,0,0,0,0.1394,1
corner,outswinger,far_post,Deep Zonal,9,4,3,2,0,0,0,0,0,0,0,0,0,0.0613,1
play_restart,inswinger,central,High Zonal,9,5,6,1,0,1,0,0,0,0,0,0,0,0.1456,1
free_kick_wide,straight,near_post,High Zonal,3,5,6,1,1,0,0,1,1,0,1,0,0,0.1299,1
corner,straight,penalty_spot,Deep Zonal,4,3,4,2,0,1,1,1,0,0,0,0,0,0.1498,1
throw_in,long,central,Hybrid,3,1,6,3,0,0,0,0,1,0,0,1,0,0.0901,1
throw_in,inswinger,penalty_spot,Man-to-Man,11,2,10,4,1,0,0,1,0,0,1,0,0,0.161,1
free_kick_central,short,penalty_spot,Deep Zonal,8,3,2,1,1,0,1,0,0,0,0,0,0,0.1403,1
throw_in,outswinger,central,Deep Zonal,7,5,5,2,0,0,0,1,1,0,1,0,1,0.1108,1
corner,straight,far_post,Deep Zonal,3,3,4,3,1,0,1,1,1,1,0,0,1,0.1434,1
throw_in,long,central,Hybrid,3,2,3,1,0,1,1,1,0,0,0,0,0,0.1373,1
corner,inswinger,central,Deep Zonal,11,7,5,3,0,0,1,0,1,0,0,1,0,0.1188,1
corner,outswinger,edge_box,Hybrid,11,1,2,2,1,0,1,0,0,0,0,0,1,0.0615,1
corner,straight,near_post,High Zonal,7,6,2,0,0,1,1,0,0,0,1,0,0,0.1125,0
free_kick_wide,long,central,Deep Zonal,4,1,9,3,0,0,0,0,1,0,0,0,0,0.1263,1
free_kick_wide,inswinger,penalty_spot,Man-to-Man,3,3,4,0,0,0,0,1,0,0,0,0,1,0.1928,0
free_kick_central,lofted,far_post,Man-to-Man,10,6,4,2,1,1,0,0,0,1,0,1,0,0.152,1
corner,lofted,wide_channel,High Zonal,7,6,7,1,1,1,0,1,0,0,1,0,0,0.1447,1
corner,driven,six_yard,Man-to-Man,5,3,8,0,0,0,0,0,1,1,0,0,0,0.1743,0
penalty,outswinger,edge_box,Hybrid,3,1,9,3,0,1,0,1,0,0,0,1,1,0.7711,0
corner,long,far_post,High Zonal,8,7,7,3,1,0,0,1,0,0,0,0,0,0.1414,1
throw_in,inswinger,far_post,Deep Zonal,10,7,3,1,0,0,1,0,0,1,0,0,1,0.0846,0
play_restart,driven,near_post,Deep Zonal,10,4,3,0,0,0,0,0,1,1,0,0,0,0.0726,1
free_kick_wide,short,six_yard,Deep Zonal,9,1,8,4,0,0,0,0,0,1,0,0,0,0.1187,1
kick_off,inswinger,far_post,Deep Zonal,3,5,9,2,0,0,0,1,1,0,0,1,0,0.1105,1
corner,outswinger,central,Hybrid,9,6,10,4,0,0,0,0,1,0,0,0,0,0.133,1
corner,driven,penalty_spot,Hybrid,9,6,9,2,1,0,0,1,0,1,0,1,0,0.1917,1
throw_in,driven,edge_box,Man-to-Man,10,6,7,3,0,0,0,1,1,1,1,0,0,0.1053,1
goal_kick,short,far_post,Hybrid,4,7,2,4,0,0,0,1,0,0,1,0,1,0.0961,1
goal_kick,straight,near_post,Hybrid,10,4,5,3,1,0,1,0,0,1,1,0,0,0.1226,1
corner,long,wide_channel,High Zonal,9,2,2,4,0,0,0,1,1,0,1,0,0,0.0877,1
goal_kick,driven,near_post,Deep Zonal,9,5,5,0,1,0,1,0,0,0,0,0,0,0.0601,1
free_kick_wide,long,wide_channel,Hybrid,4,2,7,3,1,0,1,0,1,1,0,0,0,0.1392,1
free_kick_wide,straight,far_post,Deep Zonal,10,5,7,3,0,0,0,0,0,0,0,1,1,0.0533,1
corner,short,wide_channel,Man-to-Man,3,2,3,4,1,1,1,1,1,0,1,0,1,0.1478,1
play_restart,driven,wide_channel,Deep Zonal,5,1,7,3,1,0,0,0,0,0,0,0,0,0.053,1
corner,inswinger,far_post,High Zonal,4,4,4,1,0,0,0,0,0,0,1,0,0,0.117,0
goal_kick,straight,six_yard,Man-to-Man,5,5,7,3,1,0,1,0,0,1,1,0,0,0.1531,1
throw_in,inswinger,near_post,Deep Zonal,8,2,10,3,0,1,0,0,1,1,0,0,0,0.1066,1
throw_in,straight,near_post,Hybrid,11,6,3,4,1,0,1,1,0,0,0,0,1,0.0977,1
throw_in,driven,central,Hybrid,11,5,2,3,1,0,1,1,1,0,0,0,0,0.1406,1
goal_kick,inswinger,penalty_spot,High Zonal,3,6,10,4,1,1,0,1,1,0,0,0,0,0.254,0
corner,short,near_post,Deep Zonal,11,3,5,3,0,0,0,1,0,0,0,0,0,0.0795,1
corner,inswinger,far_post,Deep Zonal,3,5,3,0,1,0,0,1,0,0,0,0,1,0.1457,1
throw_in,driven,wide_channel,Man-to-Man,9,7,3,3,0,0,0,1,0,0,0,0,1,0.0936,1
free_kick_wide,driven,six_yard,Deep Zonal,4,2,5,3,1,0,0,1,0,0,0,0,0,0.1407,1
corner,short,central,Man-to-Man,10,6,4,0,0,0,1,0,0,1,0,0,0,0.1204,1
corner,long,far_post,Hybrid,6,5,10,0,0,0,0,1,0,0,0,0,1,0.1406,0
free_kick_wide,inswinger,near_post,Man-to-Man,10,6,4,1,1,1,1,1,0,0,1,1,0,0.1358,1
corner,driven,central,High Zonal,7,5,5,2,0,0,1,1,0,0,1,0,0,0.1551,1
corner,long,wide_channel,Deep Zonal,7,5,3,3,1,0,1,1,1,0,0,1,1,0.1061,1
kick_off,inswinger,wide_channel,Hybrid,6,6,8,4,0,0,0,0,0,0,1,0,1,0.0713,1
free_kick_wide,lofted,central,Deep Zonal,5,1,8,0,0,0,0,1,0,1,1,0,0,0.1094,0
play_restart,inswinger,central,Hybrid,7,1,6,4,1,0,1,1,0,0,0,0,0,0.1288,0
play_restart,short,far_post,Hybrid,8,1,9,0,1,0,0,1,1,0,0,1,1,0.0862,1
corner,inswinger,far_post,Deep Zonal,4,7,3,2,0,0,0,0,0,0,0,1,0,0.1116,1
throw_in,long,near_post,Deep Zonal,4,4,6,4,1,1,1,1,1,0,0,0,0,0.1425,1
throw_in,inswinger,near_post,High Zonal,6,7,8,2,0,0,0,1,1,1,1,0,0,0.1326,1
throw_in,inswinger,far_post,High Zonal,10,7,9,4,1,0,0,1,0,1,1,0,0,0.1511,0
corner,straight,central,Deep Zonal,6,3,4,3,1,0,0,0,1,1,0,0,0,0.1249,1
corner,lofted,six_yard,Deep Zonal,6,1,2,1,0,1,0,1,1,1,0,0,0,0.1449,0
corner,outswinger,edge_box,Deep Zonal,11,6,8,4,0,0,0,1,1,0,0,1,1,0.0838,0
throw_in,short,penalty_spot,Man-to-Man,5,3,6,0,0,1,0,1,0,0,0,0,0,0.1318,1
play_restart,short,far_post,High Zonal,6,3,1,3,1,0,0,0,1,0,1,0,0,0.0493,1
throw_in,driven,six_yard,Deep Zonal,10,6,9,1,0,1,0,1,1,0,0,1,1,0.1575,1
throw_in,outswinger,near_post,Hybrid,7,4,5,3,0,0,0,1,0,1,0,0,0,0.0969,1
play_restart,short,six_yard,Man-to-Man,4,3,7,0,0,1,0,0,0,0,0,0,1,0.1447,0
throw_in,lofted,near_post,High Zonal,4,3,4,4,1,0,0,1,0,0,0,0,1,0.1457,1
corner,outswinger,wide_channel,High Zonal,11,7,10,0,1,0,1,1,1,1,0,0,0,0.1639,0
kick_off,straight,near_post,Hybrid,10,3,5,3,0,0,0,0,1,0,0,1,0,0.0272,1
free_kick_wide,driven,six_yard,Man-to-Man,11,7,6,1,0,0,0,0,0,0,0,0,0,0.1521,1
corner,outswinger,near_post,Hybrid,7,5,6,4,0,0,0,0,0,0,1,1,0,0.0908,1
free_kick_central,straight,six_yard,Hybrid,8,1,10,4,0,0,0,1,1,0,0,1,1,0.195,1
play_restart,outswinger,penalty_spot,Deep Zonal,4,1,7,4,1,1,0,1,0,0,0,0,0,0.1098,1
corner,driven,near_post,Man-to-Man,9,5,1,1,1,0,0,1,1,0,1,0,1,0.1273,0
free_kick_central,lofted,edge_box,Deep Zonal,8,1,9,0,0,0,0,0,0,1,0,0,0,0.1084,0
corner,short,near_post,Man-to-Man,3,2,1,0,0,1,0,1,0,0,0,0,0,0.0926,1
corner,short,penalty_spot,Man-to-Man,10,4,6,1,0,0,1,1,0,0,1,1,1,0.1714,1
corner,straight,central,Man-to-Man,6,4,4,3,1,0,0,1,0,0,0,0,0,0.1839,1
throw_in,inswinger,edge_box,Hybrid,11,7,5,1,1,0,0,1,0,0,0,1,0,0.0874,1
kick_off,inswinger,six_yard,Man-to-Man,10,7,9,0,0,0,1,1,0,0,1,0,0,0.1582,1
corner,inswinger,far_post,High Zonal,6,7,2,4,0,0,1,1,0,0,0,0,0,0.1443,1
corner,inswinger,edge_box,Deep Zonal,3,1,1,4,0,1,0,0,1,0,1,0,0,0.0807,1
corner,long,wide_channel,Man-to-Man,4,6,10,2,0,1,0,1,0,0,0,1,0,0.1372,1
corner,inswinger,edge_box,Man-to-Man,5,7,3,1,1,0,0,1,0,0,0,0,0,0.1411,0
penalty,inswinger,central,Hybrid,5,5,5,2,0,1,0,0,1,0,0,0,1,0.7579,1
throw_in,straight,far_post,Deep Zonal,6,7,10,1,1,1,0,1,1,1,0,0,0,0.1767,1
throw_in,outswinger,central,Hybrid,11,6,8,0,1,0,0,0,1,0,0,0,0,0.0906,0
free_kick_wide,inswinger,far_post,Deep Zonal,9,5,7,1,0,0,0,1,1,0,1,0,0,0.137,1
penalty,inswinger,central,High Zonal,4,3,1,0,0,0,1,1,1,0,0,0,1,0.7735,1
corner,outswinger,six_yard,Deep Zonal,9,3,4,0,0,0,0,1,0,1,0,1,0,0.0571,0
corner,short,penalty_spot,High Zonal,3,3,6,4,1,0,0,1,1,0,1,0,0,0.1821,1
play_restart,long,penalty_spot,Deep Zonal,3,2,1,0,0,0,0,1,0,1,1,0,0,0.0984,1
goal_kick,driven,near_post,High Zonal,8,5,7,4,1,0,1,1,1,1,0,0,0,0.1657,1
play_restart,long,near_post,High Zonal,4,4,8,4,1,0,0,1,0,0,1,0,1,0.149,1
kick_off,short,edge_box,Man-to-Man,6,3,4,2,1,0,0,1,1,1,0,0,0,0.0979,1
throw_in,lofted,penalty_spot,Man-to-Man,10,2,10,4,1,0,1,1,0,1,0,0,0,0.1586,1
play_restart,short,wide_channel,High Zonal,6,4,10,2,0,0,0,1,0,0,0,0,1,0.0875,1
free_kick_wide,short,penalty_spot,Man-to-Man,4,1,8,4,1,0,0,1,1,0,0,1,0,0.148,1
corner,straight,central,Man-to-Man,11,3,4,4,0,1,0,1,1,1,1,0,1,0.1199,1
corner,outswinger,edge_box,High Zonal,5,1,2,3,0,0,0,0,0,1,1,0,1,0.0953,1
corner,outswinger,edge_box,Man-to-Man,8,3,7,2,0,0,1,1,1,0,1,0,0,0.123,0
corner,inswinger,near_post,Deep Zonal,4,5,6,0,0,0,0,1,1,0,0,1,1,0.1586,0
free_kick_wide,driven,edge_box,Hybrid,4,5,8,1,0,1,0,1,0,0,0,1,0,0.1416,1
throw_in,inswinger,central,Man-to-Man,9,1,5,4,0,1,0,1,1,1,1,0,0,0.1247,1
goal_kick,long,central,High Zonal,11,5,2,4,0,0,1,1,1,0,1,1,0,0.0874,1
throw_in,driven,near_post,Man-to-Man,3,3,10,3,1,0,0,1,0,0,1,0,0,0.1291,1
corner,straight,penalty_spot,High Zonal,11,4,10,2,0,0,0,1,1,0,0,1,0,0.1737,0
goal_kick,inswinger,edge_box,Man-to-Man,5,5,8,2,0,0,1,1,0,0,0,0,0,0.1282,1
free_kick_wide,straight,central,Deep Zonal,11,1,1,2,0,0,0,1,0,1,0,0,0,0.0851,0
corner,outswinger,edge_box,Deep Zonal,7,2,9,3,0,0,1,1,0,1,0,0,0,0.133,1
corner,lofted,edge_box,Man-to-Man,9,2,10,1,1,0,1,0,0,0,0,0,1,0.1072,0
free_kick_wide,long,far_post,Hybrid,3,3,5,2,0,0,1,0,1,0,1,0,0,0.0961,1
corner,long,near_post,Man-to-Man,4,1,6,3,0,1,0,1,0,0,0,1,0,0.132,1
goal_kick,short,central,High Zonal,11,1,1,3,0,0,1,0,0,1,0,0,1,0.0652,0
goal_kick,long,near_post,Deep Zonal,4,4,7,0,0,0,1,1,1,0,1,0,0,0.0881,1
throw_in,long,wide_channel,Man-to-Man,10,1,8,4,1,0,0,0,0,0,1,0,0,0.0299,0
corner,inswinger,six_yard,High Zonal,4,4,3,2,0,0,0,0,1,0,0,0,0,0.1295,0
goal_kick,outswinger,near_post,Deep Zonal,8,2,7,4,1,0,0,1,1,1,1,0,1,0.1184,1
throw_in,inswinger,far_post,Deep Zonal,6,7,3,2,0,1,0,1,1,1,0,0,0,0.1363,1
corner,short,central,Deep Zonal,6,1,2,3,1,1,0,0,1,0,0,0,1,0.1486,1
throw_in,driven,near_post,Hybrid,9,4,1,0,0,0,0,0,1,1,0,0,1,0.1083,0
free_kick_central,short,central,Hybrid,4,4,8,4,0,0,0,1,0,0,1,1,0,0.174,1
free_kick_wide,short,near_post,Hybrid,6,6,3,0,0,0,0,1,1,1,1,1,0,0.0872,1
corner,lofted,central,Hybrid,7,1,2,2,0,0,1,0,0,0,1,1,0,0.1064,1
free_kick_central,inswinger,central,Hybrid,6,7,10,3,0,1,0,0,0,0,1,0,0,0.2071,1
corner,inswinger,far_post,High Zonal,5,3,8,1,1,0,0,0,1,0,0,0,0,0.1476,1
corner,lofted,far_post,Deep Zonal,3,1,3,4,1,0,1,1,0,0,0,0,0,0.0941,1
corner,lofted,far_post,High Zonal,8,6,8,3,0,0,0,1,0,0,1,0,0,0.0923,1
play_restart,long,central,Hybrid,3,4,5,4,0,0,0,1,0,0,1,0,0,0.1177,1
corner,outswinger,far_post,Hybrid,4,5,1,2,0,0,0,1,0,1,0,1,0,0.0832,1
free_kick_wide,lofted,far_post,High Zonal,5,7,3,3,1,0,0,1,0,0,0,0,0,0.1536,1
free_kick_wide,long,wide_channel,High Zonal,9,3,8,0,0,0,0,0,0,0,0,0,0,0.0408,0
kick_off,long,near_post,High Zonal,4,7,8,0,0,0,0,1,1,0,0,1,0,0.0878,1
penalty,outswinger,penalty_spot,Hybrid,5,7,5,2,1,0,1,0,1,0,1,1,1,0.7437,1
kick_off,short,central,Hybrid,3,4,10,1,0,1,0,1,0,1,0,1,1,0.1515,1
corner,driven,central,Deep Zonal,7,6,6,2,1,0,1,1,0,0,1,1,0,0.1221,1
corner,driven,penalty_spot,High Zonal,4,1,1,3,0,0,0,1,1,0,1,0,1,0.1302,1
penalty,short,edge_box,Deep Zonal,4,5,10,1,1,0,0,1,0,0,1,0,0,0.7641,1
free_kick_wide,short,wide_channel,Man-to-Man,5,1,1,4,0,1,1,1,0,1,1,0,0,0.1047,0
goal_kick,long,far_post,High Zonal,5,4,10,3,1,0,1,1,0,1,0,0,0,0.1256,1
kick_off,short,central,Deep Zonal,3,6,1,3,0,1,0,1,0,0,1,0,0,0.0971,1
free_kick_central,straight,edge_box,Man-to-Man,7,1,4,4,0,1,0,0,0,0,0,0,0,0.1117,1
play_restart,inswinger,central,Hybrid,7,3,1,0,1,0,0,0,1,1,0,0,0,0.0909,1
penalty,inswinger,far_post,High Zonal,7,3,8,0,0,1,1,1,0,0,0,1,0,0.7761,1
corner,long,six_yard,High Zonal,6,2,4,4,0,0,1,1,0,0,0,0,1,0.1332,1
free_kick_central,inswinger,far_post,Deep Zonal,11,4,6,3,0,0,0,0,0,0,1,0,1,0.1193,1
corner,inswinger,penalty_spot,Deep Zonal,5,6,2,2,0,1,1,0,0,0,0,0,0,0.1488,1
goal_kick,lofted,near_post,Hybrid,6,7,9,0,1,0,0,1,0,0,0,0,0,0.1259,1
corner,long,near_post,Hybrid,7,7,5,1,1,0,0,0,0,1,1,1,1,0.1589,1
free_kick_wide,inswinger,wide_channel,Deep Zonal,3,7,4,2,0,0,1,1,1,0,0,0,0,0.1022,0
penalty,outswinger,near_post,Deep Zonal,11,2,1,0,0,0,0,0,0,0,0,0,0,0.7459,0
corner,long,central,Man-to-Man,7,1,5,4,0,0,0,1,0,1,1,1,0,0.0974,1
corner,straight,far_post,Hybrid,9,2,8,1,1,1,0,1,1,1,0,0,0,0.1858,1
throw_in,straight,central,High Zonal,5,7,2,4,0,0,1,1,1,0,0,0,1,0.1344,1
corner,straight,near_post,Deep Zonal,9,2,6,2,0,0,1,1,1,0,0,0,0,0.1184,1
free_kick_central,outswinger,central,Man-to-Man,10,6,10,1,0,0,0,1,0,0,0,1,0,0.1859,1
free_kick_wide,long,far_post,Hybrid,8,3,9,0,0,1,0,1,1,0,1,0,1,0.1218,1
corner,inswinger,far_post,Deep Zonal,4,5,10,4,1,0,0,0,0,1,0,1,0,0.1101,1
corner,short,edge_box,Deep Zonal,9,6,9,3,0,0,0,1,0,0,1,0,1,0.091,1
goal_kick,inswinger,central,Man-to-Man,10,7,3,4,1,1,0,1,1,0,1,0,0,0.1523,1
play_restart,inswinger,wide_channel,Deep Zonal,9,1,2,1,1,0,0,0,1,0,0,0,0,0.0402,1
corner,inswinger,central,Hybrid,8,3,6,0,1,0,0,0,0,0,0,0,0,0.1149,0
play_restart,driven,central,Man-to-Man,7,1,8,1,0,0,1,1,0,0,1,0,0,0.1275,1
throw_in,inswinger,wide_channel,Hybrid,4,3,4,1,0,1,0,0,1,1,1,0,0,0.1094,0
throw_in,outswinger,six_yard,Man-to-Man,9,3,3,1,0,1,1,0,0,0,1,0,0,0.1364,0
throw_in,inswinger,central,Hybrid,6,7,2,3,1,0,0,1,1,0,1,0,0,0.1402,1
throw_in,long,far_post,Hybrid,5,5,6,4,0,1,0,1,0,1,1,1,0,0.0856,1
goal_kick,straight,six_yard,High Zonal,7,1,1,0,0,0,0,0,1,1,0,0,1,0.087,0
free_kick_central,lofted,near_post,Hybrid,3,4,7,2,1,1,1,1,0,0,1,1,0,0.1949,1
free_kick_central,long,central,High Zonal,7,5,9,3,0,0,0,1,0,1,0,0,0,0.1855,0
free_kick_wide,short,penalty_spot,Deep Zonal,7,6,9,1,1,1,0,0,0,0,0,0,1,0.1725,1
corner,long,six_yard,High Zonal,6,6,3,2,1,1,1,0,1,0,0,1,1,0.2069,1
throw_in,inswinger,penalty_spot,High Zonal,9,2,1,3,1,1,1,0,0,1,0,0,0,0.1223,1
corner,lofted,far_post,Man-to-Man,8,7,6,2,1,1,1,0,0,0,1,0,0,0.1411,0
corner,lofted,wide_channel,High Zonal,6,7,8,0,0,0,0,1,0,0,0,0,0,0.1294,1
corner,outswinger,near_post,High Zonal,9,2,10,2,0,1,0,0,0,0,1,0,0,0.0969,1
corner,short,edge_box,Deep Zonal,4,5,2,1,0,0,0,1,0,0,0,0,0,0.0647,0
throw_in,outswinger,near_post,Hybrid,7,5,1,0,0,0,0,0,1,0,1,0,0,0.071,1
throw_in,short,edge_box,Hybrid,4,7,2,0,1,0,0,1,1,1,1,0,1,0.0698,1
free_kick_wide,driven,penalty_spot,Hybrid,8,1,6,1,0,0,1,1,0,1,1,0,0,0.1482,0
corner,lofted,central,High Zonal,3,2,2,4,1,0,1,1,1,0,1,1,1,0.1745,1
free_kick_wide,outswinger,penalty_spot,High Zonal,10,7,10,4,1,0,0,0,0,0,0,1,1,0.1819,1
free_kick_wide,long,six_yard,Deep Zonal,3,1,4,0,1,1,0,1,0,0,0,0,0,0.1312,1
throw_in,long,far_post,Deep Zonal,7,4,9,3,1,0,0,1,1,0,0,1,0,0.0847,0
penalty,outswinger,near_post,High Zonal,8,3,4,3,0,0,0,1,1,0,0,0,0,0.7419,0
free_kick_central,short,near_post,Man-to-Man,6,5,3,2,0,0,0,0,1,0,0,0,0,0.1541,1
free_kick_central,long,penalty_spot,Deep Zonal,4,4,1,0,0,0,1,0,0,0,1,0,0,0.1479,1
play_restart,long,edge_box,Deep Zonal,5,6,3,3,1,0,1,1,0,0,1,1,0,0.0784,1
goal_kick,lofted,far_post,High Zonal,10,1,8,0,1,0,0,0,1,1,0,0,0,0.0595,0
free_kick_central,inswinger,central,Deep Zonal,4,4,8,0,1,0,1,1,1,1,0,0,0,0.1956,0
free_kick_central,outswinger,edge_box,Deep Zonal,9,4,7,1,0,0,1,0,0,0,0,1,0,0.1126,1
corner,inswinger,central,High Zonal,5,4,1,0,1,1,1,1,0,1,1,0,1,0.1894,1
play_restart,inswinger,near_post,Hybrid,3,1,4,4,1,0,0,0,1,0,0,0,0,0.0717,1
free_kick_wide,straight,far_post,Hybrid,6,4,6,2,0,0,0,1,0,0,0,0,0,0.0814,1
corner,driven,penalty_spot,Hybrid,3,7,10,4,0,0,0,0,1,0,1,1,0,0.1774,1
play_restart,straight,wide_channel,Man-to-Man,9,5,3,0,1,1,0,0,0,1,0,1,1,0.1163,1
throw_in,long,penalty_spot,Man-to-Man,9,1,2,0,0,0,0,0,0,0,0,0,1,0.0619,0
corner,straight,central,High Zonal,4,6,9,0,1,0,0,1,0,1,0,1,0,0.1895,1
corner,outswinger,six_yard,Deep Zonal,9,7,5,0,0,0,1,0,1,0,0,0,0,0.1526,0
corner,driven,central,High Zonal,9,6,4,3,0,0,0,0,1,0,0,0,0,0.1465,1
throw_in,long,wide_channel,Man-to-Man,9,1,4,0,0,0,0,1,1,0,0,0,1,0.0668,1
corner,straight,central,Hybrid,3,1,5,4,0,1,0,1,0,0,0,0,0,0.1692,1
play_restart,lofted,wide_channel,Man-to-Man,4,2,5,3,1,0,0,0,0,1,0,0,0,0.0888,1
play_restart,straight,six_yard,High Zonal,4,3,8,1,0,0,0,1,1,1,1,1,0,0.1402,1
penalty,inswinger,six_yard,Man-to-Man,10,7,7,1,0,0,0,0,0,0,1,0,0,0.7684,0
throw_in,straight,near_post,Hybrid,5,4,1,1,1,0,0,0,1,0,1,0,0,0.0958,1
corner,long,six_yard,High Zonal,7,7,2,2,0,0,0,1,1,0,0,1,0,0.1289,1
corner,straight,edge_box,Man-to-Man,7,1,7,3,0,1,0,0,0,1,1,0,0,0.1181,1
throw_in,driven,central,Deep Zonal,11,6,9,2,1,0,1,1,0,0,0,0,0,0.0897,1
corner,short,far_post,Hybrid,4,6,10,4,1,0,0,1,0,0,0,0,0,0.1413,1
corner,straight,penalty_spot,Man-to-Man,10,7,9,3,1,0,1,1,1,0,0,0,0,0.1493,1
free_kick_wide,driven,wide_channel,Hybrid,4,4,7,1,0,0,0,0,1,0,0,0,1,0.0994,1
corner,straight,edge_box,Man-to-Man,11,5,3,1,0,0,0,0,0,1,0,0,0,0.0594,1
free_kick_wide,straight,far_post,Hybrid,8,1,1,4,1,0,0,0,1,1,0,0,1,0.0739,0
throw_in,inswinger,penalty_spot,Deep Zonal,5,7,8,3,1,0,1,0,0,0,0,0,0,0.1581,1
goal_kick,straight,central,Man-to-Man,6,5,10,4,1,1,1,1,0,0,0,0,1,0.1679,1
throw_in,straight,far_post,Deep Zonal,9,5,5,0,0,0,0,1,0,1,0,1,1,0.0806,0
goal_kick,inswinger,edge_box,Man-to-Man,6,3,2,0,1,0,0,1,0,0,1,0,0,0.1022,1
free_kick_wide,short,penalty_spot,Man-to-Man,3,1,8,2,1,0,0,0,0,0,1,0,0,0.1345,1
goal_kick,inswinger,edge_box,High Zonal,5,6,4,1,1,0,1,0,1,0,1,0,0,0.1266,0
free_kick_central,outswinger,far_post,Hybrid,11,6,7,3,0,1,0,1,1,0,1,0,0,0.2001,1
corner,short,far_post,Man-to-Man,6,2,2,3,0,0,1,0,1,1,1,0,1,0.1096,1
play_restart,outswinger,edge_box,Deep Zonal,7,6,4,2,0,0,0,0,0,1,0,0,0,0.0277,1
corner,short,near_post,Man-to-Man,4,1,8,0,1,0,0,1,1,0,1,1,1,0.1581,1
corner,long,wide_channel,Man-to-Man,3,5,9,1,1,0,0,1,0,1,0,0,1,0.1476,0
corner,outswinger,wide_channel,Deep Zonal,5,1,3,1,0,1,0,0,0,0,0,1,1,0.104,0
free_kick_wide,inswinger,six_yard,Man-to-Man,10,6,8,1,0,0,0,1,1,0,1,1,0,0.1511,1
free_kick_wide,straight,six_yard,Man-to-Man,7,4,3,4,0,0,0,1,0,0,0,0,0,0.1256,1
free_kick_central,inswinger,far_post,Hybrid,6,3,8,3,0,0,0,1,0,0,0,0,0,0.1383,1
kick_off,short,far_post,High Zonal,7,6,5,3,1,0,0,1,0,0,0,0,1,0.0855,1
corner,long,six_yard,High Zonal,10,6,8,0,0,0,0,1,0,0,1,0,1,0.1278,1
free_kick_central,short,central,Deep Zonal,11,5,3,3,1,0,0,0,1,0,0,0,0,0.1211,0
free_kick_wide,straight,six_yard,Hybrid,5,6,1,2,0,1,1,0,1,1,1,1,0,0.1932,1
goal_kick,lofted,central,High Zonal,10,1,8,3,1,0,1,0,0,0,1,1,0,0.1035,1
corner,inswinger,six_yard,Hybrid,10,6,1,2,0,0,0,1,1,0,0,0,0,0.1361,0
corner,driven,penalty_spot,Deep Zonal,3,5,6,2,0,0,0,1,1,0,1,0,0,0.183,1
free_kick_central,driven,six_yard,High Zonal,11,2,1,1,0,0,1,1,0,0,1,0,1,0.1346,0
throw_in,straight,far_post,Deep Zonal,5,4,6,3,0,1,1,1,1,0,0,0,0,0.0831,1
goal_kick,inswinger,penalty_spot,Hybrid,9,5,2,2,0,0,1,1,0,0,0,0,0,0.0961,1
throw_in,inswinger,wide_channel,Hybrid,10,6,2,4,1,0,0,0,0,0,0,0,0,0.0258,1
goal_kick,lofted,far_post,Man-to-Man,8,4,10,4,0,0,0,0,0,0,0,1,1,0.1174,1
free_kick_wide,outswinger,central,Man-to-Man,5,2,10,3,1,0,0,0,0,0,1,1,0,0.168,1
corner,driven,near_post,Hybrid,10,2,5,2,0,0,1,1,1,0,0,0,0,0.1173,1
corner,short,penalty_spot,Hybrid,7,6,4,2,0,0,0,0,1,1,1,0,0,0.1447,1
corner,straight,penalty_spot,Hybrid,9,7,7,2,0,0,0,0,0,0,0,0,0,0.1509,1
free_kick_wide,short,penalty_spot,Hybrid,9,5,4,3,1,0,0,1,0,0,1,0,0,0.1463,1
free_kick_central,outswinger,near_post,Hybrid,5,6,2,4,0,0,0,1,0,1,0,0,0,0.124,1
free_kick_wide,straight,near_post,High Zonal,7,5,3,3,0,0,0,1,0,0,1,0,1,0.0945,1
penalty,lofted,six_yard,High Zonal,4,4,7,3,0,0,0,0,0,1,0,0,1,0.721,0
free_kick_central,outswinger,edge_box,Man-to-Man,3,3,10,2,0,0,0,0,1,1,0,0,0,0.2033,1
throw_in,lofted,near_post,Hybrid,9,4,7,1,0,0,1,0,0,1,0,0,0,0.0606,1
throw_in,lofted,near_post,Deep Zonal,4,1,7,1,0,1,0,1,0,0,1,1,0,0.1018,1
free_kick_wide,inswinger,near_post,Hybrid,7,5,8,4,1,0,0,0,1,1,1,0,1,0.1771,1
free_kick_wide,short,six_yard,Hybrid,3,2,1,2,0,0,0,1,0,0,1,0,0,0.1019,0
throw_in,inswinger,edge_box,High Zonal,8,7,7,2,0,0,0,1,1,1,1,0,0,0.1512,1
throw_in,short,penalty_spot,Deep Zonal,4,6,2,2,0,0,0,0,1,0,0,0,0,0.084,1
free_kick_wide,lofted,penalty_spot,High Zonal,5,4,5,1,0,1,0,1,0,0,0,1,0,0.1664,1
free_kick_wide,driven,six_yard,High Zonal,4,5,5,0,0,0,0,0,0,0,1,0,0,0.1604,0
throw_in,lofted,central,Man-to-Man,11,1,8,1,1,0,1,1,1,0,0,0,0,0.1226,0
throw_in,outswinger,central,High Zonal,8,5,2,1,0,0,1,0,0,0,0,0,0,0.1064,0
corner,short,far_post,Man-to-Man,8,6,10,0,1,0,0,1,1,1,1,0,0,0.1816,1
free_kick_central,outswinger,wide_channel,Man-to-Man,6,4,7,0,0,0,0,0,0,1,0,1,0,0.128,0
kick_off,driven,penalty_spot,Deep Zonal,10,7,4,4,1,0,1,0,0,0,1,1,0,0.0634,1
corner,inswinger,penalty_spot,High Zonal,3,1,4,0,0,0,0,1,1,0,1,1,0,0.1886,1
goal_kick,inswinger,six_yard,High Zonal,6,7,2,0,1,0,0,0,1,0,0,1,1,0.1735,1
corner,inswinger,near_post,Deep Zonal,3,3,4,2,0,1,1,1,1,0,0,0,0,0.1136,1
free_kick_central,inswinger,far_post,High Zonal,9,1,2,4,1,1,0,1,1,0,0,0,0,0.1489,1
free_kick_wide,inswinger,penalty_spot,Hybrid,11,5,8,3,0,0,0,0,1,0,0,0,0,0.1434,0
corner,inswinger,wide_channel,High Zonal,9,5,8,0,0,0,0,1,0,0,1,0,0,0.0872,1
kick_off,driven,near_post,High Zonal,4,1,6,3,0,0,0,1,1,0,1,1,0,0.1093,1
free_kick_central,driven,far_post,High Zonal,10,3,10,2,0,1,0,0,1,0,1,0,0,0.16,1
play_restart,outswinger,wide_channel,Man-to-Man,5,7,2,3,0,0,0,0,0,1,0,0,0,0.0755,0
corner,driven,edge_box,Man-to-Man,6,2,9,1,1,0,0,0,0,1,1,0,0,0.133,1
kick_off,straight,penalty_spot,Man-to-Man,8,1,4,2,0,0,0,1,0,0,0,1,0,0.1293,0
play_restart,driven,central,Deep Zonal,7,6,8,4,0,0,1,0,1,0,1,0,0,0.1121,1
penalty,outswinger,central,Deep Zonal,4,5,9,3,1,0,1,0,0,1,1,1,0,0.7834,1
corner,short,central,Man-to-Man,7,4,2,1,0,0,0,0,1,0,0,0,1,0.1331,1
throw_in,straight,central,High Zonal,4,3,9,3,0,0,0,1,0,0,1,0,0,0.1425,1
penalty,inswinger,six_yard,Deep Zonal,9,7,10,4,1,0,0,0,0,0,0,0,0,0.7703,1
play_restart,short,edge_box,High Zonal,3,7,8,3,1,1,0,0,0,1,0,0,0,0.121,1
free_kick_wide,long,six_yard,Deep Zonal,10,1,2,3,0,0,0,0,1,0,0,1,0,0.0737,1
corner,long,near_post,Hybrid,11,6,9,3,0,0,1,0,0,0,0,0,0,0.0912,1
corner,straight,central,Hybrid,9,4,3,2,0,0,0,1,0,0,0,1,0,0.0833,0
throw_in,short,edge_box,Man-to-Man,8,3,1,1,1,0,1,1,0,1,1,0,1,0.1115,1
play_restart,long,near_post,Man-to-Man,6,3,7,2,0,0,1,1,0,1,1,1,1,0.1155,0
corner,inswinger,near_post,Deep Zonal,7,4,2,2,0,0,1,0,0,0,0,0,0,0.0931,1
goal_kick,inswinger,far_post,Man-to-Man,7,5,6,3,0,0,0,1,0,0,0,1,0,0.1005,1
play_restart,straight,central,Hybrid,10,7,1,3,0,1,0,1,0,0,0,1,0,0.1078,1
corner,outswinger,near_post,Man-to-Man,4,1,8,0,1,0,0,1,0,0,1,1,0,0.1521,0
corner,straight,central,High Zonal,8,5,2,0,0,0,0,0,0,0,0,0,0,0.0876,1
throw_in,inswinger,six_yard,Man-to-Man,7,1,7,0,1,1,1,0,0,0,0,1,1,0.171,1
throw_in,short,near_post,High Zonal,5,1,9,1,1,1,0,1,0,0,0,0,0,0.074,1
corner,long,penalty_spot,Deep Zonal,6,3,1,1,0,1,1,1,0,0,0,0,0,0.1044,1
goal_kick,driven,penalty_spot,High Zonal,7,6,1,2,1,0,0,1,1,0,1,0,1,0.1438,1
free_kick_central,long,penalty_spot,High Zonal,3,3,9,3,0,0,0,0,1,0,0,0,0,0.1858,1
kick_off,straight,far_post,Hybrid,7,3,5,2,0,0,0,0,0,1,0,0,0,0.0318,1
kick_off,lofted,near_post,Man-to-Man,4,7,6,2,0,1,0,0,0,0,0,0,0,0.1129,1
goal_kick,long,near_post,Deep Zonal,6,2,3,4,1,0,0,1,0,1,0,0,0,0.0861,1
free_kick_central,short,far_post,Deep Zonal,5,6,5,3,0,1,0,1,0,0,0,0,0,0.1806,1
corner,outswinger,wide_channel,Man-to-Man,9,6,9,3,0,1,0,0,0,0,1,0,0,0.0833,1
free_kick_central,short,far_post,Man-to-Man,11,5,9,3,1,0,0,1,1,0,0,1,1,0.143,1
corner,short,far_post,High Zonal,3,7,9,0,1,0,0,1,0,0,0,0,1,0.1959,1
throw_in,long,wide_channel,Deep Zonal,5,7,3,3,1,0,0,1,0,0,0,0,0,0.0653,1
corner,driven,edge_box,Hybrid,4,1,8,2,0,0,0,1,0,1,0,0,1,0.1316,1
free_kick_central,lofted,edge_box,Man-to-Man,7,2,5,3,1,0,0,1,1,1,1,0,1,0.1656,1
corner,lofted,far_post,Hybrid,6,3,4,3,1,0,0,1,1,0,0,0,0,0.1238,0
corner,short,six_yard,Man-to-Man,7,5,4,0,0,0,0,0,0,0,1,0,0,0.0941,1
corner,lofted,penalty_spot,Deep Zonal,3,2,10,3,0,0,0,0,0,0,0,0,0,0.1381,1
throw_in,lofted,edge_box,Man-to-Man,10,5,2,4,0,1,1,0,0,1,1,0,0,0.081,0
goal_kick,inswinger,edge_box,High Zonal,11,7,9,2,1,0,0,0,0,1,0,0,0,0.113,1
corner,short,far_post,Man-to-Man,11,1,10,3,0,0,0,0,0,1,0,0,0,0.1131,1
goal_kick,inswinger,wide_channel,Man-to-Man,7,7,7,0,0,0,0,1,0,1,1,0,0,0.0858,1
kick_off,outswinger,wide_channel,Deep Zonal,9,4,1,3,0,0,0,1,1,0,1,0,0,0.0295,1
free_kick_wide,outswinger,penalty_spot,Deep Zonal,3,7,7,4,1,0,0,0,1,0,0,0,0,0.1842,1
throw_in,straight,central,High Zonal,8,5,2,1,0,0,0,0,1,0,0,0,0,0.1007,0
free_kick_wide,inswinger,edge_box,High Zonal,8,1,4,2,1,0,0,1,0,0,0,0,0,0.1038,1
corner,outswinger,central,High Zonal,9,7,1,2,0,1,0,1,1,1,0,0,0,0.1755,0
free_kick_central,inswinger,penalty_spot,Man-to-Man,10,1,8,0,1,0,0,1,0,1,0,0,0,0.1781,0
corner,long,near_post,High Zonal,3,2,5,0,0,0,0,1,0,0,0,0,0,0.0754,1
kick_off,driven,six_yard,Man-to-Man,6,4,10,0,0,0,1,0,1,0,0,1,0,0.1419,1
play_restart,lofted,wide_channel,High Zonal,7,7,7,0,1,1,0,0,1,1,0,0,0,0.118,0
goal_kick,straight,near_post,Hybrid,7,2,4,3,0,0,1,1,1,0,0,1,0,0.109,1
penalty,outswinger,edge_box,Man-to-Man,7,4,8,3,0,0,0,1,1,0,0,0,0,0.7735,1
penalty,driven,six_yard,Deep Zonal,9,1,3,3,0,0,1,1,0,1,1,1,0,0.7758,1
play_restart,inswinger,near_post,Man-to-Man,8,3,3,0,1,0,0,1,0,0,0,1,0,0.103,0
corner,lofted,central,High Zonal,5,2,3,1,0,0,1,0,0,0,1,1,1,0.1507,1
corner,long,far_post,Man-to-Man,8,3,8,4,0,0,0,0,0,1,0,1,0,0.1111,1
penalty,short,six_yard,Man-to-Man,8,5,10,2,0,0,0,1,1,1,0,0,0,0.7798,0
free_kick_wide,inswinger,far_post,Deep Zonal,4,6,9,0,1,0,0,0,0,1,1,0,0,0.1315,1
free_kick_wide,inswinger,near_post,Man-to-Man,8,5,6,4,1,0,0,1,0,0,1,1,1,0.0958,1
corner,short,central,Hybrid,7,1,1,2,1,1,0,1,1,1,1,0,1,0.1516,1
throw_in,straight,far_post,Deep Zonal,10,6,10,2,1,0,0,0,1,1,0,0,0,0.1347,1
corner,driven,near_post,Deep Zonal,6,5,4,2,0,0,0,1,1,0,0,0,0,0.1253,0
corner,short,penalty_spot,Deep Zonal,11,1,7,1,0,0,1,0,0,0,1,0,0,0.092,0
corner,straight,near_post,Man-to-Man,7,7,5,3,0,0,1,1,0,1,0,0,0,0.1658,1
free_kick_wide,outswinger,edge_box,High Zonal,11,6,3,1,1,0,0,0,1,0,0,0,0,0.0774,0
kick_off,straight,edge_box,Hybrid,3,5,4,1,0,0,1,1,1,0,1,0,0,0.0964,1
free_kick_wide,inswinger,six_yard,Deep Zonal,4,4,6,0,0,1,1,1,0,0,0,0,0,0.1718,1
throw_in,long,near_post,Hybrid,4,6,5,0,0,1,0,0,1,0,0,1,0,0.136,1
goal_kick,short,penalty_spot,Hybrid,10,3,2,4,1,0,1,1,0,0,0,0,0,0.0763,1
free_kick_wide,driven,edge_box,High Zonal,7,6,4,1,0,0,1,0,0,0,0,0,0,0.1433,1
goal_kick,straight,far_post,High Zonal,9,5,5,0,0,1,0,1,0,0,0,1,0,0.12,1
throw_in,outswinger,near_post,High Zonal,3,5,7,2,1,0,0,0,0,0,0,0,0,0.0914,1
penalty,driven,near_post,Man-to-Man,6,6,5,0,0,0,0,1,0,1,1,0,0,0.7613,1
corner,long,penalty_spot,Deep Zonal,6,2,2,2,0,1,0,1,0,0,1,0,0,0.1226,1
corner,long,far_post,High Zonal,11,1,6,0,0,0,0,1,0,0,0,1,0,0.0765,1
play_restart,short,wide_channel,Man-to-Man,3,4,9,1,0,0,1,0,0,1,1,1,0,0.1177,1
goal_kick,driven,six_yard,Deep Zonal,10,6,4,0,0,0,0,0,1,1,1,0,1,0.1205,0
play_restart,outswinger,edge_box,Hybrid,6,2,7,4,0,0,0,1,1,0,1,0,0,0.0542,1
kick_off,straight,wide_channel,Hybrid,9,4,5,2,1,0,1,1,0,0,0,0,0,0.0779,1
corner,driven,edge_box,Hybrid,5,7,3,0,1,0,0,1,0,0,0,0,1,0.1197,0
goal_kick,inswinger,near_post,Man-to-Man,3,5,9,4,0,0,0,1,1,0,1,0,1,0.1937,1
free_kick_central,driven,near_post,Man-to-Man,9,1,10,4,0,0,0,1,1,0,0,1,0,0.1182,1
goal_kick,straight,six_yard,High Zonal,4,7,2,0,0,0,0,1,0,0,1,1,0,0.1156,1
corner,inswinger,central,Hybrid,4,7,7,0,0,0,1,0,0,0,0,0,0,0.1506,1
corner,inswinger,wide_channel,Deep Zonal,11,5,10,0,0,0,0,0,1,0,1,0,0,0.0851,1
goal_kick,driven,near_post,High Zonal,5,5,6,1,0,1,0,0,0,1,1,1,0,0.1213,1
goal_kick,driven,central,High Zonal,11,5,6,2,0,0,0,1,1,0,0,0,0,0.0955,1
throw_in,outswinger,edge_box,Deep Zonal,6,5,10,3,0,0,0,1,0,0,1,0,0,0.0507,1
free_kick_wide,inswinger,six_yard,Deep Zonal,5,3,7,4,0,0,0,0,0,1,1,0,1,0.1393,0
free_kick_wide,outswinger,six_yard,High Zonal,7,5,9,4,0,0,1,0,1,0,1,0,0,0.1864,1
play_restart,outswinger,near_post,Hybrid,5,4,2,4,0,1,0,1,1,0,0,0,0,0.1174,1
free_kick_wide,long,far_post,Deep Zonal,11,6,6,0,0,0,1,0,1,0,0,0,0,0.0903,1
free_kick_central,outswinger,penalty_spot,Deep Zonal,8,6,2,4,0,0,1,1,1,0,1,0,0,0.1533,1
penalty,outswinger,wide_channel,Man-to-Man,9,5,3,3,0,0,1,1,1,1,0,0,0,0.8068,0
free_kick_wide,inswinger,central,Deep Zonal,3,7,8,0,0,0,0,1,0,0,1,0,0,0.1468,1
penalty,short,penalty_spot,Hybrid,5,4,9,4,0,0,0,1,0,0,0,0,0,0.7575,1
free_kick_wide,long,near_post,Man-to-Man,8,6,10,3,1,0,0,1,1,1,0,0,0,0.1795,1
goal_kick,long,edge_box,Man-to-Man,7,3,8,3,0,0,1,1,0,0,0,0,1,0.0958,1
kick_off,short,near_post,Hybrid,11,6,6,3,1,1,0,0,0,0,0,1,0,0.0688,1
play_restart,lofted,wide_channel,High Zonal,9,2,5,3,1,1,1,0,1,0,1,0,0,0.064,1
penalty,straight,near_post,High Zonal,5,5,2,0,0,0,0,0,0,0,0,0,0,0.7925,1
free_kick_central,driven,edge_box,Man-to-Man,7,1,8,2,0,0,1,1,1,0,1,0,0,0.1447,1
throw_in,short,edge_box,Man-to-Man,9,6,8,3,0,0,1,0,0,0,0,1,0,0.0648,1
goal_kick,inswinger,central,High Zonal,6,3,2,4,0,0,0,1,0,0,1,1,1,0.1106,1
penalty,driven,central,High Zonal,7,2,10,3,0,0,1,0,0,0,1,1,1,0.7851,1
throw_in,short,penalty_spot,Hybrid,10,3,4,1,0,1,0,1,1,1,1,0,0,0.1407,1
goal_kick,long,penalty_spot,High Zonal,5,3,7,3,0,0,0,0,0,1,0,0,0,0.1002,1
throw_in,inswinger,edge_box,Deep Zonal,3,1,2,1,0,0,0,1,1,0,0,0,0,0.0445,0
goal_kick,straight,penalty_spot,High Zonal,6,4,2,1,0,0,0,0,0,0,0,0,0,0.086,0
corner,driven,near_post,Deep Zonal,4,1,7,3,1,0,0,1,0,0,0,0,0,0.1145,0
free_kick_central,outswinger,wide_channel,Man-to-Man,7,4,5,1,0,0,0,1,1,0,0,0,0,0.1171,1
throw_in,inswinger,near_post,Man-to-Man,10,3,1,1,0,1,0,1,0,0,0,1,0,0.0825,0
corner,outswinger,penalty_spot,High Zonal,9,5,10,2,1,0,1,1,1,0,1,0,0,0.2015,1
goal_kick,straight,wide_channel,High Zonal,9,2,9,0,1,0,0,1,0,1,0,0,0,0.096,0
throw_in,driven,wide_channel,Hybrid,7,7,2,0,0,0,0,1,1,0,0,1,1,0.062,1
corner,short,near_post,Deep Zonal,10,1,7,2,0,0,0,1,0,0,1,0,0,0.0523,0
goal_kick,lofted,central,Deep Zonal,11,6,2,0,0,0,0,0,1,0,0,0,0,0.0743,0
throw_in,straight,penalty_spot,Hybrid,9,3,8,3,1,0,1,1,0,0,0,0,0,0.1511,0
goal_kick,straight,central,Hybrid,4,6,8,3,0,0,1,1,0,0,0,1,0,0.1656,1
free_kick_wide,outswinger,edge_box,Deep Zonal,5,5,8,4,0,0,0,0,1,0,0,0,0,0.0809,1
goal_kick,outswinger,far_post,High Zonal,11,6,6,0,1,0,0,1,0,1,1,1,0,0.0947,0
free_kick_wide,long,central,Deep Zonal,3,4,1,3,0,0,0,0,0,1,0,0,0,0.1189,0
penalty,inswinger,far_post,Deep Zonal,7,6,3,0,0,1,1,1,0,1,0,1,0,0.7864,1
corner,outswinger,edge_box,Man-to-Man,8,5,10,3,0,0,1,0,1,0,0,1,0,0.138,1
throw_in,driven,edge_box,Man-to-Man,6,5,7,0,1,0,0,0,1,0,1,0,0,0.0815,1
throw_in,short,central,Deep Zonal,9,5,4,3,1,0,1,1,0,1,0,0,1,0.0927,1
penalty,inswinger,near_post,Deep Zonal,3,2,10,0,0,0,1,0,1,1,0,1,0,0.7425,1
free_kick_central,long,central,Man-to-Man,4,6,5,0,1,0,1,1,0,0,1,0,0,0.191,1
goal_kick,short,penalty_spot,Man-to-Man,5,6,9,1,1,0,1,1,0,0,1,0,0,0.1064,1
throw_in,driven,edge_box,Man-to-Man,4,6,9,1,0,1,1,1,0,0,0,0,0,0.1673,1
corner,long,six_yard,Hybrid,6,2,1,3,0,0,0,1,0,0,0,0,0,0.1031,1
play_restart,inswinger,wide_channel,Man-to-Man,7,3,10,0,1,1,0,1,0,1,0,1,1,0.1458,0
throw_in,outswinger,far_post,Man-to-Man,11,6,9,3,0,0,0,0,1,0,0,0,0,0.075,1
play_restart,outswinger,six_yard,Deep Zonal,7,2,10,2,0,0,1,0,1,0,0,0,0,0.0776,1
play_restart,long,central,Hybrid,9,1,7,0,0,0,0,0,0,0,0,1,0,0.0827,1
kick_off,short,penalty_spot,High Zonal,3,3,7,4,1,0,0,1,1,0,0,1,0,0.1262,1
goal_kick,long,penalty_spot,High Zonal,3,4,3,2,0,0,1,0,0,0,0,0,0,0.1098,0
throw_in,short,edge_box,Man-to-Man,6,7,2,4,0,0,0,1,1,1,0,0,0,0.1059,1
corner,outswinger,edge_box,Man-to-Man,5,3,1,0,1,1,0,1,1,0,0,0,0,0.0968,1
penalty,inswinger,central,Deep Zonal,11,2,2,2,0,0,1,1,0,0,0,0,0,0.7842,1
goal_kick,outswinger,six_yard,Man-to-Man,7,5,10,0,1,0,0,0,1,0,0,1,0,0.1563,0
free_kick_central,straight,six_yard,High Zonal,7,7,3,2,0,1,0,0,1,0,1,0,0,0.2553,1
kick_off,short,wide_channel,Man-to-Man,10,6,1,3,0,0,0,0,0,0,0,0,1,0.0096,1
corner,lofted,far_post,Deep Zonal,10,5,7,4,1,0,0,0,1,1,0,1,0,0.0729,1
free_kick_wide,outswinger,wide_channel,Man-to-Man,9,1,2,4,0,1,0,0,0,0,0,0,0,0.0544,1
free_kick_central,long,edge_box,Deep Zonal,6,5,6,1,0,0,0,1,1,0,1,0,0,0.0897,1
free_kick_wide,inswinger,edge_box,Man-to-Man,4,1,7,1,0,0,0,1,0,1,0,0,1,0.1627,1
corner,long,far_post,High Zonal,3,6,6,3,1,0,0,0,0,1,0,0,1,0.181,1
corner,inswinger,six_yard,Hybrid,3,7,8,3,0,0,1,0,0,0,0,0,1,0.1805,1
goal_kick,long,edge_box,Deep Zonal,10,5,1,1,0,0,0,1,1,0,0,0,0,0.0387,1
free_kick_central,inswinger,penalty_spot,High Zonal,4,2,3,1,1,0,0,0,1,1,0,1,0,0.2066,0
corner,inswinger,wide_channel,Hybrid,6,3,5,0,0,1,1,1,0,0,1,0,0,0.1106,1
corner,short,central,High Zonal,7,6,8,3,0,0,0,0,0,0,0,0,0,0.0975,1
free_kick_central,straight,penalty_spot,Man-to-Man,8,6,6,0,0,1,0,1,1,1,0,0,0,0.2315,1
corner,straight,central,High Zonal,3,6,8,2,0,1,0,1,0,1,0,0,0,0.1947,0
throw_in,outswinger,far_post,Hybrid,7,1,8,1,0,0,1,1,0,0,0,0,0,0.135,0
goal_kick,lofted,central,High Zonal,5,6,9,2,0,0,0,0,0,0,0,0,0,0.119,1
corner,outswinger,central,Deep Zonal,6,7,7,4,0,0,0,1,1,0,1,0,0,0.1575,1
throw_in,short,central,Man-to-Man,10,1,8,4,1,1,0,1,0,1,1,0,1,0.1402,1
corner,driven,near_post,Hybrid,7,4,7,4,0,0,0,1,0,1,0,1,1,0.1263,0
free_kick_wide,long,near_post,Deep Zonal,6,6,1,3,1,0,1,0,0,1,0,1,1,0.1313,1
kick_off,outswinger,edge_box,Deep Zonal,3,4,3,2,0,0,0,1,0,0,0,0,1,0.0595,1
penalty,short,central,Deep Zonal,11,7,9,4,0,0,0,1,1,1,1,0,0,0.7799,1
kick_off,inswinger,near_post,Hybrid,8,5,1,2,1,0,0,1,0,0,0,0,1,0.1054,1
corner,short,near_post,Hybrid,9,3,6,1,1,0,0,1,0,0,0,0,0,0.0804,0
free_kick_wide,straight,central,High Zonal,6,5,8,4,0,0,1,0,0,1,1,1,0,0.1828,1
free_kick_central,long,near_post,Hybrid,5,5,5,4,0,0,0,0,1,1,0,0,0,0.1501,1
free_kick_central,driven,wide_channel,Hybrid,5,6,2,2,1,0,0,1,0,1,0,0,1,0.1557,1
play_restart,inswinger,penalty_spot,Man-to-Man,3,2,1,4,0,0,0,0,0,0,0,0,0,0.1156,1
corner,inswinger,far_post,Deep Zonal,10,7,7,2,0,0,0,1,1,1,0,0,0,0.1507,0
goal_kick,straight,penalty_spot,Deep Zonal,7,7,6,2,0,0,1,1,1,0,0,1,0,0.1618,1
kick_off,short,near_post,Hybrid,6,2,7,2,0,0,0,1,0,1,0,0,0,0.0712,1
penalty,straight,edge_box,Deep Zonal,9,2,2,2,0,0,0,0,1,0,0,1,0,0.7554,0
free_kick_wide,short,wide_channel,Deep Zonal,4,3,5,4,0,0,0,0,1,0,0,0,1,0.0775,1
free_kick_central,short,near_post,Deep Zonal,7,3,6,4,0,0,0,1,0,0,0,0,0,0.1126,0
corner,lofted,near_post,High Zonal,6,2,9,3,1,0,1,0,1,0,0,1,0,0.1905,1
goal_kick,straight,penalty_spot,Deep Zonal,11,2,2,2,1,1,0,1,0,1,1,0,0,0.0905,1
free_kick_central,inswinger,near_post,High Zonal,10,5,7,0,0,1,0,0,0,0,0,0,0,0.173,0
play_restart,outswinger,near_post,High Zonal,9,7,7,1,0,1,0,0,0,0,0,0,0,0.1191,1
throw_in,short,edge_box,Deep Zonal,5,1,6,0,0,0,1,0,0,0,0,1,1,0.0557,1
free_kick_central,outswinger,penalty_spot,Hybrid,7,4,1,0,1,0,0,0,1,0,1,0,1,0.1743,1
throw_in,outswinger,central,Hybrid,11,2,2,3,0,1,0,1,1,1,0,0,0,0.1084,1
free_kick_central,outswinger,six_yard,Deep Zonal,3,2,7,1,1,0,0,1,1,0,0,0,0,0.1947,1
kick_off,long,near_post,Hybrid,8,5,7,0,0,0,0,1,0,0,0,0,0,0.0801,1
corner,lofted,central,High Zonal,6,1,7,1,1,0,0,1,0,0,0,1,0,0.1479,1
play_restart,straight,edge_box,Man-to-Man,9,1,8,0,0,0,1,1,1,0,0,1,0,0.0999,1
goal_kick,inswinger,penalty_spot,Man-to-Man,7,7,4,0,0,0,1,1,1,0,0,1,0,0.181,1
kick_off,straight,penalty_spot,Deep Zonal,9,4,3,2,0,0,1,1,0,0,0,1,0,0.1082,0
free_kick_central,straight,edge_box,Deep Zonal,5,1,10,3,1,1,0,0,1,0,1,0,1,0.1747,1
goal_kick,lofted,penalty_spot,Man-to-Man,10,7,7,3,0,0,0,0,0,1,1,0,0,0.1552,1
free_kick_wide,straight,six_yard,Deep Zonal,10,5,6,1,1,1,0,1,0,0,0,0,1,0.1483,0
goal_kick,long,penalty_spot,Man-to-Man,8,6,6,3,0,0,0,0,1,1,0,0,0,0.1072,1
corner,lofted,far_post,High Zonal,6,5,8,0,1,0,0,0,1,0,1,1,0,0.1455,1
free_kick_wide,short,edge_box,Man-to-Man,4,4,4,0,0,1,0,1,0,1,0,1,0,0.1207,1
free_kick_central,outswinger,central,High Zonal,4,6,5,1,0,1,0,0,1,0,0,0,0,0.2272,1
free_kick_wide,short,edge_box,Deep Zonal,6,3,1,3,0,0,0,0,0,1,0,0,1,0.005,1
free_kick_wide,straight,central,Man-to-Man,10,5,8,0,0,0,0,1,1,0,0,1,0,0.1441,1
goal_kick,straight,far_post,Hybrid,11,7,6,0,0,0,1,1,1,0,0,1,0,0.0565,1
corner,lofted,edge_box,Deep Zonal,8,6,9,2,0,0,0,1,0,0,0,0,0,0.0978,1
goal_kick,outswinger,penalty_spot,High Zonal,11,4,3,2,0,0,0,1,0,1,1,0,1,0.0777,0
corner,straight,near_post,High Zonal,4,1,5,2,0,0,0,0,1,1,0,0,0,0.1155,0
goal_kick,inswinger,far_post,Man-to-Man,9,1,1,2,0,0,0,0,1,1,1,0,0,0.091,1
goal_kick,inswinger,six_yard,Hybrid,7,4,10,4,1,0,0,0,1,1,0,0,0,0.1495,1
free_kick_wide,short,wide_channel,Hybrid,4,5,4,0,0,1,0,1,0,1,0,1,1,0.1456,1
throw_in,long,far_post,Hybrid,9,1,2,3,1,0,0,1,0,1,1,0,0,0.0817,1
kick_off,short,near_post,Deep Zonal,11,3,7,3,0,1,1,1,0,0,1,0,0,0.082,1
goal_kick,outswinger,central,Deep Zonal,7,3,9,3,0,1,0,1,0,0,0,1,0,0.0858,1
free_kick_wide,inswinger,far_post,Hybrid,5,4,2,0,1,0,0,0,1,0,0,1,0,0.1562,0
free_kick_central,straight,near_post,Hybrid,5,4,6,1,1,1,0,1,0,1,0,0,0,0.1787,1
goal_kick,short,six_yard,Deep Zonal,8,2,5,4,0,1,0,0,1,0,0,0,1,0.1022,0
corner,driven,penalty_spot,Deep Zonal,9,5,2,3,0,0,0,1,0,1,1,1,0,0.1277,1
goal_kick,short,far_post,High Zonal,4,4,3,4,1,0,1,1,0,1,0,1,0,0.0922,1
free_kick_wide,driven,far_post,High Zonal,9,7,7,3,1,0,1,1,1,0,1,0,0,0.1434,1
goal_kick,driven,near_post,Man-to-Man,9,3,10,0,1,0,0,1,0,0,1,1,0,0.1619,1
corner,straight,far_post,Man-to-Man,3,7,2,4,0,1,1,1,0,0,0,0,0,0.134,1
corner,short,far_post,Man-to-Man,6,7,7,4,0,0,0,0,0,0,0,0,0,0.1101,1
play_restart,long,central,Deep Zonal,5,3,9,3,0,0,0,0,1,1,0,0,0,0.1546,1
kick_off,lofted,edge_box,High Zonal,10,3,8,0,0,1,1,0,0,0,0,1,0,0.0711,0
kick_off,straight,far_post,Deep Zonal,8,5,9,4,0,1,1,0,0,0,0,0,0,0.1193,1
play_restart,short,penalty_spot,Hybrid,7,4,10,4,0,0,0,0,0,0,0,1,0,0.1244,1
free_kick_wide,straight,six_yard,Hybrid,5,5,7,4,1,0,0,1,0,1,1,1,1,0.216,1
corner,long,central,High Zonal,7,2,1,1,0,0,0,0,0,1,1,0,0,0.1315,1
corner,lofted,far_post,Deep Zonal,11,7,3,4,0,0,1,1,0,0,0,0,0,0.0834,1
free_kick_central,lofted,six_yard,Man-to-Man,11,5,5,0,0,1,0,0,0,0,0,1,0,0.1234,0
corner,inswinger,central,High Zonal,4,1,10,2,1,0,0,0,0,1,1,1,0,0.1343,1
play_restart,outswinger,far_post,Deep Zonal,7,2,3,3,1,1,0,0,0,1,1,1,1,0.1007,1
corner,long,six_yard,High Zonal,9,5,9,1,0,0,0,1,0,1,0,0,0,0.1335,0
corner,short,penalty_spot,Deep Zonal,5,3,7,4,0,0,1,1,0,1,0,0,0,0.1348,1
corner,lofted,wide_channel,Hybrid,11,3,8,2,1,0,0,0,0,0,0,0,0,0.0857,1
corner,outswinger,far_post,Hybrid,7,5,2,0,0,0,1,0,1,0,0,0,0,0.0689,0
corner,driven,far_post,High Zonal,6,3,4,4,0,1,0,0,1,0,0,0,0,0.1163,1
throw_in,long,near_post,Man-to-Man,11,7,5,0,1,0,1,1,1,0,0,0,0,0.0846,0
free_kick_wide,inswinger,central,Hybrid,8,5,5,4,0,1,0,1,0,0,1,0,1,0.1241,1
throw_in,inswinger,penalty_spot,Hybrid,3,3,9,4,0,0,0,1,0,0,0,0,0,0.1648,1
kick_off,long,central,High Zonal,3,2,4,4,0,1,0,1,1,1,1,0,0,0.1447,1
throw_in,inswinger,far_post,Deep Zonal,11,3,9,1,0,1,0,1,0,0,1,1,1,0.0653,0
throw_in,driven,central,Hybrid,8,1,9,2,1,1,0,1,1,1,0,1,0,0.1769,0
free_kick_wide,short,near_post,Hybrid,10,1,7,3,0,0,0,0,0,1,1,0,0,0.0167,1
corner,straight,far_post,Deep Zonal,11,6,4,4,0,0,1,1,1,0,0,1,0,0.0836,1
free_kick_wide,outswinger,penalty_spot,Deep Zonal,9,6,1,1,0,0,0,1,1,0,0,0,0,0.1468,0
play_restart,lofted,central,High Zonal,11,1,3,2,0,0,0,1,1,0,0,0,0,0.051,1
throw_in,long,edge_box,Hybrid,11,4,7,1,0,0,0,0,0,1,0,1,0,0.0619,0
corner,driven,near_post,High Zonal,6,3,3,3,1,0,0,1,1,0,1,1,1,0.1544,1
free_kick_central,long,near_post,Deep Zonal,8,5,10,3,1,0,1,1,0,0,1,0,0,0.1492,1
goal_kick,short,wide_channel,High Zonal,10,5,5,2,0,0,0,1,0,0,1,1,0,0.0267,1
throw_in,lofted,wide_channel,Hybrid,11,6,3,4,0,1,1,1,0,0,1,1,0,0.0542,1
penalty,short,far_post,High Zonal,10,5,7,1,0,0,0,0,1,1,0,0,0,0.7357,1
kick_off,short,far_post,Man-to-Man,10,2,2,3,0,0,0,1,1,0,1,0,1,0.0339,1
throw_in,outswinger,six_yard,High Zonal,5,5,9,2,0,0,1,0,0,0,0,0,0,0.1291,1
throw_in,outswinger,penalty_spot,Deep Zonal,6,6,6,0,0,1,0,1,0,0,0,0,1,0.126,0
corner,long,near_post,Man-to-Man,10,7,10,1,1,0,0,1,1,0,0,0,1,0.2141,1
corner,outswinger,near_post,Man-to-Man,4,5,9,4,1,0,0,1,1,0,1,0,0,0.2061,1
play_restart,long,near_post,Man-to-Man,4,3,1,2,0,0,0,1,1,0,0,0,0,0.1,1
throw_in,lofted,edge_box,Deep Zonal,10,4,9,3,1,0,0,1,1,0,1,0,0,0.0876,1
free_kick_wide,straight,penalty_spot,Deep Zonal,11,1,1,3,1,0,0,0,0,0,0,0,0,0.1076,0
throw_in,inswinger,central,Hybrid,6,5,8,2,0,0,1,1,0,1,0,1,1,0.1499,1
corner,long,near_post,Man-to-Man,10,1,4,1,1,0,0,1,0,0,1,0,0,0.07,0
goal_kick,inswinger,near_post,Man-to-Man,6,2,4,3,0,1,1,1,1,0,1,0,0,0.1503,0
corner,driven,edge_box,Hybrid,7,4,9,3,0,1,1,0,0,0,1,1,1,0.18,1
goal_kick,short,six_yard,High Zonal,11,4,3,1,1,0,0,0,1,1,1,0,1,0.0858,0
free_kick_central,straight,penalty_spot,Hybrid,6,3,10,0,0,0,0,1,0,0,0,0,0,0.1835,0
corner,short,edge_box,Hybrid,10,5,1,1,1,0,0,0,1,0,0,0,1,0.0837,0
corner,short,central,Deep Zonal,11,7,2,0,1,0,0,0,0,0,0,1,0,0.0948,1
goal_kick,outswinger,penalty_spot,High Zonal,9,7,4,3,0,0,1,0,1,0,0,1,0,0.1383,1
corner,outswinger,far_post,Deep Zonal,3,4,3,1,0,0,1,1,0,1,1,0,0,0.1151,0
corner,straight,near_post,Deep Zonal,11,4,9,1,0,0,0,0,0,0,1,0,0,0.023,0
goal_kick,driven,far_post,Hybrid,7,4,10,1,0,0,1,1,1,0,0,0,0,0.1138,1
free_kick_wide,inswinger,six_yard,Deep Zonal,5,7,5,4,0,0,0,1,0,0,1,0,1,0.1738,0
free_kick_wide,outswinger,near_post,Hybrid,7,7,6,4,1,0,0,1,1,1,1,0,1,0.1785,1
corner,inswinger,far_post,High Zonal,6,1,4,4,1,0,1,1,1,0,0,0,0,0.1257,1
goal_kick,straight,six_yard,Hybrid,6,6,5,3,0,0,0,0,0,0,1,0,0,0.1175,1
corner,inswinger,edge_box,Hybrid,9,1,4,0,0,0,0,1,0,0,1,1,0,0.0724,0
corner,long,far_post,Man-to-Man,4,5,3,3,0,0,0,1,1,1,0,1,1,0.1557,1
free_kick_wide,inswinger,near_post,High Zonal,8,3,7,2,0,0,0,1,0,1,0,1,1,0.1296,1
corner,long,six_yard,Man-to-Man,5,4,2,3,0,0,0,0,0,0,0,1,0,0.1167,0
free_kick_wide,outswinger,near_post,Hybrid,10,6,3,3,0,0,0,0,1,0,1,0,0,0.1005,1
corner,straight,central,Hybrid,11,2,2,3,0,0,1,1,0,0,1,0,0,0.0906,1
corner,inswinger,near_post,Deep Zonal,7,1,5,3,0,0,0,1,0,0,0,0,0,0.0777,0
free_kick_wide,long,far_post,Deep Zonal,10,4,7,4,0,0,1,1,0,1,0,0,0,0.0913,0
kick_off,lofted,penalty_spot,Deep Zonal,5,6,6,4,0,0,0,1,1,1,1,0,0,0.0863,1
corner,outswinger,six_yard,High Zonal,10,1,8,2,1,1,1,1,0,0,0,0,0,0.1389,1
corner,lofted,far_post,Man-to-Man,7,3,6,0,1,0,1,0,0,0,1,0,0,0.1194,1
kick_off,outswinger,wide_channel,Hybrid,7,4,4,0,0,1,1,0,0,1,0,0,0,0.0709,1
kick_off,short,penalty_spot,Deep Zonal,3,2,10,0,1,0,1,1,1,0,0,1,0,0.1578,1
throw_in,long,penalty_spot,Hybrid,8,6,7,4,1,0,0,1,0,0,0,1,1,0.1713,1
corner,inswinger,near_post,High Zonal,10,5,1,2,1,0,0,1,1,0,1,0,1,0.1136,1
free_kick_wide,straight,central,High Zonal,7,4,2,2,1,0,0,1,0,1,0,0,0,0.1157,0
corner,inswinger,penalty_spot,Hybrid,4,1,7,1,1,0,0,0,0,1,0,0,0,0.1901,1
corner,long,edge_box,High Zonal,9,1,1,4,1,1,0,0,1,0,0,0,1,0.1008,1
free_kick_wide,straight,central,Deep Zonal,8,2,2,1,0,1,0,1,0,0,1,0,0,0.0947,0
penalty,driven,far_post,Hybrid,10,1,1,4,0,1,1,1,0,0,0,0,0,0.7608,0
free_kick_wide,outswinger,central,Deep Zonal,11,4,9,3,1,0,0,1,1,0,0,0,0,0.1881,1
throw_in,lofted,far_post,Deep Zonal,5,7,2,1,0,0,0,0,0,0,0,0,1,0.0672,1
corner,inswinger,central,High Zonal,5,6,3,3,0,0,0,1,1,0,1,0,1,0.1714,1
free_kick_wide,short,near_post,Man-to-Man,11,2,10,4,0,0,1,1,1,0,0,0,0,0.1017,1
goal_kick,outswinger,central,Deep Zonal,4,2,2,0,0,0,1,1,0,0,1,0,0,0.0652,1
kick_off,inswinger,six_yard,High Zonal,11,4,3,0,1,0,0,1,0,0,0,0,0,0.1224,1
free_kick_wide,inswinger,six_yard,Deep Zonal,4,6,9,0,0,0,0,0,0,1,0,0,1,0.1647,1
penalty,long,near_post,High Zonal,6,6,2,3,0,1,1,1,1,1,0,1,1,0.7962,1
corner,outswinger,near_post,Hybrid,4,4,3,2,1,0,0,1,0,0,1,0,0,0.1219,1
corner,short,far_post,Man-to-Man,11,2,8,3,0,0,1,0,0,0,1,0,0,0.0812,1
throw_in,lofted,central,Hybrid,7,4,1,2,1,0,0,1,1,0,1,0,0,0.1307,1
corner,outswinger,six_yard,Hybrid,10,6,4,4,0,0,0,1,0,1,0,0,1,0.1325,1
free_kick_wide,inswinger,far_post,Hybrid,3,7,3,2,0,0,0,1,0,0,0,0,0,0.143,0
free_kick_central,inswinger,six_yard,Man-to-Man,3,1,3,2,0,0,0,0,1,0,0,1,1,0.1734,1
corner,inswinger,near_post,High Zonal,7,6,4,2,1,0,0,0,0,1,0,0,0,0.1146,0
corner,straight,wide_channel,High Zonal,3,6,3,1,1,0,0,0,0,0,0,0,0,0.0828,1
free_kick_wide,long,edge_box,High Zonal,7,2,8,4,0,1,0,1,0,1,0,1,1,0.1224,1
play_restart,outswinger,edge_box,High Zonal,9,1,2,0,1,0,0,1,0,1,0,0,1,0.1032,0
throw_in,inswinger,wide_channel,Hybrid,7,3,4,0,0,0,1,1,1,1,1,0,1,0.0849,1
free_kick_wide,short,far_post,High Zonal,10,2,1,2,0,0,0,0,0,0,0,0,0,0.0329,1
corner,outswinger,near_post,High Zonal,3,1,2,3,0,0,1,0,0,0,1,0,1,0.1239,1
throw_in,short,far_post,Hybrid,5,2,7,2,1,0,0,0,0,0,0,0,0,0.0886,0
corner,lofted,six_yard,Deep Zonal,4,2,5,3,0,0,0,0,0,0,0,0,0,0.0861,1
penalty,outswinger,six_yard,Deep Zonal,7,7,5,1,0,0,0,1,0,1,1,0,0,0.7524,1
goal_kick,short,far_post,Deep Zonal,6,1,3,1,0,0,0,1,0,0,0,0,1,0.005,0
free_kick_wide,driven,edge_box,Hybrid,7,4,2,3,0,0,1,0,0,0,0,0,1,0.1028,1
corner,long,central,Deep Zonal,4,3,9,1,1,0,0,1,0,0,1,0,0,0.1579,1
corner,long,central,Hybrid,7,6,8,2,0,0,0,0,1,0,0,0,0,0.1503,1
corner,driven,penalty_spot,Hybrid,9,4,5,3,0,0,1,1,0,1,1,1,1,0.2017,1
free_kick_wide,short,far_post,Deep Zonal,3,5,1,0,0,0,1,0,0,0,0,0,0,0.0942,0
kick_off,short,near_post,Man-to-Man,10,3,9,1,1,0,0,1,1,0,0,1,1,0.1093,1
corner,long,edge_box,High Zonal,4,6,5,0,0,0,0,0,1,0,1,0,1,0.1215,1
penalty,long,penalty_spot,Hybrid,10,5,2,1,0,0,0,1,0,1,1,1,0,0.8186,1
throw_in,long,far_post,Hybrid,10,4,2,4,0,1,0,1,0,0,1,1,1,0.1197,1
corner,straight,central,High Zonal,7,3,10,0,1,1,0,0,0,0,0,1,0,0.2048,1
corner,driven,central,High Zonal,3,4,1,3,0,1,0,0,0,0,1,0,0,0.1314,1
free_kick_wide,outswinger,edge_box,High Zonal,6,2,4,0,1,1,0,0,0,0,0,0,0,0.0899,0
throw_in,inswinger,six_yard,Hybrid,8,5,6,2,0,0,0,1,0,0,0,0,0,0.1179,1
free_kick_wide,outswinger,near_post,High Zonal,6,3,3,0,1,0,1,1,1,1,1,1,0,0.1576,1
throw_in,outswinger,six_yard,Deep Zonal,8,3,2,2,0,0,1,1,0,0,1,0,0,0.0879,0
kick_off,long,edge_box,Deep Zonal,10,4,7,4,0,1,0,0,1,0,0,1,0,0.0661,1
goal_kick,outswinger,six_yard,Deep Zonal,11,7,1,0,1,0,0,0,1,0,0,0,1,0.0575,1
play_restart,long,penalty_spot,High Zonal,6,4,10,1,0,0,0,1,0,1,1,1,0,0.1463,1
goal_kick,short,central,Deep Zonal,11,7,5,1,0,1,0,0,1,0,1,1,0,0.0948,1
goal_kick,inswinger,edge_box,Hybrid,5,4,8,3,1,1,0,0,1,0,0,0,0,0.1021,1
goal_kick,outswinger,far_post,Deep Zonal,11,1,9,4,0,0,0,0,0,0,0,1,0,0.0627,1
throw_in,short,central,Hybrid,4,5,8,1,1,0,0,1,0,0,1,0,0,0.1198,1
goal_kick,long,far_post,Man-to-Man,7,7,5,0,0,0,0,1,1,0,1,0,0,0.0938,1
play_restart,straight,far_post,Hybrid,9,7,1,4,0,1,0,1,1,0,0,0,0,0.1264,1
free_kick_central,outswinger,far_post,Man-to-Man,3,2,1,0,0,0,0,1,0,0,0,0,0,0.0975,0
throw_in,outswinger,six_yard,Deep Zonal,6,2,4,4,1,0,1,0,0,1,1,1,1,0.1261,1
free_kick_central,inswinger,far_post,Deep Zonal,5,5,4,2,0,1,1,0,0,1,1,0,0,0.1437,1
goal_kick,inswinger,central,Deep Zonal,10,4,9,3,0,0,0,1,1,1,0,0,1,0.1295,1
free_kick_wide,lofted,wide_channel,Man-to-Man,7,6,5,4,1,1,0,1,1,0,0,0,1,0.1637,1
goal_kick,inswinger,central,Deep Zonal,3,4,10,3,0,1,0,0,0,0,0,0,0,0.1384,1
goal_kick,inswinger,near_post,Deep Zonal,3,2,3,1,0,1,0,0,0,0,1,0,1,0.07,0
play_restart,driven,six_yard,Deep Zonal,3,3,10,1,0,1,0,1,0,0,1,1,1,0.1487,1
corner,long,wide_channel,Hybrid,3,1,4,3,0,1,1,1,0,1,0,0,0,0.1004,1
throw_in,straight,edge_box,Man-to-Man,7,3,10,2,0,0,0,1,0,0,1,1,1,0.083,1
goal_kick,short,far_post,Hybrid,5,6,6,4,0,0,1,1,0,1,0,1,0,0.1127,1
play_restart,lofted,penalty_spot,Hybrid,4,2,1,3,1,0,0,1,0,1,0,0,0,0.1107,0
kick_off,inswinger,six_yard,Man-to-Man,6,4,10,4,1,0,0,1,1,0,1,0,1,0.1769,1
penalty,outswinger,six_yard,High Zonal,6,2,3,1,1,0,0,1,1,1,1,0,0,0.7428,1
penalty,driven,near_post,Hybrid,8,4,9,2,1,0,0,1,1,0,0,1,1,0.7155,1
corner,driven,six_yard,Deep Zonal,7,7,9,4,1,0,0,0,1,1,1,0,0,0.1955,1
play_restart,lofted,penalty_spot,Deep Zonal,11,6,3,1,0,0,0,1,0,0,0,1,0,0.0859,1
corner,outswinger,near_post,Deep Zonal,6,6,6,4,0,0,0,1,0,0,0,1,0,0.1234,1
throw_in,lofted,near_post,High Zonal,6,2,8,2,0,0,0,1,0,1,0,1,0,0.1275,1
goal_kick,outswinger,near_post,Man-to-Man,6,3,10,2,0,1,1,1,0,1,0,0,0,0.1464,1
free_kick_central,long,wide_channel,High Zonal,3,1,4,4,1,1,1,1,1,1,0,1,0,0.1664,1
corner,driven,far_post,Man-to-Man,9,7,5,1,0,0,0,0,0,0,0,1,0,0.1251,1
corner,inswinger,edge_box,Hybrid,7,7,9,3,1,1,1,1,0,1,0,1,0,0.1823,1
goal_kick,outswinger,near_post,Deep Zonal,6,3,5,1,0,0,0,0,1,1,0,0,1,0.0498,1
free_kick_central,short,edge_box,Deep Zonal,6,5,7,4,0,0,1,1,1,0,0,0,0,0.1239,1
corner,driven,far_post,Man-to-Man,7,2,2,2,1,1,0,1,0,0,0,0,1,0.1572,1
throw_in,inswinger,wide_channel,Hybrid,11,5,7,2,0,0,0,0,0,0,0,0,1,0.0578,1
corner,driven,far_post,High Zonal,6,1,4,1,1,1,0,0,0,1,0,0,0,0.0924,0
kick_off,outswinger,edge_box,Deep Zonal,6,3,4,0,0,0,0,0,1,1,1,0,0,0.0402,1
free_kick_wide,straight,penalty_spot,Deep Zonal,4,3,10,4,0,1,0,1,1,0,0,1,0,0.1799,1
corner,outswinger,far_post,High Zonal,5,7,8,2,0,0,1,1,1,0,0,1,0,0.1449,1
corner,lofted,wide_channel,High Zonal,9,4,6,3,0,0,0,1,1,0,0,1,1,0.0725,1
free_kick_central,inswinger,far_post,Man-to-Man,9,2,6,4,1,0,1,1,0,0,0,0,0,0.117,1
free_kick_central,short,six_yard,Hybrid,10,1,9,1,0,0,0,0,0,0,1,1,0,0.1236,0
goal_kick,inswinger,near_post,Man-to-Man,7,2,7,0,1,1,0,0,1,0,0,1,0,0.1406,0
free_kick_central,lofted,edge_box,High Zonal,11,2,3,3,0,0,0,0,0,0,1,0,1,0.0375,1
free_kick_wide,driven,wide_channel,Deep Zonal,7,3,6,3,0,0,0,1,0,0,1,0,0,0.1132,1
corner,outswinger,six_yard,Hybrid,4,1,7,3,0,0,0,1,1,0,1,0,0,0.124,1
corner,outswinger,far_post,Hybrid,4,6,1,1,0,0,0,0,1,0,1,1,1,0.1249,0
play_restart,straight,far_post,High Zonal,7,3,2,4,0,0,1,1,1,0,1,0,1,0.1027,1
corner,straight,six_yard,Man-to-Man,6,2,5,2,0,0,1,1,0,1,0,0,0,0.1224,1
play_restart,driven,central,Man-to-Man,3,4,6,0,1,0,0,1,0,0,0,0,1,0.1563,0
free_kick_wide,short,wide_channel,Deep Zonal,3,3,1,2,1,0,0,1,0,0,1,0,0,0.0882,1
corner,straight,central,Deep Zonal,8,5,5,3,0,0,0,1,1,0,0,0,0,0.0958,0
corner,long,near_post,Man-to-Man,9,4,2,2,1,0,0,1,0,1,0,0,1,0.1448,1
corner,straight,edge_box,Hybrid,4,7,7,2,1,0,0,0,0,0,0,0,0,0.068,1
goal_kick,inswinger,far_post,Deep Zonal,5,5,5,4,0,0,0,0,0,1,0,0,1,0.0854,1
free_kick_central,inswinger,central,Hybrid,7,3,1,2,0,1,0,1,1,1,1,0,0,0.1898,0
free_kick_wide,outswinger,central,Hybrid,4,2,5,1,0,0,0,1,1,0,1,0,0,0.1318,1
throw_in,short,wide_channel,High Zonal,10,1,10,1,0,1,0,1,1,0,0,1,0,0.0946,1
throw_in,inswinger,penalty_spot,Deep Zonal,8,5,1,3,1,0,1,1,0,0,1,0,1,0.1142,1
play_restart,short,wide_channel,Deep Zonal,6,1,5,3,0,0,1,0,1,0,0,0,0,0.0378,1
play_restart,outswinger,central,Man-to-Man,8,3,2,0,0,0,1,1,0,0,0,1,0,0.1266,1
throw_in,long,far_post,High Zonal,4,1,10,3,1,0,1,1,0,0,0,0,0,0.0966,1
goal_kick,inswinger,central,Deep Zonal,5,3,5,1,1,0,0,0,1,1,0,0,1,0.1383,1
goal_kick,straight,far_post,High Zonal,7,7,7,0,0,0,1,1,0,0,0,0,0,0.0917,0
free_kick_central,inswinger,near_post,High Zonal,11,1,10,0,1,0,0,0,1,1,1,1,1,0.1859,1
throw_in,outswinger,near_post,Deep Zonal,10,7,1,4,0,1,0,0,1,0,0,0,0,0.0585,1
corner,inswinger,far_post,Man-to-Man,8,7,5,1,0,0,1,1,0,0,0,1,0,0.161,1
goal_kick,straight,edge_box,Deep Zonal,6,7,1,2,0,0,1,1,0,0,0,1,0,0.005,1
play_restart,long,far_post,Deep Zonal,11,5,8,2,1,0,0,1,1,1,1,1,0,0.0799,1
corner,inswinger,far_post,Deep Zonal,4,2,6,2,0,1,0,0,1,1,0,0,0,0.1729,1
goal_kick,long,far_post,Man-to-Man,5,1,5,1,0,1,1,1,0,0,0,0,0,0.1119,0
play_restart,short,far_post,Man-to-Man,6,7,3,0,1,0,0,1,0,0,1,0,0,0.0782,1
corner,short,edge_box,Man-to-Man,7,3,2,0,1,1,1,0,0,0,0,1,0,0.0879,0
free_kick_central,short,six_yard,High Zonal,9,4,10,2,0,0,0,1,0,1,0,0,0,0.158,1
play_restart,outswinger,six_yard,High Zonal,6,1,1,4,0,0,1,0,1,0,1,0,1,0.1051,1
play_restart,long,central,Deep Zonal,11,1,2,4,0,0,0,0,1,1,0,0,0,0.048,0
corner,driven,far_post,High Zonal,6,4,4,3,0,0,0,0,1,1,1,1,0,0.1477,1
free_kick_wide,driven,six_yard,Man-to-Man,8,3,4,1,0,1,1,1,0,1,1,0,0,0.2173,1
throw_in,outswinger,wide_channel,Man-to-Man,3,5,10,4,1,1,0,1,0,0,0,1,1,0.1559,1
corner,long,penalty_spot,Deep Zonal,4,6,4,1,0,0,1,0,1,0,1,1,0,0.1589,1
free_kick_wide,inswinger,far_post,Deep Zonal,4,1,4,4,0,0,0,1,0,0,0,0,0,0.0866,1
corner,straight,edge_box,High Zonal,3,7,3,0,1,1,0,0,1,1,0,0,0,0.1382,1
corner,inswinger,wide_channel,Deep Zonal,10,7,4,2,0,0,0,0,1,0,0,1,0,0.0904,1
penalty,inswinger,far_post,Deep Zonal,8,5,3,1,0,1,0,0,0,0,0,1,1,0.7327,1
throw_in,short,near_post,High Zonal,10,3,7,2,0,0,1,0,0,1,0,1,1,0.1131,1
throw_in,driven,six_yard,Man-to-Man,5,2,8,3,0,0,0,0,0,1,0,1,0,0.1252,1
goal_kick,inswinger,edge_box,Deep Zonal,3,2,8,4,0,0,1,0,1,0,1,1,1,0.1027,1
free_kick_wide,short,near_post,Man-to-Man,5,5,9,0,0,0,0,0,0,0,0,0,0,0.0936,1
corner,short,central,Man-to-Man,3,1,7,2,0,1,1,1,1,1,0,0,1,0.1928,1
corner,lofted,penalty_spot,High Zonal,5,7,7,0,0,0,0,1,0,0,1,0,1,0.1791,0
corner,long,edge_box,Hybrid,3,2,4,2,0,0,0,0,0,0,0,1,0,0.0676,1
free_kick_wide,inswinger,edge_box,High Zonal,4,6,10,4,0,0,0,0,1,1,1,0,0,0.1597,1
corner,inswinger,near_post,Man-to-Man,8,6,10,1,1,0,0,0,0,1,1,0,0,0.1649,1
corner,short,central,Hybrid,11,3,1,1,1,0,1,0,0,1,0,0,1,0.0667,0
corner,outswinger,edge_box,Man-to-Man,5,4,4,1,0,0,1,1,0,0,0,0,0,0.0886,1
throw_in,lofted,near_post,Man-to-Man,11,5,7,4,0,1,0,0,0,1,0,0,0,0.1024,0
throw_in,lofted,far_post,Deep Zonal,9,6,3,4,0,1,0,1,0,0,0,0,0,0.0645,1
play_restart,lofted,penalty_spot,High Zonal,4,1,6,4,1,1,0,1,0,0,1,1,0,0.1801,1
goal_kick,outswinger,central,Man-to-Man,3,2,9,1,0,0,0,1,0,0,0,0,1,0.1459,1
penalty,long,edge_box,Hybrid,4,2,9,1,0,0,0,0,1,0,0,0,0,0.7337,0
corner,long,near_post,Hybrid,9,3,10,0,0,0,1,1,0,0,1,0,0,0.1258,1
penalty,inswinger,edge_box,High Zonal,9,5,7,0,0,0,0,1,0,1,0,0,0,0.7143,0
corner,outswinger,penalty_spot,High Zonal,10,3,10,3,0,1,0,0,1,0,0,0,1,0.1551,0
free_kick_wide,outswinger,far_post,Hybrid,7,4,7,2,0,1,1,0,1,1,0,0,1,0.1719,0
free_kick_wide,straight,six_yard,Man-to-Man,3,4,6,4,1,0,0,1,0,0,0,0,0,0.2101,1
free_kick_wide,lofted,central,Deep Zonal,11,1,3,3,0,1,1,0,1,0,1,1,1,0.1374,1
corner,driven,six_yard,High Zonal,10,1,9,4,1,1,0,1,0,0,0,0,0,0.1528,0
throw_in,outswinger,central,Deep Zonal,9,2,3,0,0,0,1,0,0,0,0,0,1,0.0356,0
goal_kick,short,wide_channel,High Zonal,11,1,2,3,0,0,1,1,0,0,1,0,1,0.005,1
goal_kick,inswinger,near_post,High Zonal,5,6,8,0,1,0,0,1,0,1,1,0,0,0.1435,1
throw_in,outswinger,penalty_spot,High Zonal,7,7,9,1,0,0,1,1,0,0,1,0,0,0.1402,1
free_kick_central,inswinger,near_post,Hybrid,7,4,10,2,0,1,1,1,1,0,0,0,0,0.1766,1
corner,short,far_post,High Zonal,5,5,8,2,0,0,1,0,0,0,1,0,0,0.1309,1
throw_in,long,near_post,Man-to-Man,11,1,10,1,0,1,0,0,1,0,0,0,0,0.1201,1
penalty,driven,central,Deep Zonal,8,1,4,0,1,0,0,1,0,1,1,0,1,0.7627,0
corner,driven,near_post,Hybrid,11,5,2,0,1,1,0,0,1,0,1,1,0,0.1526,0
free_kick_wide,inswinger,near_post,High Zonal,5,6,3,1,1,0,1,0,0,0,1,1,0,0.1397,1
play_restart,long,edge_box,Hybrid,7,7,2,3,0,0,0,0,0,1,0,0,0,0.0648,1
throw_in,inswinger,far_post,High Zonal,11,3,8,4,1,0,1,1,0,0,1,1,0,0.0762,1
free_kick_central,straight,near_post,Hybrid,4,3,5,1,0,0,0,0,0,0,0,0,0,0.1426,0
throw_in,short,wide_channel,High Zonal,7,6,5,4,0,0,1,1,0,0,1,0,0,0.0365,1
free_kick_wide,inswinger,edge_box,High Zonal,10,1,10,4,1,0,0,0,1,0,0,0,0,0.0827,1
free_kick_central,inswinger,central,High Zonal,10,7,10,1,0,0,0,1,0,1,0,0,0,0.1969,1
corner,outswinger,far_post,Hybrid,9,3,2,0,0,0,1,1,1,0,1,1,0,0.0679,1
free_kick_wide,inswinger,far_post,Deep Zonal,8,1,9,1,0,1,0,0,1,0,1,1,0,0.1202,1
throw_in,lofted,penalty_spot,Deep Zonal,3,6,7,0,0,0,0,0,0,1,1,1,0,0.1118,0
corner,outswinger,six_yard,Hybrid,5,7,8,4,1,0,1,1,0,1,0,0,0,0.2161,1
goal_kick,short,penalty_spot,Deep Zonal,10,4,10,4,1,0,0,0,1,0,1,1,0,0.1241,1
corner,lofted,wide_channel,Man-to-Man,7,2,4,1,1,0,0,1,1,1,0,0,1,0.1004,1
throw_in,short,edge_box,Deep Zonal,6,2,9,2,1,0,0,1,0,0,0,0,0,0.0813,0
throw_in,straight,wide_channel,High Zonal,10,3,8,1,0,0,0,1,0,0,0,0,0,0.036,0
throw_in,lofted,penalty_spot,Hybrid,6,4,7,0,1,1,1,1,0,0,0,1,0,0.19,0
throw_in,outswinger,edge_box,Deep Zonal,6,5,8,1,0,1,0,0,0,0,0,0,0,0.0888,1
play_restart,inswinger,edge_box,Hybrid,6,5,8,0,1,1,0,0,1,1,1,0,0,0.1655,1
free_kick_central,short,edge_box,Deep Zonal,6,6,5,2,1,0,0,1,0,1,1,0,0,0.1168,1
throw_in,straight,near_post,Hybrid,7,2,10,2,1,0,0,0,0,0,0,0,0,0.0904,1
throw_in,driven,near_post,High Zonal,11,2,1,1,1,0,0,0,0,1,0,0,0,0.0706,0
corner,inswinger,central,Man-to-Man,11,7,2,3,0,0,1,1,0,0,0,0,0,0.1659,0
corner,short,central,Deep Zonal,6,1,8,3,1,0,0,1,0,1,0,0,0,0.1258,1
free_kick_wide,long,wide_channel,Hybrid,6,4,5,2,0,0,0,1,0,0,1,1,1,0.0732,1
corner,lofted,edge_box,Deep Zonal,10,3,3,1,0,0,0,0,1,1,1,0,1,0.0324,1
free_kick_wide,inswinger,near_post,Hybrid,8,6,6,1,0,0,1,1,1,1,0,0,0,0.149,1
free_kick_wide,outswinger,far_post,Deep Zonal,4,3,2,2,0,0,1,0,0,0,0,0,0,0.0889,1
throw_in,lofted,central,Deep Zonal,7,1,1,3,1,0,1,1,0,0,1,0,1,0.0514,0
corner,short,six_yard,Man-to-Man,10,3,1,1,0,0,1,1,0,0,0,0,0,0.1018,0
goal_kick,inswinger,wide_channel,Man-to-Man,6,1,9,3,0,0,0,1,1,0,1,1,0,0.1071,1
free_kick_wide,inswinger,near_post,Deep Zonal,8,2,4,1,0,0,0,1,1,0,0,1,0,0.0749,0
throw_in,driven,far_post,High Zonal,9,4,10,2,0,0,1,1,0,0,0,0,0,0.0948,0
corner,short,wide_channel,High Zonal,4,7,6,1,0,1,1,0,1,0,0,0,0,0.0865,1
free_kick_central,short,edge_box,Man-to-Man,11,2,4,0,1,1,0,1,1,1,0,0,0,0.1288,0
corner,driven,six_yard,High Zonal,3,6,1,2,1,0,1,1,1,0,0,0,1,0.1798,1
throw_in,outswinger,central,Man-to-Man,4,4,2,3,0,1,1,1,1,1,0,0,1,0.1927,1
free_kick_wide,inswinger,central,Hybrid,5,7,6,2,0,1,0,1,0,0,0,0,0,0.1758,1
play_restart,short,edge_box,Hybrid,3,4,7,3,0,1,1,0,0,0,0,0,0,0.1088,1
free_kick_wide,driven,near_post,Man-to-Man,8,1,9,0,1,1,1,1,0,1,0,0,0,0.1925,0
penalty,outswinger,six_yard,Deep Zonal,7,3,2,0,0,0,0,0,1,0,0,1,0,0.7257,0
corner,long,edge_box,Man-to-Man,6,1,6,4,0,0,0,0,1,0,1,0,0,0.0909,1
throw_in,inswinger,central,High Zonal,11,2,1,2,0,0,0,0,0,1,0,0,0,0.0508,1
free_kick_central,inswinger,far_post,Hybrid,5,4,6,1,0,0,1,1,0,0,1,0,0,0.1387,1
free_kick_wide,lofted,edge_box,High Zonal,10,7,2,3,0,0,0,0,0,1,1,0,0,0.0898,1
corner,inswinger,wide_channel,Man-to-Man,8,5,3,3,1,0,0,0,0,0,1,0,1,0.1101,1
corner,inswinger,central,Deep Zonal,9,3,5,4,0,0,0,0,0,0,0,0,0,0.0995,1
corner,driven,edge_box,High Zonal,11,5,5,4,0,0,0,0,0,1,1,0,0,0.0678,1
play_restart,straight,central,High Zonal,5,2,2,1,0,0,0,1,0,0,0,1,1,0.133,1
free_kick_wide,straight,wide_channel,Man-to-Man,4,1,7,0,0,0,0,1,1,1,0,1,0,0.1227,0
corner,driven,edge_box,Man-to-Man,10,6,5,2,0,0,0,0,0,0,0,1,0,0.0748,0
play_restart,inswinger,near_post,High Zonal,8,6,9,0,0,0,0,0,0,0,0,1,0,0.1364,0
corner,long,edge_box,High Zonal,4,5,7,2,0,0,0,1,0,0,0,0,0,0.1484,1
free_kick_wide,outswinger,edge_box,Man-to-Man,11,4,9,0,0,0,1,1,0,0,0,0,1,0.1528,1
throw_in,inswinger,edge_box,Man-to-Man,9,4,1,3,1,1,0,0,0,0,0,1,0,0.0649,1
kick_off,long,central,Deep Zonal,7,3,5,4,1,0,1,0,0,0,0,0,0,0.1233,1
throw_in,outswinger,edge_box,High Zonal,4,7,9,1,1,0,1,1,1,0,1,1,0,0.1492,1
free_kick_central,driven,six_yard,High Zonal,11,4,2,2,0,0,0,0,1,0,1,1,0,0.1296,1
play_restart,lofted,central,High Zonal,7,7,3,4,0,1,0,1,0,0,1,0,0,0.1366,1
corner,driven,central,High Zonal,8,1,8,1,0,0,0,1,0,0,1,1,0,0.1242,0
play_restart,outswinger,six_yard,Man-to-Man,3,3,1,3,0,1,1,1,0,0,1,0,0,0.1349,1
goal_kick,outswinger,penalty_spot,Deep Zonal,9,2,10,0,0,0,0,1,0,0,0,0,0,0.0853,0
play_restart,driven,far_post,High Zonal,10,1,10,3,0,0,0,0,0,1,0,1,0,0.087,1
corner,straight,six_yard,Man-to-Man,10,7,10,0,1,0,1,0,0,0,0,1,0,0.168,1
corner,long,near_post,Man-to-Man,6,1,8,0,0,0,1,1,1,0,0,0,0,0.1484,1
throw_in,driven,six_yard,High Zonal,4,4,10,2,0,1,1,1,1,0,1,0,0,0.1894,1
free_kick_central,outswinger,far_post,Man-to-Man,6,2,10,4,0,0,0,0,0,0,0,1,0,0.1317,1
free_kick_central,inswinger,near_post,High Zonal,8,1,3,3,1,0,1,0,1,0,0,0,0,0.1221,1
play_restart,short,wide_channel,Man-to-Man,5,7,2,2,0,1,0,0,0,0,0,0,0,0.0824,1
throw_in,short,edge_box,Deep Zonal,8,3,9,1,0,0,1,1,1,1,1,0,0,0.0848,1
free_kick_wide,outswinger,central,High Zonal,11,3,5,2,0,0,1,0,0,0,1,1,0,0.1253,1
free_kick_wide,short,wide_channel,Hybrid,4,2,1,1,0,0,0,1,1,0,1,0,0,0.0685,1
corner,driven,wide_channel,High Zonal,5,5,5,0,0,1,0,0,1,1,1,0,1,0.1476,1
corner,straight,six_yard,Hybrid,7,7,1,4,0,1,0,1,1,0,1,1,0,0.1429,1
corner,outswinger,near_post,Deep Zonal,4,3,6,2,0,0,0,0,1,0,0,0,0,0.1016,1
goal_kick,long,central,Man-to-Man,9,6,7,4,1,0,1,0,1,1,1,0,0,0.1779,1
throw_in,driven,edge_box,Man-to-Man,3,3,1,2,0,1,1,1,0,0,0,0,0,0.1164,1
free_kick_central,lofted,wide_channel,Deep Zonal,3,4,2,1,1,1,0,1,1,0,1,0,0,0.1682,0
free_kick_wide,inswinger,central,Man-to-Man,6,6,10,0,0,0,0,1,0,0,0,0,0,0.1516,1
throw_in,driven,far_post,Deep Zonal,6,7,4,3,0,0,0,0,1,1,0,1,0,0.0912,1
goal_kick,long,near_post,Man-to-Man,9,5,1,3,0,0,1,1,0,1,0,0,0,0.0641,0
kick_off,long,far_post,High Zonal,4,3,1,4,0,0,0,1,0,1,0,0,0,0.0443,1
penalty,outswinger,penalty_spot,Deep Zonal,10,4,4,1,1,0,1,0,1,0,1,0,0,0.7458,1
goal_kick,inswinger,near_post,High Zonal,4,7,1,1,0,0,0,0,0,0,0,0,0,0.077,1
free_kick_central,short,penalty_spot,Deep Zonal,11,3,2,1,0,0,0,1,1,0,0,0,0,0.11,1
free_kick_central,outswinger,penalty_spot,High Zonal,7,4,3,0,0,1,0,0,0,1,0,0,0,0.1801,0
kick_off,outswinger,far_post,Deep Zonal,9,6,8,4,0,0,0,1,1,1,1,0,0,0.0813,1
free_kick_wide,lofted,six_yard,Hybrid,3,6,6,1,0,0,1,1,0,0,0,1,0,0.1865,1
free_kick_wide,inswinger,near_post,Deep Zonal,9,4,8,0,1,0,1,0,0,1,0,0,0,0.1508,1
free_kick_wide,lofted,near_post,Deep Zonal,6,7,4,0,0,0,0,1,0,0,1,1,0,0.0768,0
free_kick_central,short,far_post,Hybrid,7,7,1,1,0,0,1,0,0,0,1,0,1,0.1098,1
penalty,driven,penalty_spot,High Zonal,3,4,6,0,0,0,1,0,0,0,0,0,0,0.7644,1
throw_in,outswinger,central,Man-to-Man,8,2,10,4,1,0,1,1,0,0,0,0,0,0.132,1
free_kick_wide,short,wide_channel,Man-to-Man,11,2,7,4,1,0,0,0,0,0,1,0,0,0.0956,1
corner,short,central,Deep Zonal,11,1,3,4,1,0,0,0,1,0,1,0,1,0.1142,0
kick_off,lofted,central,Deep Zonal,10,2,1,4,0,0,0,1,0,0,1,1,0,0.0257,1
free_kick_wide,inswinger,six_yard,Man-to-Man,9,1,1,0,0,1,1,1,1,0,0,0,0,0.1466,0
play_restart,outswinger,wide_channel,Deep Zonal,4,3,9,3,1,0,0,0,0,1,1,0,1,0.1007,1
corner,lofted,penalty_spot,Deep Zonal,6,7,3,4,1,0,1,1,0,1,1,0,0,0.1972,1
penalty,inswinger,near_post,Man-to-Man,3,2,1,4,0,0,1,1,0,0,0,0,0,0.7348,1
free_kick_central,short,central,Deep Zonal,5,3,4,2,1,1,0,1,0,0,1,0,1,0.1759,1
goal_kick,inswinger,central,Hybrid,5,3,9,4,1,1,0,1,0,1,0,1,0,0.1758,1
corner,inswinger,far_post,Deep Zonal,9,4,5,0,1,0,0,1,0,0,0,0,1,0.1157,0
kick_off,short,edge_box,Man-to-Man,3,4,10,3,1,0,0,1,1,0,1,0,1,0.1271,1
free_kick_central,short,far_post,Man-to-Man,11,5,6,1,1,1,0,0,1,0,1,0,0,0.1515,1
throw_in,short,penalty_spot,Hybrid,9,1,10,4,1,0,0,0,1,0,1,0,1,0.1155,0
free_kick_central,straight,edge_box,Deep Zonal,9,3,3,4,0,0,0,1,1,1,0,1,0,0.1071,1
corner,long,central,High Zonal,8,7,6,4,0,0,1,0,0,0,0,1,1,0.1454,1
free_kick_central,lofted,central,Deep Zonal,5,7,5,0,1,1,0,0,0,0,1,0,0,0.2141,1
corner,outswinger,six_yard,Man-to-Man,7,1,8,1,0,0,0,0,0,1,1,1,0,0.1561,1
free_kick_wide,outswinger,near_post,Deep Zonal,8,5,2,1,1,0,1,1,1,0,1,1,0,0.1287,1
throw_in,outswinger,near_post,Hybrid,10,1,2,4,0,0,0,1,1,0,1,0,0,0.0924,1
free_kick_central,long,near_post,High Zonal,9,4,3,3,0,1,0,1,1,0,0,0,0,0.1088,1
corner,outswinger,penalty_spot,Deep Zonal,10,1,10,4,0,0,0,0,0,0,1,0,0,0.0962,0
corner,long,penalty_spot,Hybrid,7,6,9,4,0,0,0,1,0,0,1,0,0,0.1503,1
corner,straight,penalty_spot,Hybrid,6,7,1,1,0,1,0,1,1,0,0,0,1,0.1671,1
corner,short,far_post,High Zonal,10,1,5,0,0,0,1,1,1,0,0,1,0,0.1019,1
throw_in,driven,far_post,Hybrid,8,3,6,3,0,0,0,0,0,1,0,1,1,0.1012,0
corner,short,central,Deep Zonal,6,2,9,3,1,0,0,0,0,0,0,0,1,0.1282,1
kick_off,straight,six_yard,Man-to-Man,6,2,5,1,1,0,0,1,0,0,0,1,0,0.0977,1
corner,outswinger,wide_channel,High Zonal,8,6,8,3,0,0,1,1,0,0,1,1,1,0.1432,1
corner,short,penalty_spot,High Zonal,8,1,8,1,0,0,0,1,1,0,0,0,0,0.1174,0
kick_off,outswinger,central,Man-to-Man,6,1,6,3,1,0,0,1,0,1,1,0,0,0.1224,1
corner,driven,edge_box,Deep Zonal,4,3,8,3,0,0,0,1,0,0,0,0,1,0.1174,0
free_kick_wide,straight,central,High Zonal,11,3,1,3,1,1,1,1,0,1,0,0,0,0.0997,1
play_restart,inswinger,central,Man-to-Man,5,7,4,0,0,1,1,0,1,1,1,0,0,0.1765,1
play_restart,outswinger,wide_channel,High Zonal,4,3,9,4,1,0,1,1,1,0,0,0,0,0.0847,1
throw_in,short,central,Hybrid,5,4,2,3,0,0,1,0,1,0,0,1,1,0.1081,1
corner,lofted,near_post,High Zonal,10,1,6,1,1,0,1,0,0,0,1,1,0,0.0642,0
throw_in,outswinger,penalty_spot,High Zonal,4,3,8,2,0,0,0,1,0,0,1,0,0,0.1604,1
play_restart,outswinger,penalty_spot,Deep Zonal,9,2,6,1,1,0,1,1,1,0,0,0,1,0.1224,1
play_restart,straight,penalty_spot,Deep Zonal,6,3,10,0,0,0,1,1,0,1,1,1,0,0.1304,1
corner,lofted,near_post,Man-to-Man,8,3,9,2,0,0,0,1,0,0,0,0,0,0.1604,0
free_kick_wide,driven,edge_box,High Zonal,9,1,1,3,1,1,0,0,1,1,0,0,1,0.1127,1
free_kick_wide,inswinger,central,Hybrid,5,4,6,3,0,0,0,0,1,0,0,0,1,0.1717,0
corner,short,wide_channel,Deep Zonal,6,4,8,4,0,0,1,0,1,0,0,0,1,0.0667,1
throw_in,driven,central,Man-to-Man,10,4,8,3,0,1,0,1,0,1,0,0,0,0.1239,1
corner,long,near_post,Hybrid,11,3,6,0,1,0,1,1,0,0,0,1,0,0.1055,0
free_kick_wide,straight,penalty_spot,Hybrid,10,4,5,1,0,0,0,0,0,1,0,0,0,0.1044,0
corner,long,central,Man-to-Man,5,6,4,2,0,0,0,1,0,0,0,0,0,0.1277,1
free_kick_central,short,penalty_spot,High Zonal,5,2,4,4,0,1,0,1,1,1,1,1,1,0.2006,1
corner,outswinger,central,Man-to-Man,11,2,1,0,0,0,0,1,1,0,1,0,0,0.0855,0
free_kick_wide,inswinger,far_post,Deep Zonal,9,5,9,4,0,0,0,1,0,0,0,1,0,0.082,1
corner,straight,near_post,Man-to-Man,4,1,8,1,0,0,0,1,1,1,1,0,0,0.1495,1
play_restart,inswinger,far_post,High Zonal,8,3,3,3,0,0,1,1,0,1,0,0,0,0.0908,1
corner,straight,near_post,Man-to-Man,5,5,2,2,0,0,1,0,0,0,1,0,0,0.0997,0
free_kick_central,driven,central,Hybrid,4,5,6,4,0,0,0,0,1,0,0,0,0,0.2114,1
corner,driven,central,Man-to-Man,4,6,9,1,1,0,0,1,0,0,0,0,1,0.2112,1
corner,inswinger,six_yard,Hybrid,6,4,10,2,0,0,0,1,0,0,0,0,0,0.1469,1
corner,inswinger,edge_box,High Zonal,5,4,3,3,0,0,0,1,1,0,0,0,0,0.105,0
corner,long,near_post,Man-to-Man,10,1,5,0,0,0,0,1,0,1,0,1,0,0.0486,1
corner,straight,near_post,High Zonal,4,6,6,1,1,0,0,0,0,1,0,1,1,0.1378,1
free_kick_central,inswinger,near_post,High Zonal,4,2,6,3,0,0,1,1,1,0,1,0,1,0.1888,1
throw_in,driven,central,Hybrid,8,6,3,3,0,0,0,1,0,0,0,0,0,0.1303,1
corner,outswinger,far_post,High Zonal,6,5,9,3,0,0,1,0,0,0,0,1,0,0.1191,1
free_kick_central,inswinger,far_post,Deep Zonal,4,7,8,0,0,0,1,1,1,0,0,0,0,0.1773,1
throw_in,long,wide_channel,High Zonal,3,7,9,1,0,1,0,1,1,0,0,1,0,0.1403,1
corner,short,edge_box,Deep Zonal,3,3,2,4,0,0,0,1,0,0,1,0,0,0.0667,1
free_kick_wide,straight,near_post,High Zonal,5,3,7,4,1,1,0,1,0,0,1,0,0,0.1317,1
corner,long,near_post,Deep Zonal,5,7,4,2,0,0,1,1,1,0,0,0,1,0.1093,1
corner,lofted,near_post,Man-to-Man,8,7,8,2,0,1,1,0,1,0,0,1,0,0.2217,1
free_kick_central,inswinger,near_post,Man-to-Man,9,5,6,0,1,0,0,1,0,1,0,0,0,0.1414,1
play_restart,short,far_post,Hybrid,4,7,6,3,1,1,1,1,1,1,0,0,0,0.1871,1
play_restart,outswinger,near_post,High Zonal,6,5,6,0,1,0,0,0,0,0,0,0,0,0.1118,1
play_restart,straight,near_post,Deep Zonal,7,1,3,0,0,1,0,0,0,0,0,0,1,0.0608,1
free_kick_wide,straight,near_post,Man-to-Man,4,4,6,2,0,0,0,1,0,0,0,0,1,0.1438,1
corner,straight,edge_box,High Zonal,7,3,9,4,0,0,0,1,1,0,1,0,0,0.1449,1
free_kick_wide,inswinger,near_post,High Zonal,3,1,1,4,1,0,1,1,0,0,0,0,0,0.1353,1
corner,driven,wide_channel,Deep Zonal,5,4,2,2,1,0,0,0,0,1,0,0,0,0.0913,0
corner,straight,far_post,Hybrid,9,4,1,2,0,0,1,1,0,0,0,1,1,0.1258,0
corner,driven,central,Man-to-Man,5,6,5,2,0,1,0,1,0,1,1,0,0,0.2037,1
free_kick_central,straight,far_post,Man-to-Man,9,6,3,2,0,0,0,1,0,0,0,1,0,0.0972,1
free_kick_wide,driven,far_post,Man-to-Man,3,3,6,3,1,0,0,1,0,1,1,1,1,0.139,1
corner,short,far_post,Hybrid,7,7,1,3,0,1,0,0,0,1,0,0,1,0.1113,1
throw_in,straight,far_post,Man-to-Man,11,4,2,2,1,1,0,0,1,0,0,0,0,0.074,0
free_kick_wide,long,central,Man-to-Man,7,4,3,1,1,1,0,0,0,1,0,1,0,0.1679,0
goal_kick,driven,central,Deep Zonal,10,2,7,4,0,0,0,0,1,0,1,0,0,0.0807,1
corner,straight,near_post,Hybrid,5,7,1,3,1,1,0,0,1,0,0,0,0,0.1746,1
free_kick_central,straight,edge_box,High Zonal,4,3,6,2,0,0,0,1,1,0,1,0,0,0.1352,1
corner,short,penalty_spot,Deep Zonal,7,2,6,1,1,1,0,0,0,0,0,0,0,0.1223,0
free_kick_central,short,edge_box,Deep Zonal,5,6,4,2,0,0,0,0,0,0,0,0,1,0.0803,1
corner,straight,wide_channel,High Zonal,9,7,2,4,0,0,1,1,1,0,1,0,0,0.0916,1
corner,long,far_post,Man-to-Man,6,2,8,1,0,0,1,1,1,1,1,0,0,0.1201,1
throw_in,straight,six_yard,Hybrid,9,5,5,4,0,0,0,0,0,1,0,0,0,0.1069,1
corner,straight,far_post,High Zonal,3,7,6,1,1,0,0,1,0,0,1,1,1,0.1533,1
corner,short,far_post,Hybrid,6,5,8,0,1,0,0,1,0,0,0,0,0,0.1107,1
play_restart,lofted,penalty_spot,Hybrid,5,4,1,0,1,0,0,0,1,1,0,0,0,0.1438,0
corner,outswinger,central,Hybrid,9,5,8,0,0,0,0,1,1,0,1,0,0,0.1394,1
penalty,outswinger,central,High Zonal,4,1,1,1,0,0,0,1,1,0,0,0,0,0.7528,0
penalty,inswinger,far_post,Hybrid,7,7,6,3,0,0,0,0,1,0,1,0,0,0.7746,1
corner,long,near_post,Deep Zonal,6,4,1,2,0,0,0,1,1,0,1,0,0,0.1001,1
free_kick_central,straight,central,Man-to-Man,9,1,1,3,0,0,0,1,1,0,0,0,0,0.1099,0
corner,straight,edge_box,Deep Zonal,6,3,5,0,0,1,1,1,0,0,0,0,1,0.1285,1
throw_in,outswinger,far_post,Man-to-Man,9,3,6,3,0,0,1,1,0,0,0,1,0,0.0819,1
corner,driven,near_post,Man-to-Man,3,7,4,3,1,0,1,0,0,0,0,1,1,0.152,1
corner,straight,near_post,Hybrid,9,7,3,2,0,0,0,0,0,1,0,1,0,0.1018,1
free_kick_wide,short,wide_channel,Deep Zonal,8,3,2,3,1,1,1,1,0,1,0,0,0,0.1245,1
kick_off,inswinger,wide_channel,High Zonal,4,2,6,0,0,0,1,1,0,0,1,0,0,0.079,1
goal_kick,inswinger,penalty_spot,Man-to-Man,3,1,5,2,0,1,1,0,0,0,0,0,0,0.1483,1
play_restart,inswinger,central,Hybrid,5,4,10,3,0,0,0,1,0,0,0,0,1,0.1171,1
throw_in,straight,central,High Zonal,11,4,5,0,1,0,0,0,0,0,0,0,0,0.1412,1
throw_in,straight,central,Hybrid,5,4,6,0,1,1,1,0,0,0,1,1,0,0.1276,1
free_kick_central,outswinger,edge_box,Hybrid,7,2,10,3,0,0,0,1,0,1,0,0,0,0.1418,1
kick_off,outswinger,penalty_spot,Man-to-Man,7,6,10,2,0,1,1,1,1,0,0,1,0,0.1973,1
free_kick_central,inswinger,edge_box,Hybrid,5,4,5,1,1,0,0,1,1,1,0,0,0,0.1654,1
free_kick_wide,straight,central,Deep Zonal,7,7,3,1,0,0,0,1,0,1,0,0,0,0.1376,1
throw_in,inswinger,six_yard,High Zonal,4,2,4,4,1,0,0,1,1,0,0,0,1,0.1698,1
penalty,inswinger,far_post,Man-to-Man,9,2,3,1,0,0,1,1,0,0,0,0,0,0.7605,1
corner,inswinger,far_post,Man-to-Man,4,5,5,1,1,1,0,1,0,0,0,0,0,0.2007,1
free_kick_wide,long,far_post,Hybrid,8,5,2,4,0,1,0,1,1,0,0,0,0,0.0986,1
free_kick_wide,lofted,penalty_spot,High Zonal,5,3,5,1,0,0,1,0,1,0,0,0,0,0.1491,1
goal_kick,short,six_yard,High Zonal,8,4,1,2,1,1,1,1,1,0,1,0,1,0.1199,1
free_kick_wide,inswinger,far_post,Man-to-Man,7,4,10,1,0,0,1,1,0,0,1,0,0,0.1284,1
goal_kick,lofted,wide_channel,Deep Zonal,8,5,1,2,0,0,0,0,0,1,0,0,1,0.0527,1
free_kick_central,lofted,far_post,High Zonal,8,5,9,1,0,0,0,1,1,0,0,1,1,0.1652,0
goal_kick,straight,central,Man-to-Man,5,2,10,4,0,1,0,1,0,1,1,0,0,0.1674,1
corner,inswinger,central,High Zonal,8,1,10,0,0,0,1,1,0,0,1,1,1,0.1792,0
play_restart,long,near_post,Hybrid,5,2,5,2,0,1,0,1,1,0,0,0,0,0.1364,1
free_kick_central,lofted,six_yard,Deep Zonal,6,1,8,3,0,0,1,0,0,0,1,0,1,0.1306,1
corner,driven,near_post,Man-to-Man,4,4,10,4,0,0,0,1,0,1,0,1,0,0.1541,1
corner,short,central,Man-to-Man,7,4,9,0,0,1,1,1,1,1,0,0,1,0.2055,1
corner,short,central,Man-to-Man,10,1,9,4,0,0,0,1,1,0,0,0,1,0.1477,1
free_kick_wide,lofted,edge_box,Deep Zonal,8,6,5,1,0,0,0,1,0,1,0,0,0,0.0739,1
throw_in,inswinger,wide_channel,High Zonal,3,6,8,3,1,0,1,1,0,1,0,1,0,0.1283,1
play_restart,inswinger,six_yard,Man-to-Man,3,4,3,0,1,0,0,1,0,0,1,0,1,0.1704,1
throw_in,driven,central,Deep Zonal,5,2,10,0,0,0,0,1,1,0,0,0,0,0.1275,1
penalty,inswinger,far_post,Hybrid,8,2,5,2,0,1,0,1,0,0,0,1,0,0.7521,0
free_kick_central,straight,central,Hybrid,5,7,3,0,1,0,0,1,1,0,0,0,0,0.1587,1
goal_kick,outswinger,wide_channel,High Zonal,11,2,3,2,1,0,0,1,1,0,1,0,0,0.0246,0
goal_kick,outswinger,near_post,Deep Zonal,8,7,9,2,1,0,1,0,0,1,0,0,0,0.1262,1
corner,inswinger,wide_channel,Deep Zonal,11,5,2,2,0,0,1,1,0,1,0,1,1,0.1049,1
play_restart,short,six_yard,Deep Zonal,11,5,7,0,1,0,0,1,1,0,1,1,1,0.1378,0
free_kick_wide,straight,edge_box,Man-to-Man,3,6,3,3,1,1,0,0,0,0,0,1,0,0.129,1
goal_kick,short,edge_box,Deep Zonal,10,7,6,1,0,0,0,0,0,0,0,0,0,0.0494,0
play_restart,outswinger,central,High Zonal,3,2,6,3,0,1,0,0,0,0,0,0,0,0.1551,1
throw_in,lofted,central,Deep Zonal,3,7,7,1,0,0,1,1,1,0,1,0,1,0.1675,1
corner,short,far_post,Hybrid,7,1,3,1,0,1,0,1,1,0,1,1,0,0.1006,1
throw_in,lofted,central,Deep Zonal,7,6,10,0,0,0,0,1,1,0,1,0,0,0.1415,1
corner,straight,edge_box,Deep Zonal,8,3,9,4,0,1,1,0,0,0,0,1,0,0.0753,1
goal_kick,inswinger,far_post,Hybrid,3,5,10,1,1,1,1,0,0,0,1,0,1,0.1264,1
corner,driven,six_yard,High Zonal,3,6,5,0,1,0,1,1,0,0,0,0,1,0.1958,0
throw_in,driven,six_yard,Deep Zonal,10,4,2,1,1,1,0,0,0,0,0,1,1,0.1101,1
kick_off,inswinger,near_post,High Zonal,8,1,6,0,0,0,0,1,1,0,1,0,0,0.0223,1
corner,short,central,Man-to-Man,6,6,1,0,1,0,1,1,0,0,1,0,0,0.1471,1
free_kick_wide,long,far_post,Hybrid,4,1,8,0,1,1,1,0,1,0,1,0,0,0.1747,1
throw_in,inswinger,near_post,Deep Zonal,4,5,3,3,0,0,0,0,1,1,1,1,1,0.1404,1
free_kick_wide,short,edge_box,Hybrid,5,4,2,2,0,0,0,0,0,0,1,0,0,0.07,1
corner,outswinger,edge_box,Hybrid,7,4,9,4,0,0,0,1,0,0,1,0,0,0.0909,1
corner,inswinger,edge_box,Man-to-Man,10,2,7,4,1,1,0,1,0,0,0,0,1,0.1571,1
free_kick_wide,driven,far_post,High Zonal,6,4,1,3,0,1,0,1,0,0,0,0,0,0.1427,1
throw_in,straight,six_yard,High Zonal,6,2,9,2,1,0,0,1,1,0,0,1,0,0.1556,1
penalty,driven,penalty_spot,High Zonal,11,2,7,4,0,0,0,1,1,0,0,0,0,0.7849,0
corner,long,wide_channel,Deep Zonal,3,4,3,4,1,0,0,1,0,0,0,1,0,0.105,1
free_kick_central,lofted,six_yard,Deep Zonal,3,6,4,0,0,1,1,1,1,0,0,0,0,0.2526,0
free_kick_wide,straight,edge_box,High Zonal,11,4,5,2,0,0,0,0,0,0,1,0,1,0.0062,1
corner,straight,near_post,Hybrid,11,7,10,3,1,0,0,1,1,0,1,1,0,0.162,1
throw_in,outswinger,six_yard,Man-to-Man,6,2,6,4,1,0,1,1,0,0,0,1,0,0.1461,1
free_kick_wide,short,central,Man-to-Man,5,1,9,2,1,0,0,1,0,0,0,1,1,0.1652,1
penalty,straight,far_post,Man-to-Man,4,3,1,3,0,0,1,0,1,0,1,0,0,0.7591,1
play_restart,long,far_post,Man-to-Man,4,1,6,2,0,0,0,1,1,1,0,1,0,0.1138,1
free_kick_central,straight,central,Hybrid,11,4,1,3,1,0,0,0,0,1,1,1,1,0.1468,0
throw_in,inswinger,near_post,Deep Zonal,9,7,4,3,0,0,1,0,0,1,1,0,0,0.0861,1
corner,driven,central,High Zonal,10,4,6,2,1,1,1,1,1,0,1,0,0,0.1906,1
corner,driven,six_yard,Deep Zonal,7,2,9,3,1,0,0,0,1,0,0,0,0,0.1518,1
corner,straight,edge_box,High Zonal,8,5,3,0,1,1,1,1,1,0,1,1,0,0.1255,1
goal_kick,long,wide_channel,Hybrid,11,6,3,0,0,0,1,0,1,0,0,0,0,0.0481,0
goal_kick,straight,six_yard,Man-to-Man,6,7,9,4,0,0,0,0,0,0,0,1,0,0.1505,1
corner,long,far_post,Deep Zonal,7,4,6,1,0,0,0,1,1,1,0,1,0,0.1168,1
corner,straight,edge_box,High Zonal,5,3,8,1,1,0,0,1,1,0,0,0,1,0.1631,1
free_kick_wide,short,penalty_spot,Man-to-Man,7,4,10,3,0,0,0,0,0,0,0,0,0,0.1413,1
throw_in,inswinger,central,Man-to-Man,4,2,1,2,0,0,1,0,1,1,1,1,0,0.1185,0
throw_in,inswinger,wide_channel,Hybrid,4,1,7,2,0,1,1,1,1,0,0,1,0,0.1231,1
throw_in,driven,wide_channel,High Zonal,6,6,1,4,0,0,0,1,0,0,0,0,0,0.0622,1
kick_off,straight,near_post,Man-to-Man,11,1,10,1,0,0,1,0,1,0,1,1,1,0.0664,0
corner,inswinger,six_yard,Deep Zonal,5,5,5,1,0,0,0,1,0,0,0,1,1,0.164,0
throw_in,inswinger,near_post,High Zonal,8,5,5,0,1,0,0,1,1,0,0,0,0,0.1604,1
penalty,straight,wide_channel,High Zonal,8,4,2,4,0,0,0,0,0,0,0,0,0,0.7648,0
free_kick_wide,long,penalty_spot,Deep Zonal,8,3,7,0,0,0,0,1,0,0,0,1,0,0.1121,0
kick_off,straight,near_post,Man-to-Man,4,7,6,2,1,0,1,0,1,1,0,0,0,0.1065,1
corner,long,six_yard,High Zonal,10,6,10,2,0,1,0,0,1,1,0,0,1,0.1888,1
throw_in,driven,far_post,Hybrid,10,2,1,4,0,0,0,1,1,0,1,0,0,0.072,1
throw_in,outswinger,near_post,Hybrid,3,7,8,2,0,0,0,1,0,0,1,0,1,0.1254,1
kick_off,driven,edge_box,Hybrid,6,1,10,0,1,0,1,1,1,1,0,0,0,0.1167,1
free_kick_central,inswinger,edge_box,Hybrid,10,6,10,1,1,0,0,1,0,0,0,0,0,0.1183,0
free_kick_wide,straight,far_post,Deep Zonal,5,3,7,2,1,0,0,1,0,1,0,0,0,0.1293,0
goal_kick,inswinger,edge_box,Deep Zonal,7,3,9,3,1,1,1,0,1,0,0,0,0,0.0921,1
goal_kick,inswinger,near_post,High Zonal,10,4,1,0,0,0,0,1,0,0,0,1,0,0.0734,0
free_kick_central,inswinger,central,Hybrid,10,4,1,3,0,0,0,1,0,1,0,0,0,0.1406,1
goal_kick,inswinger,edge_box,Hybrid,6,1,7,0,1,0,0,1,0,0,0,0,0,0.0743,1
corner,driven,central,High Zonal,9,2,3,0,0,0,0,1,1,0,0,0,0,0.1398,0
throw_in,short,far_post,Hybrid,11,6,8,0,1,0,0,1,1,1,0,0,0,0.0788,0
kick_off,lofted,wide_channel,High Zonal,7,5,8,0,0,1,0,0,0,0,0,0,0,0.1122,1
free_kick_wide,short,six_yard,Hybrid,11,3,7,3,0,0,0,0,0,0,0,0,0,0.1013,1
free_kick_central,short,penalty_spot,High Zonal,9,4,9,4,0,0,0,1,1,0,0,0,1,0.1791,1
play_restart,inswinger,penalty_spot,Man-to-Man,8,3,3,0,0,0,0,1,0,0,1,0,0,0.1014,1
goal_kick,short,six_yard,Hybrid,9,7,9,4,0,0,0,1,1,0,0,1,0,0.1407,1
kick_off,straight,six_yard,Hybrid,4,1,9,1,0,0,0,0,0,1,0,0,0,0.0982,0
free_kick_wide,lofted,near_post,High Zonal,3,5,4,4,0,0,1,0,1,0,0,1,0,0.1723,1
play_restart,lofted,far_post,High Zonal,10,3,3,4,0,0,0,1,0,1,1,0,0,0.091,1
corner,inswinger,central,High Zonal,9,2,7,3,0,1,0,0,0,1,0,0,0,0.1268,1
free_kick_central,short,near_post,Hybrid,11,2,9,2,0,0,0,1,1,0,0,0,0,0.1274,0
free_kick_central,short,central,High Zonal,7,3,7,4,1,0,0,0,0,1,1,1,0,0.1375,1
goal_kick,short,penalty_spot,Deep Zonal,6,2,2,2,0,0,0,0,0,0,1,1,0,0.0797,1
kick_off,inswinger,edge_box,Deep Zonal,10,5,5,0,0,0,0,1,1,0,0,0,0,0.0635,1
throw_in,long,wide_channel,Deep Zonal,11,3,4,1,1,0,0,1,0,0,1,0,0,0.0248,1
throw_in,driven,far_post,Deep Zonal,10,7,6,0,1,0,0,0,0,1,0,0,1,0.058,1
free_kick_wide,outswinger,far_post,Deep Zonal,10,2,6,1,1,0,1,0,0,0,1,0,0,0.1012,1
free_kick_central,short,near_post,High Zonal,4,3,10,0,0,0,1,1,1,0,0,0,1,0.1834,1
free_kick_central,inswinger,central,Deep Zonal,10,3,9,2,0,0,1,0,0,0,0,0,0,0.1257,0
corner,lofted,near_post,Hybrid,3,5,6,2,1,1,1,1,1,1,0,0,1,0.2075,0
free_kick_central,inswinger,wide_channel,High Zonal,9,3,2,2,0,0,0,1,1,0,1,0,0,0.1337,1
goal_kick,outswinger,near_post,Hybrid,4,2,2,1,0,0,0,0,1,0,1,0,0,0.0979,1
throw_in,outswinger,edge_box,Deep Zonal,3,3,2,1,1,0,0,1,0,0,0,0,1,0.0751,1
goal_kick,driven,central,Deep Zonal,9,7,6,2,0,1,0,0,0,1,0,0,0,0.0914,1
free_kick_wide,long,penalty_spot,Deep Zonal,6,6,2,1,1,0,1,1,1,0,0,1,1,0.1943,1
free_kick_central,inswinger,six_yard,Hybrid,10,5,2,0,1,1,1,0,0,1,0,0,1,0.1688,0
corner,inswinger,wide_channel,Hybrid,5,7,2,3,0,0,0,1,0,0,0,1,0,0.0799,1
free_kick_wide,long,central,Hybrid,9,6,7,2,0,0,0,1,0,0,1,0,0,0.1422,1
free_kick_central,straight,wide_channel,High Zonal,8,6,3,0,0,0,0,1,0,0,1,1,1,0.1424,0
corner,inswinger,central,Hybrid,10,3,10,4,1,0,1,1,0,0,1,1,0,0.176,1
corner,lofted,six_yard,Man-to-Man,10,4,5,1,0,0,0,0,1,0,0,0,0,0.1197,0
throw_in,inswinger,near_post,High Zonal,8,7,7,3,1,0,1,0,0,1,0,0,0,0.1509,1
free_kick_wide,short,penalty_spot,Deep Zonal,6,7,6,0,0,0,1,0,0,0,1,1,0,0.1648,1
free_kick_wide,outswinger,edge_box,Hybrid,7,6,9,1,1,0,1,0,0,1,1,0,0,0.153,1
corner,long,six_yard,Man-to-Man,8,1,2,1,0,0,0,1,1,1,0,0,1,0.0898,0
free_kick_central,driven,six_yard,Man-to-Man,11,2,8,0,0,1,0,0,1,0,0,0,1,0.1747,0
free_kick_wide,straight,central,Deep Zonal,4,4,6,2,1,0,0,0,0,1,0,0,1,0.1714,0
free_kick_central,long,six_yard,High Zonal,3,4,5,1,0,1,1,1,1,0,1,0,0,0.2044,1
throw_in,lofted,central,Hybrid,7,5,7,1,0,1,0,1,1,0,0,0,0,0.162,0
corner,driven,central,Hybrid,6,2,6,2,1,0,0,1,1,0,0,0,1,0.1679,1
kick_off,straight,near_post,Deep Zonal,11,6,7,4,0,0,0,0,1,0,0,0,1,0.0727,0
corner,straight,central,High Zonal,5,6,6,1,0,0,0,0,0,1,0,1,0,0.1753,1
free_kick_central,driven,near_post,Man-to-Man,4,2,2,0,0,1,1,0,0,1,1,1,0,0.1726,0
corner,inswinger,edge_box,Hybrid,4,6,4,3,0,0,1,1,0,0,0,0,0,0.1381,1
free_kick_central,inswinger,near_post,High Zonal,11,2,10,2,1,0,0,1,1,0,0,0,0,0.1606,0
corner,outswinger,penalty_spot,Man-to-Man,8,4,1,4,0,0,0,0,0,0,1,0,0,0.1201,1
kick_off,driven,near_post,Hybrid,11,7,3,3,0,0,0,1,0,0,0,0,1,0.0892,1
free_kick_wide,inswinger,edge_box,Deep Zonal,5,3,8,0,0,0,1,1,1,0,0,0,0,0.1113,1
throw_in,outswinger,central,High Zonal,3,5,2,3,0,0,0,1,1,0,0,0,1,0.1419,1
corner,short,central,High Zonal,7,6,1,0,1,0,1,0,0,0,0,1,1,0.1156,1
corner,inswinger,penalty_spot,High Zonal,4,4,8,2,1,1,0,0,0,0,0,0,1,0.1947,1
free_kick_wide,outswinger,wide_channel,Hybrid,4,6,3,0,0,1,0,0,0,0,1,0,1,0.1041,1
free_kick_central,straight,wide_channel,Deep Zonal,10,5,3,3,1,1,0,1,1,1,1,0,0,0.1181,1
free_kick_central,outswinger,central,High Zonal,6,4,5,4,0,0,0,1,0,0,0,0,0,0.1797,1
play_restart,lofted,wide_channel,Hybrid,3,1,9,4,1,0,0,0,0,0,0,0,0,0.0794,1
throw_in,inswinger,penalty_spot,Hybrid,4,6,10,0,0,0,1,1,1,0,0,0,1,0.2439,0
play_restart,driven,wide_channel,High Zonal,6,3,3,4,0,0,1,0,0,0,1,0,0,0.0609,1
corner,straight,near_post,Man-to-Man,11,2,4,3,0,0,0,1,0,0,0,0,0,0.0665,0
goal_kick,inswinger,near_post,Deep Zonal,8,7,6,4,0,0,0,1,0,1,1,0,0,0.1091,1
penalty,inswinger,near_post,High Zonal,7,3,8,2,0,0,0,0,1,0,0,0,1,0.7662,1
throw_in,short,six_yard,High Zonal,8,3,1,3,0,0,0,1,0,0,0,0,1,0.1009,1
play_restart,straight,near_post,Man-to-Man,10,7,5,2,0,0,1,1,0,1,0,0,0,0.102,0
throw_in,outswinger,near_post,Hybrid,4,3,2,3,1,0,1,1,0,1,0,1,0,0.1138,1
kick_off,lofted,penalty_spot,Hybrid,7,6,3,3,1,0,0,1,0,1,0,0,0,0.1301,1
throw_in,straight,wide_channel,Man-to-Man,6,4,7,1,0,1,0,1,0,0,0,0,1,0.1015,1
corner,lofted,penalty_spot,Hybrid,3,1,1,1,0,0,0,1,0,0,0,0,0,0.1406,1
throw_in,inswinger,edge_box,High Zonal,7,5,9,4,1,0,0,0,1,0,0,0,0,0.0935,1
free_kick_central,inswinger,central,High Zonal,9,4,1,4,0,1,0,0,0,1,1,0,1,0.1848,1
kick_off,short,wide_channel,High Zonal,8,6,9,0,0,0,0,1,1,0,0,0,1,0.1187,0
goal_kick,outswinger,near_post,High Zonal,3,3,5,0,0,0,0,0,1,0,1,1,0,0.118,0
corner,inswinger,central,Hybrid,6,2,6,3,0,1,0,1,0,0,0,1,1,0.1805,0
corner,inswinger,far_post,High Zonal,6,2,5,3,0,0,0,1,0,0,1,1,0,0.1116,0
corner,inswinger,central,Deep Zonal,4,4,4,1,1,1,0,0,1,1,1,0,0,0.1519,1
free_kick_central,long,edge_box,Hybrid,7,7,7,4,1,0,0,0,1,0,0,0,0,0.106,1
corner,outswinger,edge_box,Hybrid,7,4,4,0,0,0,0,0,0,0,0,1,0,0.0873,0
throw_in,lofted,central,High Zonal,10,1,1,0,0,0,0,1,0,0,0,0,0,0.0598,0
penalty,inswinger,near_post,High Zonal,9,6,1,2,1,1,1,1,1,0,0,1,0,0.7713,1
goal_kick,straight,near_post,High Zonal,11,3,3,2,0,0,0,1,1,0,0,0,0,0.0904,1
corner,straight,near_post,High Zonal,6,3,3,1,1,1,1,1,0,1,0,0,0,0.1426,1
free_kick_central,short,wide_channel,Deep Zonal,4,6,1,3,0,0,0,1,0,0,0,0,0,0.0907,0
corner,driven,penalty_spot,Deep Zonal,7,1,1,4,1,1,0,1,1,0,1,0,0,0.1458,1
kick_off,driven,near_post,Hybrid,8,1,9,0,0,0,0,1,1,0,0,0,0,0.0997,0
corner,inswinger,near_post,Deep Zonal,5,2,5,3,0,0,0,1,0,1,0,1,0,0.1238,1
corner,straight,six_yard,Deep Zonal,7,3,4,2,0,0,0,1,0,0,1,0,0,0.084,1
corner,driven,six_yard,Deep Zonal,11,7,10,4,0,0,0,1,0,0,0,1,0,0.1119,1
goal_kick,inswinger,wide_channel,Man-to-Man,9,5,6,1,0,0,0,1,1,0,1,1,0,0.0826,1
corner,short,near_post,Deep Zonal,8,6,2,3,0,0,0,1,0,1,0,0,1,0.08,1
throw_in,outswinger,far_post,High Zonal,11,3,8,3,0,0,0,0,0,0,0,1,1,0.0904,0
goal_kick,straight,near_post,Deep Zonal,3,3,8,1,1,1,0,0,0,1,0,0,0,0.1048,1
goal_kick,straight,edge_box,Man-to-Man,7,3,3,2,0,1,1,1,1,1,0,0,0,0.1126,1
corner,straight,far_post,Deep Zonal,5,1,7,3,1,1,0,1,0,0,0,0,0,0.1393,1
corner,driven,edge_box,Man-to-Man,5,4,2,2,0,0,0,1,1,0,0,0,0,0.0826,1
free_kick_central,short,near_post,Deep Zonal,10,3,10,3,0,0,1,0,0,0,0,0,1,0.1267,1
corner,lofted,edge_box,Hybrid,10,7,6,3,0,1,0,1,1,1,0,0,1,0.1408,1
throw_in,long,central,Hybrid,7,5,3,1,1,0,0,0,0,0,1,1,1,0.0994,1
free_kick_wide,straight,six_yard,Man-to-Man,7,7,10,3,0,0,0,0,1,1,1,1,0,0.1576,1
free_kick_central,straight,central,Hybrid,8,2,6,2,0,0,0,1,0,0,1,0,0,0.0907,1
corner,straight,edge_box,High Zonal,10,1,9,1,0,0,1,1,0,0,0,1,0,0.0877,0
penalty,driven,near_post,Man-to-Man,3,4,1,4,1,0,0,0,0,0,0,0,0,0.7628,1
corner,inswinger,edge_box,Deep Zonal,8,4,4,0,0,0,1,1,0,0,0,1,0,0.1005,0
throw_in,lofted,edge_box,Hybrid,3,4,5,3,0,0,0,1,0,0,0,0,1,0.0785,1
corner,short,far_post,High Zonal,11,5,3,1,0,0,0,1,0,0,1,0,0,0.0898,1
play_restart,short,central,High Zonal,5,6,6,3,0,0,0,1,0,1,0,0,0,0.146,1
throw_in,short,central,High Zonal,3,3,4,4,0,1,0,1,0,0,1,0,1,0.1214,1
corner,short,central,Man-to-Man,10,3,9,3,0,1,0,1,0,0,1,0,1,0.1402,1
corner,long,penalty_spot,Hybrid,9,2,3,1,0,0,0,1,1,0,1,0,0,0.1077,0
free_kick_wide,long,near_post,Hybrid,11,3,2,3,0,0,0,1,0,1,1,0,0,0.0776,0
corner,outswinger,near_post,Deep Zonal,6,5,10,1,0,1,1,1,1,1,1,0,0,0.1825,0
corner,short,central,High Zonal,5,6,8,0,0,0,1,1,0,0,1,0,0,0.1872,1
kick_off,straight,central,Hybrid,9,3,1,1,1,0,0,1,0,0,1,0,0,0.0513,1
throw_in,short,near_post,Man-to-Man,11,3,9,3,0,1,0,1,0,0,0,0,0,0.0842,1
corner,short,edge_box,High Zonal,11,7,2,1,0,1,0,1,0,0,0,0,0,0.0852,1
penalty,inswinger,near_post,Man-to-Man,6,3,7,0,0,0,0,1,0,0,1,0,0,0.7462,0
corner,long,wide_channel,Hybrid,8,2,1,2,1,0,0,1,1,0,0,0,1,0.0651,1
play_restart,straight,edge_box,Hybrid,10,3,3,4,0,0,1,0,0,1,0,1,0,0.0912,1
corner,short,far_post,Hybrid,9,1,9,2,1,1,0,1,1,0,1,0,1,0.1523,0
throw_in,long,six_yard,Hybrid,8,3,1,2,0,0,1,1,1,1,0,0,0,0.1173,1
goal_kick,long,penalty_spot,Man-to-Man,4,7,5,1,0,0,1,1,0,0,1,0,0,0.1448,1
corner,long,penalty_spot,Man-to-Man,8,6,4,2,0,0,0,1,0,0,0,1,0,0.1254,1
corner,outswinger,central,High Zonal,4,7,3,1,0,0,0,1,1,0,0,0,0,0.1734,1
free_kick_wide,inswinger,edge_box,Man-to-Man,7,3,2,4,0,0,0,1,1,0,0,1,0,0.1286,1
kick_off,long,near_post,Hybrid,8,3,4,3,0,0,0,1,1,0,0,0,0,0.0488,1
free_kick_central,outswinger,far_post,Hybrid,3,6,4,3,1,1,0,0,0,0,0,0,1,0.193,0
throw_in,inswinger,near_post,Hybrid,6,6,2,3,1,0,0,1,1,0,0,0,0,0.0856,1
goal_kick,inswinger,far_post,High Zonal,5,2,8,1,1,1,0,0,0,0,0,0,0,0.1356,1
goal_kick,outswinger,penalty_spot,High Zonal,4,6,2,3,1,1,1,1,0,0,1,1,0,0.1501,1
free_kick_central,lofted,near_post,Hybrid,8,1,4,4,0,0,0,0,0,0,0,0,0,0.1156,0
free_kick_central,inswinger,central,Hybrid,9,2,10,0,1,0,0,1,1,1,0,0,0,0.2145,0
throw_in,outswinger,six_yard,Man-to-Man,11,4,4,4,0,1,0,1,1,0,0,0,0,0.1634,1
corner,lofted,central,Hybrid,9,5,7,4,0,0,0,0,1,0,0,1,0,0.1463,1
goal_kick,lofted,near_post,Man-to-Man,4,6,5,0,1,0,0,0,1,1,1,0,0,0.1702,1
corner,outswinger,central,High Zonal,3,6,7,0,0,1,1,0,0,0,0,0,0,0.1665,1
corner,driven,wide_channel,Man-to-Man,10,2,8,2,0,0,0,0,1,0,0,0,0,0.0604,1
goal_kick,inswinger,edge_box,Deep Zonal,3,3,5,3,0,0,0,1,0,0,1,1,0,0.0775,1
free_kick_wide,long,penalty_spot,Hybrid,6,6,7,2,1,0,0,1,0,0,0,1,1,0.1514,1
corner,inswinger,six_yard,Deep Zonal,6,7,5,3,0,0,0,1,1,1,1,0,0,0.2147,0
corner,straight,edge_box,High Zonal,4,7,4,4,0,1,1,0,0,0,0,0,0,0.1595,1
free_kick_central,outswinger,six_yard,Deep Zonal,8,7,8,1,0,0,1,1,1,1,0,1,0,0.1919,1
goal_kick,long,edge_box,Deep Zonal,9,5,4,2,0,0,0,0,0,1,1,0,1,0.0201,1
corner,inswinger,six_yard,Hybrid,11,4,1,0,0,0,0,0,0,0,1,1,0,0.0944,1
corner,straight,penalty_spot,High Zonal,7,6,3,0,1,1,0,1,0,0,0,0,0,0.1679,1
free_kick_central,long,central,Hybrid,6,1,7,3,0,0,1,1,0,1,1,1,1,0.1483,1
play_restart,inswinger,near_post,High Zonal,4,7,7,4,1,0,0,1,0,0,1,0,0,0.1459,1
corner,driven,near_post,High Zonal,3,7,6,2,0,0,0,1,1,0,0,1,0,0.1688,1
play_restart,straight,far_post,Deep Zonal,10,4,5,3,0,0,0,0,0,0,0,0,0,0.0782,1
kick_off,inswinger,wide_channel,Man-to-Man,10,4,4,4,0,1,0,0,0,1,1,0,0,0.0749,1
corner,outswinger,edge_box,Hybrid,11,4,1,0,0,1,1,0,1,1,0,1,0,0.123,0
goal_kick,outswinger,edge_box,Man-to-Man,4,1,3,3,0,0,1,1,0,0,1,0,0,0.086,1
throw_in,inswinger,edge_box,High Zonal,6,2,10,3,1,1,1,0,1,1,0,0,0,0.1637,1
free_kick_central,short,wide_channel,Deep Zonal,8,6,9,4,1,0,0,0,0,0,0,1,0,0.0997,1
free_kick_wide,short,edge_box,Hybrid,10,1,1,1,1,1,0,0,0,0,0,1,0,0.0438,1
goal_kick,straight,central,Man-to-Man,6,5,10,3,0,1,1,1,0,0,0,1,1,0.1825,1
goal_kick,straight,far_post,High Zonal,4,3,8,4,0,0,0,1,0,0,0,0,0,0.0826,1
goal_kick,driven,far_post,Man-to-Man,11,1,1,2,1,0,0,1,1,0,0,0,0,0.0442,1
play_restart,outswinger,near_post,Man-to-Man,3,5,5,1,1,0,1,1,0,1,0,0,0,0.1561,1
free_kick_central,short,central,Deep Zonal,9,2,2,4,0,0,0,0,0,1,0,0,0,0.0753,1
goal_kick,driven,central,Man-to-Man,6,4,8,0,0,0,0,1,0,0,1,0,0,0.1552,1
kick_off,outswinger,near_post,Deep Zonal,3,7,7,4,0,1,0,0,1,0,0,0,0,0.1114,0
corner,short,central,High Zonal,7,5,3,4,1,0,0,1,1,0,0,0,0,0.0827,1
corner,lofted,wide_channel,Hybrid,6,7,8,0,0,0,1,1,0,0,0,1,0,0.1421,1
free_kick_wide,short,central,Deep Zonal,6,3,3,1,0,0,0,1,0,0,1,0,0,0.1265,0
goal_kick,lofted,six_yard,Deep Zonal,4,3,5,2,0,1,0,1,0,1,1,0,0,0.1212,1
corner,outswinger,near_post,High Zonal,9,5,2,0,1,1,0,1,1,0,0,1,0,0.1424,1
throw_in,short,wide_channel,Deep Zonal,5,1,10,0,0,1,0,0,0,0,1,0,0,0.0487,1
corner,outswinger,edge_box,Man-to-Man,4,6,2,1,0,0,1,0,1,0,0,0,0,0.1601,1
free_kick_wide,inswinger,wide_channel,Hybrid,6,3,9,4,1,0,0,0,0,0,0,0,0,0.1058,1
throw_in,lofted,far_post,Hybrid,4,4,9,2,1,1,0,1,0,1,0,0,0,0.1241,1
corner,outswinger,penalty_spot,Hybrid,7,4,2,3,0,1,1,0,0,1,0,0,0,0.1375,1
kick_off,lofted,central,Hybrid,7,1,2,3,0,0,0,1,1,0,1,0,0,0.092,1
corner,long,far_post,Man-to-Man,10,3,2,2,0,0,1,1,0,0,0,1,1,0.1205,1
kick_off,lofted,edge_box,Hybrid,11,1,9,0,0,0,0,1,0,1,0,0,0,0.065,1
corner,lofted,near_post,Deep Zonal,3,5,1,4,0,0,0,1,1,0,0,1,1,0.1134,1
play_restart,short,near_post,Man-to-Man,3,5,7,2,0,0,0,1,1,1,0,0,0,0.1381,1
throw_in,lofted,six_yard,Man-to-Man,6,1,9,1,0,0,0,1,0,0,0,0,0,0.0962,1
corner,long,near_post,Deep Zonal,3,1,3,2,1,1,0,0,1,0,1,0,1,0.1201,0
corner,short,edge_box,Man-to-Man,10,6,6,2,0,0,0,1,1,0,0,0,0,0.0786,1
corner,long,central,Man-to-Man,10,3,1,4,1,0,1,0,0,0,0,0,0,0.1571,1
throw_in,inswinger,central,Deep Zonal,6,6,10,1,0,0,1,1,0,1,0,0,1,0.1499,1
goal_kick,inswinger,central,Hybrid,11,5,7,4,0,0,0,1,1,1,0,0,0,0.1312,1
free_kick_wide,outswinger,far_post,High Zonal,7,6,8,0,1,0,1,1,0,0,0,0,0,0.181,0
free_kick_central,straight,six_yard,Deep Zonal,7,3,3,1,1,0,0,1,1,1,1,1,0,0.1906,0
throw_in,outswinger,six_yard,Deep Zonal,10,3,8,0,0,0,0,0,1,0,1,1,0,0.0854,1
free_kick_central,short,central,Hybrid,7,6,7,4,1,1,1,1,1,0,0,1,0,0.2619,1
throw_in,long,central,Man-to-Man,9,5,2,2,1,0,0,0,0,0,0,0,0,0.0845,1
free_kick_central,long,six_yard,Hybrid,5,4,6,2,0,0,1,0,0,0,0,0,1,0.1677,0
throw_in,driven,near_post,Hybrid,7,3,2,0,0,0,0,0,0,0,0,1,0,0.1003,0
play_restart,lofted,near_post,Deep Zonal,10,5,7,0,0,1,0,1,0,0,0,0,1,0.1065,1
free_kick_wide,driven,far_post,Man-to-Man,11,3,10,4,0,1,0,1,0,1,1,0,0,0.1458,1
corner,short,edge_box,High Zonal,4,7,9,4,0,0,0,1,1,1,1,1,0,0.1504,1
corner,outswinger,central,High Zonal,3,5,5,1,0,1,0,0,0,1,0,1,0,0.1389,0
penalty,lofted,near_post,Deep Zonal,8,3,9,3,0,1,1,0,1,1,1,0,0,0.7758,1
free_kick_wide,inswinger,wide_channel,Deep Zonal,3,6,10,1,0,1,0,1,0,0,0,0,0,0.1558,1
play_restart,inswinger,wide_channel,Man-to-Man,9,1,5,4,0,1,0,1,0,0,0,0,0,0.0666,1
throw_in,outswinger,edge_box,Man-to-Man,6,6,4,0,0,0,0,1,0,1,1,0,1,0.0881,0
free_kick_central,short,edge_box,High Zonal,10,3,2,0,0,0,0,1,0,0,0,0,0,0.0873,0
goal_kick,long,wide_channel,Deep Zonal,4,2,7,1,1,1,0,0,1,0,0,1,0,0.0633,1
corner,inswinger,penalty_spot,Deep Zonal,3,6,4,0,1,0,0,0,0,0,0,0,0,0.156,1
goal_kick,driven,edge_box,High Zonal,4,5,6,3,1,0,0,1,1,0,0,0,0,0.1032,1
corner,inswinger,far_post,Man-to-Man,3,1,10,4,1,0,0,0,1,1,0,0,0,0.1824,1
throw_in,outswinger,central,Hybrid,4,2,1,4,0,0,1,0,0,0,1,1,0,0.091,1
play_restart,outswinger,six_yard,Hybrid,9,4,3,4,0,0,0,0,0,0,0,0,1,0.1066,1
goal_kick,outswinger,edge_box,Hybrid,9,5,6,0,0,0,0,0,0,1,1,0,0,0.0486,1
goal_kick,long,central,Hybrid,8,6,8,0,0,0,0,1,1,0,1,0,0,0.0957,1
free_kick_wide,inswinger,penalty_spot,Hybrid,6,3,10,0,0,0,1,0,0,0,1,1,0,0.1713,0
goal_kick,inswinger,six_yard,High Zonal,5,6,9,3,1,1,0,1,1,0,0,0,0,0.212,1
penalty,inswinger,central,Deep Zonal,10,6,5,0,0,0,1,0,0,1,1,0,0,0.7233,1
throw_in,driven,edge_box,Man-to-Man,10,3,6,3,0,1,0,0,1,1,0,0,0,0.078,1
corner,lofted,near_post,Hybrid,5,7,5,2,1,0,1,1,1,0,1,1,0,0.1489,1
corner,long,penalty_spot,Deep Zonal,11,7,2,3,1,1,1,1,0,0,0,0,0,0.1785,1
penalty,short,wide_channel,Man-to-Man,8,3,8,0,1,0,0,1,1,0,0,0,0,0.7632,1
corner,lofted,six_yard,Hybrid,6,4,9,2,1,0,0,1,0,0,1,0,0,0.1828,0
goal_kick,outswinger,six_yard,Man-to-Man,4,7,8,0,0,0,0,1,0,0,1,0,0,0.1445,0
goal_kick,inswinger,edge_box,High Zonal,8,4,4,0,0,1,1,0,0,0,0,1,0,0.0791,1
play_restart,short,far_post,High Zonal,3,6,9,3,0,0,0,0,0,0,1,0,0,0.1148,1
corner,outswinger,edge_box,Deep Zonal,5,6,3,2,1,0,1,1,0,1,1,0,1,0.1293,1
play_restart,straight,central,High Zonal,9,4,5,3,0,0,0,0,1,0,0,1,0,0.1234,1
corner,straight,penalty_spot,Man-to-Man,7,3,3,0,0,0,1,0,1,1,1,0,1,0.1436,1
free_kick_central,outswinger,penalty_spot,High Zonal,4,4,5,1,1,0,1,1,1,1,1,0,0,0.2337,0
goal_kick,straight,penalty_spot,Hybrid,4,6,10,0,0,0,0,1,1,0,1,0,0,0.1305,1
corner,straight,far_post,Hybrid,9,3,5,2,0,0,0,0,0,0,0,1,0,0.043,1
corner,inswinger,central,Hybrid,10,6,8,2,0,0,0,1,0,0,1,0,1,0.1317,1
corner,driven,central,Man-to-Man,9,2,10,3,0,0,0,0,0,1,0,1,1,0.1477,1
free_kick_central,long,central,High Zonal,4,4,2,0,0,1,0,0,1,0,0,0,0,0.1661,1
goal_kick,inswinger,far_post,Hybrid,9,1,10,0,1,1,1,0,1,0,0,1,0,0.1005,1
corner,inswinger,near_post,High Zonal,5,6,2,4,0,0,1,1,0,0,0,0,0,0.1252,1
corner,inswinger,wide_channel,Man-to-Man,8,5,7,3,1,0,0,1,1,0,0,0,0,0.1228,1
penalty,inswinger,near_post,Hybrid,8,1,5,0,0,1,1,1,0,1,1,0,1,0.7725,1
corner,inswinger,six_yard,High Zonal,10,2,3,1,1,0,1,1,0,1,0,0,0,0.155,0
throw_in,inswinger,central,Deep Zonal,10,4,7,2,1,0,0,0,0,0,0,0,1,0.0686,0
play_restart,driven,six_yard,Deep Zonal,3,4,10,2,1,0,1,0,1,1,0,0,1,0.1711,1
goal_kick,driven,edge_box,High Zonal,3,1,1,3,0,1,0,1,1,0,0,1,1,0.1134,1
kick_off,driven,wide_channel,High Zonal,11,7,2,1,1,1,0,1,0,1,0,1,0,0.0799,0
free_kick_central,short,six_yard,Hybrid,5,4,6,2,1,0,1,1,1,0,0,0,0,0.1778,1
goal_kick,long,edge_box,Hybrid,3,5,2,3,0,0,0,1,0,1,1,1,1,0.0629,1
corner,long,near_post,High Zonal,4,6,4,0,1,0,1,1,0,0,0,0,0,0.147,1
corner,driven,penalty_spot,Deep Zonal,7,2,5,2,1,0,0,1,0,0,0,0,0,0.1663,0
throw_in,long,central,Deep Zonal,10,3,5,1,1,1,0,1,0,0,0,0,0,0.083,1
corner,long,six_yard,High Zonal,11,6,7,3,1,0,0,1,0,0,0,0,0,0.1628,0
kick_off,driven,six_yard,High Zonal,8,6,5,0,1,0,0,1,1,0,0,1,0,0.1516,0
throw_in,short,central,Man-to-Man,5,2,1,1,0,1,0,1,0,0,1,0,0,0.091,1
play_restart,outswinger,edge_box,Deep Zonal,9,3,7,3,0,1,0,1,0,1,0,0,0,0.0899,1
free_kick_wide,inswinger,central,Hybrid,10,6,4,2,0,0,0,1,0,0,0,0,0,0.0932,0
free_kick_central,straight,edge_box,Deep Zonal,6,3,1,0,1,0,0,1,0,0,0,0,0,0.1138,0
goal_kick,inswinger,penalty_spot,Man-to-Man,8,1,8,4,0,0,0,0,0,0,0,0,0,0.1018,0
corner,inswinger,far_post,Deep Zonal,7,4,5,0,0,1,0,1,1,0,0,0,0,0.123,1
penalty,inswinger,six_yard,High Zonal,10,1,7,2,0,0,1,1,0,0,1,1,0,0.7452,0
throw_in,outswinger,central,Man-to-Man,8,5,7,0,1,0,1,1,1,0,0,0,0,0.1781,1
play_restart,lofted,edge_box,Man-to-Man,3,7,1,2,1,1,0,1,0,0,0,0,0,0.1094,1
goal_kick,straight,edge_box,Man-to-Man,10,1,9,1,0,1,0,0,0,0,1,0,0,0.0194,0
corner,outswinger,central,High Zonal,8,2,3,3,0,0,0,0,1,0,0,0,1,0.0666,0
free_kick_central,straight,far_post,Man-to-Man,6,4,8,3,1,1,0,1,0,0,1,0,0,0.1775,1
throw_in,outswinger,near_post,Man-to-Man,4,2,8,4,0,0,0,1,0,0,0,1,1,0.1678,1
corner,long,penalty_spot,Deep Zonal,9,4,2,0,0,0,0,0,0,0,0,1,1,0.0897,1
free_kick_wide,short,six_yard,Man-to-Man,3,2,2,3,1,1,1,1,1,0,1,0,0,0.2134,1
corner,inswinger,near_post,High Zonal,4,5,9,1,1,0,0,0,0,0,0,0,0,0.1381,1
corner,short,near_post,High Zonal,9,3,1,3,0,1,0,0,0,0,0,0,0,0.0881,1
free_kick_central,inswinger,far_post,High Zonal,5,7,3,4,0,0,0,0,1,1,0,0,0,0.1526,1
corner,long,central,Deep Zonal,9,6,10,4,1,0,0,1,0,1,1,0,0,0.122,1
throw_in,lofted,central,Hybrid,5,7,2,4,0,1,1,1,0,0,1,0,0,0.1414,1
corner,lofted,penalty_spot,High Zonal,9,2,7,4,1,1,1,1,0,0,0,0,1,0.1838,0
throw_in,outswinger,far_post,Deep Zonal,9,7,4,3,1,1,0,0,1,0,0,1,0,0.1135,0
corner,long,six_yard,Deep Zonal,9,1,5,4,0,0,1,0,0,1,0,0,0,0.1207,1
kick_off,driven,far_post,Hybrid,9,2,2,3,0,0,1,1,0,0,0,1,0,0.0684,1
corner,driven,penalty_spot,Man-to-Man,10,7,6,0,0,1,0,1,0,0,0,0,0,0.1964,0
free_kick_central,outswinger,far_post,High Zonal,6,7,4,4,0,0,1,1,0,0,0,0,0,0.1833,1
free_kick_wide,straight,central,Deep Zonal,7,3,7,3,0,0,0,1,0,0,0,1,0,0.1203,0
corner,outswinger,far_post,Man-to-Man,3,6,8,4,0,1,0,1,1,0,0,1,0,0.1483,1
free_kick_central,inswinger,edge_box,High Zonal,6,1,5,1,0,0,1,1,1,0,1,0,1,0.1426,0
goal_kick,long,wide_channel,High Zonal,7,3,1,2,1,0,0,1,1,0,0,0,0,0.0639,1
kick_off,straight,near_post,Man-to-Man,9,1,7,2,1,1,1,1,1,0,0,0,0,0.1255,1
free_kick_wide,outswinger,penalty_spot,Hybrid,11,4,5,0,1,0,0,0,1,0,0,1,0,0.1751,1
corner,driven,penalty_spot,Man-to-Man,8,7,8,3,1,1,0,0,0,1,0,0,0,0.229,1
throw_in,straight,near_post,High Zonal,4,5,8,1,0,0,1,1,0,0,0,0,0,0.1373,1
throw_in,lofted,six_yard,Hybrid,4,4,2,0,0,1,1,0,0,1,0,0,0,0.1424,1
corner,driven,central,High Zonal,7,2,2,1,1,0,0,1,0,0,0,0,1,0.1265,0
goal_kick,driven,six_yard,Hybrid,6,5,5,3,1,0,0,1,0,0,0,1,0,0.1465,1
free_kick_central,driven,penalty_spot,Deep Zonal,11,3,10,3,0,0,1,1,0,0,0,0,1,0.1712,1
throw_in,inswinger,near_post,Deep Zonal,4,5,4,1,1,0,0,1,0,0,1,1,0,0.0902,0
free_kick_wide,inswinger,edge_box,Hybrid,8,1,5,1,1,0,0,0,0,0,1,1,0,0.1137,1
free_kick_wide,lofted,near_post,Deep Zonal,10,4,8,4,0,0,0,0,1,0,1,1,0,0.0613,1
corner,inswinger,edge_box,Man-to-Man,6,4,9,2,1,0,0,1,1,1,0,0,0,0.148,1
goal_kick,straight,six_yard,Man-to-Man,5,6,8,1,1,0,0,0,0,0,1,0,0,0.1324,1
corner,short,penalty_spot,High Zonal,4,7,10,4,1,0,1,0,1,0,0,0,0,0.1796,1
goal_kick,outswinger,central,Hybrid,8,7,9,0,0,0,1,1,0,0,1,1,0,0.117,0
goal_kick,outswinger,far_post,Deep Zonal,8,3,2,3,1,0,0,1,1,0,0,0,0,0.0669,1
goal_kick,straight,far_post,Deep Zonal,9,5,5,2,1,0,0,0,0,0,0,1,0,0.0504,0
corner,straight,edge_box,Deep Zonal,10,5,8,1,0,0,0,1,1,1,0,0,0,0.1063,1
corner,long,penalty_spot,Hybrid,11,6,6,3,1,0,0,0,0,0,0,1,1,0.1403,0
free_kick_central,inswinger,far_post,Man-to-Man,4,6,2,1,0,0,0,0,1,1,1,1,0,0.1743,1
throw_in,straight,edge_box,Man-to-Man,6,1,8,3,1,0,0,0,0,1,0,1,1,0.1177,1
kick_off,inswinger,edge_box,Man-to-Man,5,6,2,1,1,1,0,1,1,1,1,0,0,0.1182,0
free_kick_wide,short,edge_box,Deep Zonal,10,4,4,3,0,0,1,1,1,1,1,0,0,0.0429,0
kick_off,inswinger,central,Man-to-Man,4,7,10,2,1,0,1,1,1,0,0,1,0,0.216,1
corner,inswinger,far_post,Hybrid,8,5,10,4,0,0,0,1,0,1,0,0,0,0.1286,1
free_kick_wide,driven,far_post,High Zonal,5,3,1,2,1,0,1,1,0,0,1,0,0,0.1356,0
corner,outswinger,six_yard,High Zonal,3,2,4,0,0,1,0,0,0,0,0,0,1,0.1008,0
goal_kick,long,six_yard,High Zonal,8,7,4,3,0,0,0,1,0,1,0,0,1,0.1086,1
corner,outswinger,six_yard,Hybrid,6,2,6,0,1,1,0,1,0,0,0,0,0,0.1563,1
corner,outswinger,central,Man-to-Man,9,1,9,3,0,0,1,1,0,0,0,1,0,0.1468,1
goal_kick,outswinger,edge_box,Deep Zonal,6,1,9,1,0,0,0,0,0,1,0,0,1,0.083,1
free_kick_central,driven,six_yard,High Zonal,4,4,2,4,1,0,0,0,0,1,0,0,0,0.1693,0
corner,straight,near_post,Man-to-Man,4,2,8,1,0,0,0,0,0,0,0,0,1,0.0809,0
corner,outswinger,near_post,Man-to-Man,4,5,1,2,0,0,1,1,1,1,0,0,0,0.1296,1
free_kick_central,short,near_post,Man-to-Man,6,6,6,2,0,0,1,0,1,0,1,0,1,0.1611,1
free_kick_wide,straight,penalty_spot,Man-to-Man,5,3,6,0,0,0,0,1,0,0,0,0,0,0.1601,1
corner,driven,far_post,High Zonal,4,1,5,1,0,0,1,0,0,1,1,1,0,0.1304,1
throw_in,lofted,central,Man-to-Man,5,3,9,4,0,0,0,0,1,0,1,0,0,0.1096,1
corner,short,far_post,Man-to-Man,10,5,7,1,0,1,0,1,1,0,1,0,0,0.1444,1
throw_in,straight,edge_box,Deep Zonal,10,6,10,3,0,1,1,1,1,1,0,0,0,0.0901,1
free_kick_wide,outswinger,six_yard,Deep Zonal,6,1,5,2,0,0,0,0,0,0,1,0,0,0.1513,0
corner,lofted,edge_box,Man-to-Man,7,7,5,1,0,1,0,0,1,1,0,0,0,0.1365,1
corner,straight,six_yard,Deep Zonal,4,5,6,3,1,0,0,1,0,0,0,0,1,0.1327,1
corner,inswinger,penalty_spot,Hybrid,6,4,3,0,0,0,1,1,0,0,0,0,0,0.1369,1
corner,lofted,six_yard,High Zonal,8,2,8,4,1,1,0,1,0,0,0,0,0,0.143,1
free_kick_wide,lofted,far_post,High Zonal,3,7,4,3,0,0,0,1,1,1,0,0,0,0.1354,1
kick_off,straight,six_yard,Hybrid,10,2,2,3,0,0,1,1,0,0,1,1,0,0.0895,1
goal_kick,outswinger,six_yard,Man-to-Man,11,4,5,0,1,0,0,1,1,1,0,0,0,0.1493,0
free_kick_wide,long,edge_box,Hybrid,11,4,7,1,0,0,1,1,1,1,0,0,1,0.1091,0
penalty,driven,far_post,High Zonal,4,4,6,1,0,0,1,1,1,0,0,1,0,0.7518,1
penalty,straight,central,High Zonal,11,2,1,1,0,0,1,1,1,1,0,1,0,0.7778,0
goal_kick,outswinger,central,Hybrid,4,7,1,0,1,0,0,1,0,0,0,0,0,0.1395,1
corner,outswinger,near_post,Hybrid,10,3,8,0,0,0,0,1,1,0,0,0,0,0.0956,1
corner,outswinger,near_post,Hybrid,4,5,10,2,0,0,1,0,1,1,0,1,0,0.1877,1
free_kick_wide,inswinger,far_post,Hybrid,6,5,3,2,0,1,0,0,1,0,0,0,0,0.1342,0
corner,driven,near_post,High Zonal,11,2,10,1,0,1,1,1,0,0,1,0,0,0.125,1
free_kick_wide,inswinger,six_yard,High Zonal,7,7,5,2,1,0,0,1,0,0,0,0,0,0.1497,1
kick_off,straight,penalty_spot,Deep Zonal,4,4,2,4,1,0,1,1,0,1,1,0,0,0.1591,0
kick_off,driven,six_yard,Hybrid,6,5,3,4,1,0,0,1,1,0,0,0,0,0.1375,1
corner,straight,far_post,Man-to-Man,5,5,10,4,0,1,1,0,0,0,0,0,1,0.166,1
free_kick_central,outswinger,central,High Zonal,11,4,4,1,1,1,0,1,0,0,0,0,1,0.1986,1
free_kick_wide,lofted,central,Man-to-Man,6,5,9,0,0,0,0,0,0,0,0,0,0,0.1542,1
free_kick_central,inswinger,six_yard,Hybrid,3,4,7,1,0,0,0,0,1,0,0,1,0,0.1886,0
penalty,driven,near_post,High Zonal,4,6,9,1,0,0,0,0,1,0,0,1,1,0.73,0
corner,inswinger,edge_box,Man-to-Man,7,4,5,0,0,0,0,0,0,0,0,0,0,0.0682,1
goal_kick,straight,central,Man-to-Man,3,6,2,1,0,0,0,1,0,0,0,1,1,0.1459,0
play_restart,short,central,Hybrid,5,4,5,2,1,0,1,1,0,0,0,0,0,0.1105,1
throw_in,straight,near_post,Man-to-Man,8,7,10,1,0,0,0,1,0,0,0,0,0,0.0982,1
throw_in,short,far_post,Deep Zonal,10,4,10,4,0,0,1,0,0,1,0,0,1,0.0919,1
free_kick_central,outswinger,near_post,Hybrid,3,5,5,4,0,0,0,1,0,0,0,0,0,0.1456,1
free_kick_wide,short,six_yard,Deep Zonal,6,4,2,1,0,0,0,0,0,1,1,0,0,0.0893,1
corner,inswinger,near_post,Man-to-Man,6,3,3,2,1,0,0,0,1,0,1,0,0,0.1002,0
throw_in,driven,central,Hybrid,10,6,4,2,0,0,0,1,0,0,1,1,0,0.0779,1
corner,short,near_post,Man-to-Man,10,5,10,1,0,0,1,1,0,0,0,0,0,0.1211,0
goal_kick,straight,wide_channel,Man-to-Man,11,3,6,0,1,0,0,1,0,1,0,1,0,0.0656,0
free_kick_wide,inswinger,penalty_spot,Hybrid,8,6,5,1,0,1,0,1,0,0,0,1,0,0.165,1
free_kick_wide,straight,penalty_spot,Man-to-Man,4,1,9,2,1,0,1,1,0,1,1,0,1,0.2353,1
free_kick_wide,short,far_post,Deep Zonal,11,1,2,1,1,0,0,1,0,0,0,0,0,0.047,0
play_restart,outswinger,six_yard,Man-to-Man,9,5,3,1,1,0,0,1,1,1,0,1,0,0.1546,1
corner,long,near_post,Deep Zonal,8,4,8,2,0,0,0,1,1,0,0,0,0,0.0781,1
corner,inswinger,edge_box,Man-to-Man,6,6,4,0,0,0,0,0,0,1,1,0,0,0.1099,1
corner,outswinger,six_yard,High Zonal,10,5,6,3,1,0,0,0,0,0,0,0,1,0.1341,1
throw_in,long,near_post,High Zonal,6,6,9,3,0,0,1,0,1,0,1,1,0,0.1183,1
play_restart,inswinger,near_post,Deep Zonal,5,2,8,4,0,0,0,1,0,0,0,0,0,0.131,1
corner,outswinger,penalty_spot,High Zonal,5,2,6,0,0,0,1,0,0,0,0,0,0,0.1379,1
kick_off,long,near_post,Man-to-Man,8,2,1,3,0,0,0,0,1,0,0,0,0,0.0537,1
corner,long,central,High Zonal,8,5,9,0,0,0,0,0,0,0,0,0,1,0.1453,1
throw_in,inswinger,far_post,Deep Zonal,5,5,1,3,0,1,0,1,0,1,0,0,1,0.1043,1
corner,inswinger,near_post,High Zonal,6,7,1,1,1,1,1,1,0,0,1,0,0,0.1614,1
free_kick_central,straight,edge_box,Hybrid,5,2,3,4,0,0,1,1,0,0,0,0,1,0.139,1
throw_in,short,far_post,Hybrid,9,1,3,0,0,0,0,0,1,0,0,1,0,0.0113,1
free_kick_central,straight,penalty_spot,High Zonal,6,7,8,4,1,0,0,1,1,0,1,0,1,0.2581,1
corner,short,far_post,Deep Zonal,10,4,6,3,1,0,1,1,0,1,0,1,0,0.112,1
goal_kick,long,far_post,Hybrid,5,3,10,0,0,0,0,1,0,1,1,0,0,0.1255,0
play_restart,lofted,far_post,Deep Zonal,6,3,2,1,0,0,0,0,0,0,1,0,0,0.0541,0
free_kick_central,outswinger,six_yard,Hybrid,3,7,10,2,1,0,1,0,0,1,0,0,0,0.1981,0
throw_in,inswinger,far_post,High Zonal,3,6,5,3,1,0,0,0,1,0,1,0,0,0.1145,1
goal_kick,outswinger,penalty_spot,Deep Zonal,3,2,6,3,1,0,0,0,0,1,0,1,0,0.118,0
corner,inswinger,six_yard,Hybrid,3,3,1,2,0,0,0,1,0,0,1,1,1,0.1139,1
kick_off,straight,penalty_spot,High Zonal,11,7,8,3,0,1,0,0,1,0,0,0,0,0.1278,1
corner,driven,central,High Zonal,5,6,6,1,0,1,0,0,0,1,0,0,0,0.1481,1
goal_kick,outswinger,near_post,Man-to-Man,7,6,8,1,1,1,0,1,0,0,0,0,0,0.1337,1
corner,inswinger,penalty_spot,High Zonal,11,2,10,0,0,0,0,1,1,0,0,0,0,0.1305,1
corner,short,edge_box,Deep Zonal,7,5,3,3,0,1,0,1,1,1,1,0,1,0.1035,1
free_kick_central,lofted,edge_box,Hybrid,6,1,10,3,1,0,0,1,1,0,1,0,0,0.1746,1
free_kick_central,inswinger,edge_box,Hybrid,9,4,5,4,1,0,1,1,0,1,1,0,0,0.1348,1
goal_kick,driven,near_post,High Zonal,9,1,4,2,0,1,0,1,0,0,0,1,0,0.0856,1
play_restart,driven,edge_box,Deep Zonal,3,2,8,3,0,0,0,1,0,0,0,0,0,0.0618,0
corner,straight,penalty_spot,Hybrid,11,2,1,3,1,0,0,1,0,0,0,0,0,0.1086,0
corner,short,wide_channel,Deep Zonal,4,2,7,4,0,1,0,0,0,1,0,0,0,0.0703,1
free_kick_wide,straight,edge_box,Deep Zonal,6,6,10,2,0,0,1,1,0,0,0,0,0,0.1296,1
free_kick_central,outswinger,far_post,Man-to-Man,11,3,3,3,1,0,0,0,1,0,1,0,1,0.093,0
free_kick_central,straight,edge_box,Hybrid,8,2,6,4,0,0,1,1,0,1,0,0,0,0.0966,1
goal_kick,inswinger,penalty_spot,High Zonal,8,7,8,2,0,1,0,0,1,0,0,0,0,0.168,1
goal_kick,long,central,High Zonal,10,1,6,2,0,0,0,1,0,1,0,0,1,0.112,0
corner,driven,penalty_spot,High Zonal,7,2,10,3,0,0,0,1,0,1,0,0,0,0.1803,1
free_kick_central,outswinger,central,Deep Zonal,8,6,9,4,0,0,0,0,0,0,1,1,1,0.1691,1
throw_in,short,near_post,Deep Zonal,7,4,3,2,0,0,0,1,1,0,0,1,0,0.0529,1
free_kick_central,outswinger,edge_box,Deep Zonal,4,3,4,2,0,0,0,1,0,1,1,0,0,0.0948,1
corner,inswinger,far_post,Deep Zonal,5,3,7,1,0,1,0,0,1,0,1,1,0,0.1291,0
free_kick_wide,long,edge_box,Man-to-Man,9,5,5,4,1,0,0,1,0,1,1,0,0,0.0948,1
free_kick_wide,inswinger,far_post,Deep Zonal,5,3,4,0,0,1,1,0,0,0,1,0,0,0.1098,1
corner,driven,six_yard,Hybrid,11,1,9,4,0,0,0,1,1,1,0,0,0,0.1442,0
goal_kick,outswinger,edge_box,Deep Zonal,11,7,2,1,0,1,1,0,0,0,0,0,0,0.0403,0
free_kick_wide,driven,edge_box,High Zonal,9,7,5,1,0,1,0,1,1,0,1,0,0,0.1274,1
throw_in,straight,far_post,Hybrid,3,2,4,1,0,0,0,0,0,1,0,0,0,0.0714,0
free_kick_central,straight,wide_channel,Man-to-Man,9,4,8,3,1,0,1,1,0,0,1,1,1,0.1655,1
kick_off,long,far_post,High Zonal,11,4,10,1,0,0,0,1,1,1,0,1,1,0.0961,1
corner,short,edge_box,High Zonal,9,1,10,0,1,0,0,1,0,0,1,1,1,0.1274,1
corner,outswinger,far_post,High Zonal,8,3,4,2,1,0,1,0,1,0,1,0,1,0.1403,1
free_kick_wide,driven,central,Hybrid,8,5,4,4,1,1,0,0,0,0,0,0,0,0.1743,1
free_kick_wide,outswinger,penalty_spot,Man-to-Man,7,1,2,4,0,0,0,1,1,0,0,0,0,0.1409,0
corner,inswinger,far_post,Hybrid,5,3,9,1,0,1,0,0,0,0,0,0,0,0.1635,1
goal_kick,straight,central,Deep Zonal,7,2,4,3,0,1,1,1,0,1,0,1,1,0.1247,1
corner,short,far_post,High Zonal,11,3,4,2,0,0,0,1,0,0,0,0,1,0.0786,0
corner,short,near_post,Deep Zonal,3,5,4,1,1,0,0,1,0,0,0,0,0,0.077,1
free_kick_wide,driven,wide_channel,High Zonal,4,3,10,0,0,0,0,0,1,0,0,0,1,0.1365,0
goal_kick,short,penalty_spot,High Zonal,10,6,10,0,0,0,0,1,1,0,0,0,1,0.1416,1
goal_kick,outswinger,near_post,Hybrid,10,4,4,4,1,0,0,1,0,0,0,0,0,0.0775,1
throw_in,outswinger,edge_box,Deep Zonal,7,5,7,4,0,0,1,1,1,0,1,1,1,0.1224,1
penalty,inswinger,penalty_spot,Hybrid,6,5,3,4,0,1,0,1,0,0,1,1,0,0.7255,1
throw_in,long,edge_box,Man-to-Man,3,6,5,4,0,0,0,1,1,0,0,0,0,0.1079,0
throw_in,inswinger,penalty_spot,Man-to-Man,9,2,8,2,0,0,0,0,0,0,1,0,1,0.1471,1
corner,short,near_post,Hybrid,7,7,6,0,1,1,0,0,0,1,1,1,0,0.1226,1
penalty,short,central,Deep Zonal,10,6,10,0,0,0,0,1,0,1,0,0,0,0.7975,1
goal_kick,driven,edge_box,Deep Zonal,6,2,6,3,1,0,0,0,0,1,0,0,0,0.0648,1
free_kick_wide,inswinger,edge_box,Hybrid,10,1,8,3,0,0,0,1,0,0,0,0,0,0.0903,1
throw_in,outswinger,edge_box,Hybrid,11,1,5,4,0,0,1,0,0,0,1,1,1,0.0388,1
free_kick_central,lofted,near_post,Deep Zonal,4,5,8,1,0,0,0,1,0,0,0,0,1,0.1679,1
free_kick_central,short,six_yard,Hybrid,9,3,9,1,1,0,0,1,0,0,1,0,0,0.1388,1
corner,straight,far_post,Hybrid,8,2,10,4,0,0,1,1,0,1,0,1,0,0.1176,1
throw_in,long,edge_box,High Zonal,6,3,4,4,0,0,0,1,0,0,0,1,0,0.0722,1
kick_off,lofted,central,Hybrid,4,4,6,1,0,0,0,1,0,1,0,1,1,0.1133,1
corner,outswinger,edge_box,High Zonal,4,1,8,4,0,0,0,1,0,0,1,0,0,0.1243,1
free_kick_wide,lofted,wide_channel,Hybrid,4,4,9,2,1,0,0,0,1,0,0,0,0,0.1452,1
corner,inswinger,central,Hybrid,5,1,2,4,0,0,0,0,1,0,1,0,0,0.1007,1
corner,lofted,edge_box,Hybrid,7,5,1,0,0,1,1,1,0,0,1,0,0,0.1176,1
play_restart,inswinger,penalty_spot,Deep Zonal,7,1,1,2,0,0,1,1,0,0,0,0,0,0.0789,1
free_kick_central,outswinger,central,Hybrid,11,6,2,4,0,0,0,1,1,0,1,0,0,0.1715,1
free_kick_wide,inswinger,central,Man-to-Man,9,2,3,4,1,0,0,0,0,0,0,0,1,0.0866,1
corner,driven,edge_box,High Zonal,11,4,3,2,0,1,0,1,1,0,0,0,1,0.1251,0
play_restart,lofted,central,Hybrid,9,3,2,0,1,0,0,1,0,0,1,0,0,0.1048,1
corner,outswinger,near_post,Hybrid,8,7,10,4,0,0,0,1,0,0,0,0,0,0.116,1
throw_in,outswinger,six_yard,Deep Zonal,10,6,9,0,0,0,0,1,0,0,0,0,0,0.1149,1
corner,outswinger,penalty_spot,High Zonal,9,7,2,1,1,0,0,1,0,0,0,0,0,0.1314,1
corner,inswinger,edge_box,Man-to-Man,10,6,4,4,0,1,0,0,1,0,0,0,0,0.1048,1
throw_in,driven,penalty_spot,Deep Zonal,5,7,4,2,0,0,0,0,0,1,1,0,0,0.1426,1
corner,inswinger,far_post,Man-to-Man,9,2,9,1,1,0,0,1,0,0,0,0,0,0.1571,0
throw_in,lofted,edge_box,Deep Zonal,5,3,1,0,1,0,0,1,0,0,1,1,1,0.0533,1
corner,lofted,near_post,High Zonal,5,6,9,0,1,0,1,0,0,0,0,1,0,0.182,1
goal_kick,inswinger,central,High Zonal,9,1,1,3,1,0,0,0,0,1,1,1,0,0.1064,1
goal_kick,short,penalty_spot,Man-to-Man,7,2,6,3,0,0,0,1,0,0,1,0,0,0.0648,1
throw_in,lofted,wide_channel,Deep Zonal,10,6,6,0,0,0,0,0,1,0,1,0,0,0.0319,1
corner,driven,far_post,High Zonal,9,3,3,4,0,0,0,1,1,1,0,0,0,0.0866,0
throw_in,long,wide_channel,Man-to-Man,9,2,1,2,0,1,0,1,0,0,0,0,0,0.0492,1
play_restart,inswinger,edge_box,Hybrid,4,3,5,3,1,0,0,1,0,1,0,1,0,0.0977,1
corner,inswinger,far_post,High Zonal,3,6,9,3,0,0,0,1,0,0,0,0,0,0.1515,1
corner,driven,far_post,High Zonal,5,4,6,0,1,0,0,1,0,1,0,1,0,0.1677,0
goal_kick,straight,near_post,Deep Zonal,6,1,9,0,0,0,0,0,1,0,0,0,0,0.0771,1
corner,long,penalty_spot,Hybrid,10,4,4,3,0,0,0,0,1,1,0,1,0,0.1119,1
throw_in,long,near_post,Deep Zonal,3,6,7,3,0,1,0,1,1,0,1,0,0,0.1497,1
goal_kick,straight,far_post,Hybrid,7,2,9,4,0,0,0,0,0,0,1,1,0,0.0849,1
corner,inswinger,central,Man-to-Man,10,1,4,4,0,0,1,1,1,1,0,0,0,0.1619,1
penalty,straight,wide_channel,Hybrid,6,5,10,2,0,1,0,0,1,0,1,0,1,0.7327,0
penalty,driven,central,Man-to-Man,5,7,9,2,1,0,0,1,1,0,0,1,0,0.7919,1
free_kick_wide,outswinger,far_post,Deep Zonal,4,1,6,2,0,0,0,1,0,1,0,0,0,0.1208,1
kick_off,inswinger,central,Man-to-Man,6,5,5,3,0,0,0,1,1,0,0,0,0,0.1239,1
corner,lofted,near_post,High Zonal,8,6,2,4,0,0,0,1,1,0,0,0,0,0.1019,1
free_kick_wide,long,central,Hybrid,8,2,2,0,0,0,0,1,1,1,0,0,0,0.1157,0
goal_kick,short,edge_box,High Zonal,10,2,9,2,1,0,0,1,0,0,0,1,1,0.073,1
corner,driven,penalty_spot,Man-to-Man,3,4,4,2,1,0,0,1,0,0,0,0,0,0.1389,1
goal_kick,straight,far_post,Man-to-Man,5,5,10,1,0,0,1,1,1,1,0,0,0,0.1526,1
corner,lofted,six_yard,High Zonal,6,4,4,4,0,0,0,0,1,1,0,0,0,0.1442,1
free_kick_central,driven,near_post,Deep Zonal,6,2,3,2,0,1,0,1,1,0,0,0,1,0.1558,1
corner,outswinger,six_yard,Man-to-Man,9,7,6,0,1,0,0,1,0,0,1,1,1,0.146,0
throw_in,straight,near_post,Hybrid,3,3,4,3,0,0,0,1,0,0,0,0,1,0.0773,1
goal_kick,outswinger,six_yard,Deep Zonal,5,4,5,4,1,0,0,0,0,0,0,0,0,0.0935,1
goal_kick,long,wide_channel,High Zonal,3,4,5,0,0,0,1,0,0,0,1,1,1,0.0886,1
play_restart,short,six_yard,High Zonal,8,4,9,2,1,0,1,0,0,1,0,1,1,0.1665,1
throw_in,short,near_post,Man-to-Man,11,3,9,1,0,0,0,1,0,0,0,1,0,0.0641,1
goal_kick,lofted,far_post,Hybrid,11,3,7,0,0,1,0,0,0,0,0,0,0,0.0768,0
free_kick_central,straight,six_yard,Deep Zonal,3,1,10,2,0,0,1,1,0,0,0,0,0,0.165,1
kick_off,driven,penalty_spot,High Zonal,4,6,3,1,1,0,0,1,0,0,0,1,0,0.1364,1
throw_in,long,central,High Zonal,8,3,7,4,1,1,1,0,0,0,0,0,0,0.1334,0
kick_off,short,far_post,Hybrid,5,1,5,2,0,0,0,1,0,0,0,0,1,0.0446,1
corner,inswinger,near_post,Man-to-Man,5,1,5,3,0,0,0,1,0,0,0,0,0,0.1214,1
free_kick_central,long,far_post,High Zonal,9,7,8,4,0,0,0,0,0,0,1,0,0,0.1179,1
throw_in,short,near_post,Deep Zonal,5,3,4,2,0,1,0,1,0,0,0,0,0,0.0866,1
corner,inswinger,penalty_spot,Man-to-Man,8,5,3,3,0,1,0,1,1,1,0,1,0,0.1909,1
corner,driven,far_post,Man-to-Man,3,4,5,2,1,0,0,1,0,1,1,0,0,0.1289,1
play_restart,straight,central,Deep Zonal,11,6,1,2,0,0,0,1,0,0,0,0,1,0.087,1
free_kick_wide,outswinger,near_post,Man-to-Man,3,7,6,1,1,0,0,0,1,0,0,0,0,0.1777,1
corner,driven,wide_channel,Hybrid,3,6,8,4,1,0,0,1,1,0,1,0,0,0.1499,1
free_kick_wide,outswinger,penalty_spot,Hybrid,6,7,2,1,1,0,1,1,1,0,1,1,0,0.1753,1
free_kick_wide,short,penalty_spot,Hybrid,10,2,5,1,0,1,0,1,1,0,0,0,0,0.1006,1
throw_in,short,edge_box,Deep Zonal,8,4,3,1,1,0,1,0,1,0,1,0,0,0.0649,1
play_restart,inswinger,penalty_spot,High Zonal,7,3,2,1,0,0,0,0,0,0,1,1,0,0.1561,0
play_restart,straight,far_post,Deep Zonal,5,6,2,1,0,0,0,1,1,0,0,0,1,0.0357,1
throw_in,outswinger,penalty_spot,High Zonal,5,2,5,3,0,1,0,0,1,1,0,0,1,0.1749,1
throw_in,inswinger,central,Man-to-Man,8,6,6,3,0,0,0,0,0,0,1,0,0,0.0959,1
free_kick_wide,long,penalty_spot,Man-to-Man,7,2,6,2,0,0,0,0,0,1,1,0,0,0.1484,1
goal_kick,inswinger,central,Deep Zonal,8,5,1,1,1,1,0,0,1,0,0,1,1,0.1037,0
corner,lofted,wide_channel,High Zonal,6,1,1,1,0,0,0,0,1,0,0,0,0,0.0691,1
corner,straight,far_post,Man-to-Man,5,6,2,3,0,0,0,1,0,0,0,1,0,0.1392,1
play_restart,outswinger,central,High Zonal,4,6,8,3,1,0,0,0,0,0,1,0,0,0.147,1
kick_off,lofted,penalty_spot,Deep Zonal,5,4,7,2,0,0,1,1,0,0,0,0,1,0.1352,1
free_kick_wide,straight,near_post,Hybrid,4,4,5,1,1,0,0,1,1,0,0,0,1,0.1548,0
throw_in,short,far_post,Hybrid,7,4,1,2,1,1,0,1,0,0,1,0,0,0.0654,1
free_kick_central,long,six_yard,Man-to-Man,5,5,1,2,0,0,1,0,0,1,1,0,1,0.1765,1
free_kick_wide,driven,edge_box,Deep Zonal,10,4,4,0,0,0,1,0,1,0,0,1,0,0.0975,0
corner,inswinger,edge_box,High Zonal,7,4,9,4,0,0,0,1,0,1,0,0,0,0.1504,1
corner,inswinger,far_post,Man-to-Man,5,4,2,3,1,0,1,0,0,0,1,1,0,0.123,1
penalty,lofted,far_post,Deep Zonal,3,1,6,1,0,1,0,0,1,0,0,0,0,0.7839,1
free_kick_central,inswinger,near_post,Man-to-Man,4,4,6,4,0,1,0,1,1,0,0,1,0,0.1981,1
free_kick_central,long,penalty_spot,High Zonal,3,4,10,3,1,0,0,0,0,0,1,1,0,0.2219,1
corner,short,penalty_spot,Hybrid,5,7,3,2,1,0,0,0,1,0,1,0,0,0.1623,1
play_restart,short,near_post,Hybrid,5,3,3,4,1,0,1,0,0,1,1,0,0,0.0876,1
throw_in,driven,near_post,Deep Zonal,3,7,7,1,0,0,0,1,1,0,1,0,0,0.1344,1
kick_off,lofted,near_post,High Zonal,9,7,5,1,1,0,0,1,0,0,1,1,0,0.0703,1
corner,inswinger,central,Deep Zonal,7,6,2,4,1,0,0,1,0,0,0,0,0,0.1408,1
throw_in,short,near_post,Deep Zonal,11,5,7,0,0,0,0,0,0,0,0,0,0,0.0485,1
goal_kick,long,far_post,Hybrid,10,3,10,4,1,1,0,1,0,0,0,1,1,0.1333,1
free_kick_wide,outswinger,far_post,High Zonal,3,2,10,4,0,0,1,0,0,0,0,0,0,0.1008,1
corner,driven,far_post,High Zonal,9,6,2,1,0,1,0,0,1,0,0,0,0,0.1134,1
corner,straight,central,Hybrid,11,5,8,2,0,0,0,1,0,1,1,0,1,0.1088,1
corner,inswinger,far_post,High Zonal,10,6,8,4,0,1,0,0,1,1,0,0,0,0.1246,1
free_kick_central,driven,six_yard,High Zonal,9,4,7,1,0,0,0,1,0,0,0,0,1,0.1324,1
free_kick_wide,lofted,central,Hybrid,4,7,5,1,0,0,0,0,0,1,0,0,0,0.1556,1
corner,inswinger,central,Man-to-Man,11,1,8,0,0,0,1,1,0,1,1,0,0,0.1301,0
throw_in,long,penalty_spot,Deep Zonal,10,1,6,1,0,1,0,1,1,0,0,0,0,0.1057,0
corner,outswinger,central,Deep Zonal,7,1,1,0,0,0,0,1,0,0,0,0,1,0.0916,0
free_kick_wide,inswinger,central,Man-to-Man,11,3,2,1,1,0,0,0,1,0,1,0,1,0.1435,0
throw_in,outswinger,far_post,Hybrid,7,2,8,2,0,1,0,1,0,0,0,1,0,0.117,0
corner,driven,far_post,Deep Zonal,7,1,5,3,0,0,0,1,0,0,0,0,0,0.1021,1
corner,inswinger,six_yard,High Zonal,10,6,6,4,0,1,0,1,0,0,0,0,0,0.1568,1
corner,inswinger,six_yard,High Zonal,9,2,9,1,1,1,0,1,0,0,0,0,0,0.1645,0
corner,long,far_post,Hybrid,7,6,3,2,0,0,0,0,1,0,1,0,0,0.0694,1
free_kick_central,straight,far_post,Hybrid,10,5,9,0,0,1,0,1,1,0,1,0,0,0.1704,0
corner,inswinger,wide_channel,Hybrid,11,5,3,1,0,0,1,1,0,0,0,0,0,0.0569,0
corner,outswinger,far_post,Man-to-Man,8,1,5,1,0,1,0,0,0,0,0,0,1,0.1112,1
play_restart,driven,wide_channel,High Zonal,11,1,3,4,0,0,1,0,0,0,0,0,0,0.0679,1
kick_off,short,edge_box,High Zonal,6,1,7,4,0,1,0,1,1,0,0,0,1,0.0558,1
corner,long,central,High Zonal,7,3,2,1,1,0,0,1,1,1,0,1,1,0.1324,1
free_kick_wide,inswinger,central,Deep Zonal,8,7,4,0,0,0,0,1,0,0,1,0,0,0.1294,1
free_kick_central,straight,near_post,Hybrid,8,3,3,0,1,1,0,0,0,1,1,0,0,0.122,1
goal_kick,driven,six_yard,Man-to-Man,4,2,8,2,0,0,1,1,0,0,0,1,0,0.1721,1
goal_kick,outswinger,central,Deep Zonal,7,2,1,4,0,0,1,1,0,1,0,0,1,0.0676,1
corner,inswinger,edge_box,Man-to-Man,4,3,7,2,1,1,1,1,0,0,0,0,0,0.167,1
corner,straight,penalty_spot,Hybrid,9,5,7,1,0,1,1,1,0,1,1,0,0,0.1806,0
free_kick_wide,outswinger,six_yard,Deep Zonal,10,6,8,4,1,0,1,1,0,1,0,1,0,0.144,1
kick_off,inswinger,edge_box,Hybrid,9,1,6,2,0,0,0,1,0,1,0,0,0,0.0548,0
kick_off,lofted,near_post,High Zonal,10,6,7,1,0,0,1,1,1,1,1,0,0,0.1391,1
corner,straight,central,Deep Zonal,8,1,2,4,1,0,1,1,0,1,1,0,0,0.1235,1
penalty,short,far_post,High Zonal,6,3,6,4,0,1,0,1,1,1,0,0,0,0.7428,1
corner,inswinger,six_yard,High Zonal,3,5,7,1,0,0,0,0,0,0,0,1,0,0.1787,0
throw_in,short,edge_box,High Zonal,3,1,3,4,0,0,0,0,0,0,0,0,0,0.005,0
kick_off,short,penalty_spot,Deep Zonal,11,2,2,2,0,0,0,0,0,0,0,0,0,0.016,0
free_kick_central,lofted,six_yard,Man-to-Man,10,5,3,1,0,0,0,1,1,0,0,0,0,0.1302,0
corner,straight,far_post,Man-to-Man,6,5,5,4,1,0,0,0,1,0,0,0,0,0.134,1
penalty,driven,near_post,Deep Zonal,11,1,1,0,0,0,1,1,1,1,0,1,1,0.7542,0
free_kick_wide,outswinger,six_yard,Deep Zonal,5,6,10,1,0,0,1,1,1,0,0,0,0,0.1642,1
goal_kick,short,far_post,High Zonal,9,3,7,1,1,0,0,1,0,0,1,1,0,0.0954,1
free_kick_wide,lofted,six_yard,Man-to-Man,4,5,8,4,1,1,1,0,1,0,0,0,1,0.1875,1
kick_off,short,far_post,Hybrid,9,2,9,4,1,0,1,1,1,0,0,0,0,0.1208,1
corner,long,penalty_spot,Man-to-Man,3,7,6,0,1,0,0,1,1,0,0,1,0,0.2248,1
corner,driven,central,Hybrid,9,6,8,0,0,1,0,1,0,1,0,0,1,0.1763,1
free_kick_wide,lofted,far_post,Hybrid,7,5,6,4,0,0,0,0,1,0,0,0,1,0.106,0
corner,outswinger,near_post,Hybrid,8,2,8,2,1,1,1,0,0,0,0,0,0,0.1304,0
corner,inswinger,edge_box,High Zonal,3,6,1,1,0,0,0,0,0,0,0,1,0,0.1113,1
throw_in,short,central,High Zonal,6,3,9,0,0,0,1,0,0,0,0,0,1,0.105,1
corner,lofted,central,Deep Zonal,4,5,5,2,1,0,1,1,0,1,0,1,0,0.1662,1
corner,straight,central,High Zonal,8,5,5,0,0,1,1,0,1,0,0,1,0,0.1685,1
corner,outswinger,far_post,High Zonal,3,6,4,2,0,0,1,1,1,0,0,0,0,0.1597,1
corner,short,penalty_spot,High Zonal,11,6,5,0,0,0,1,1,1,1,0,0,0,0.174,1
kick_off,inswinger,edge_box,High Zonal,4,3,5,1,0,0,1,1,0,0,0,1,0,0.1244,1
play_restart,inswinger,edge_box,Deep Zonal,7,1,4,0,0,1,1,1,0,0,0,0,0,0.0749,0
corner,inswinger,far_post,Deep Zonal,11,4,10,0,1,0,0,1,1,1,0,0,1,0.1077,0
goal_kick,inswinger,far_post,Hybrid,6,3,6,3,0,0,0,1,0,0,0,0,0,0.0777,0
throw_in,long,near_post,Hybrid,7,3,8,3,0,0,1,0,1,0,0,0,0,0.122,1
play_restart,outswinger,far_post,High Zonal,11,4,10,2,0,0,1,1,0,0,0,0,1,0.101,0
free_kick_wide,inswinger,six_yard,Deep Zonal,3,5,7,4,0,1,0,1,0,0,1,1,0,0.2156,1
corner,short,far_post,Man-to-Man,8,5,4,4,0,0,1,0,0,0,0,0,1,0.0746,1
free_kick_central,outswinger,wide_channel,Deep Zonal,8,3,8,0,0,0,0,1,0,0,0,0,0,0.1066,0
goal_kick,straight,near_post,Deep Zonal,9,5,1,1,1,1,1,1,0,0,0,0,1,0.1011,0
throw_in,outswinger,edge_box,Man-to-Man,8,7,8,3,0,1,0,1,1,0,1,1,0,0.1707,1
free_kick_central,inswinger,edge_box,Deep Zonal,7,5,1,2,0,1,0,1,0,0,1,1,0,0.1279,1
corner,long,edge_box,Man-to-Man,7,5,5,1,1,0,0,1,0,1,1,1,0,0.1355,1
throw_in,inswinger,edge_box,High Zonal,5,2,3,2,0,0,0,0,0,1,0,0,1,0.092,0
goal_kick,outswinger,near_post,Deep Zonal,6,3,9,2,0,1,1,1,0,1,0,0,0,0.0988,1
free_kick_wide,inswinger,edge_box,Deep Zonal,11,1,7,2,0,0,0,1,0,0,0,0,0,0.0521,0
throw_in,outswinger,far_post,Deep Zonal,8,4,7,2,0,0,0,1,0,1,0,0,0,0.0854,1
free_kick_wide,inswinger,far_post,Deep Zonal,9,1,7,0,0,1,0,1,1,1,0,0,1,0.1364,0
free_kick_central,outswinger,near_post,Deep Zonal,4,6,8,3,0,0,0,0,0,0,1,0,1,0.1471,1
free_kick_central,outswinger,central,Hybrid,6,7,2,0,0,0,1,1,1,0,0,0,0,0.1883,0
goal_kick,inswinger,wide_channel,High Zonal,4,6,1,2,0,1,0,1,0,0,1,1,0,0.0961,1
play_restart,driven,central,Hybrid,11,2,10,2,0,0,1,1,1,1,1,1,0,0.1565,1
free_kick_central,outswinger,far_post,Deep Zonal,11,5,6,0,0,1,0,1,0,1,0,1,0,0.1311,0
free_kick_wide,inswinger,central,Man-to-Man,6,4,7,1,0,1,0,1,0,0,1,0,0,0.1829,0
free_kick_wide,short,penalty_spot,High Zonal,6,1,4,1,0,1,1,1,0,1,0,1,0,0.1547,1
corner,inswinger,edge_box,Hybrid,9,6,9,1,1,0,0,1,0,1,0,0,0,0.123,0
corner,driven,wide_channel,Man-to-Man,4,7,1,1,1,0,0,1,1,0,0,0,0,0.155,1
corner,inswinger,penalty_spot,Hybrid,8,4,5,1,0,0,0,0,0,0,0,0,1,0.15,0
free_kick_wide,straight,central,Hybrid,4,7,7,2,0,1,1,1,1,0,1,1,1,0.2165,1
corner,lofted,near_post,Hybrid,7,1,5,0,1,0,1,1,0,0,0,0,0,0.101,0
free_kick_wide,inswinger,central,Deep Zonal,9,7,10,0,1,0,0,0,0,0,1,0,1,0.1861,1
goal_kick,outswinger,penalty_spot,Deep Zonal,9,5,1,2,0,0,1,1,0,0,0,0,1,0.1283,0
corner,short,wide_channel,High Zonal,4,5,8,1,0,0,0,1,0,0,0,0,0,0.0687,1
throw_in,lofted,near_post,Man-to-Man,5,4,9,2,1,1,0,1,0,0,0,0,0,0.1381,1
kick_off,straight,far_post,Hybrid,6,1,1,0,0,1,0,0,0,0,1,0,1,0.0435,1
penalty,short,edge_box,Man-to-Man,9,4,7,1,0,0,0,0,0,0,1,1,0,0.7744,1
corner,inswinger,penalty_spot,Man-to-Man,5,7,1,1,0,0,0,1,0,1,0,0,0,0.158,1
free_kick_wide,short,edge_box,Deep Zonal,7,4,7,0,0,1,0,0,0,1,0,1,0,0.0975,0
throw_in,outswinger,far_post,Man-to-Man,5,1,4,2,0,0,0,1,0,1,1,0,0,0.102,1
free_kick_central,short,central,Deep Zonal,6,4,9,0,1,0,1,1,1,1,0,1,0,0.1958,1
corner,inswinger,far_post,Hybrid,7,2,3,4,0,0,0,1,0,0,1,1,1,0.0908,0
free_kick_central,short,far_post,Man-to-Man,4,3,4,0,0,0,0,0,0,1,0,0,0,0.1261,1
penalty,outswinger,edge_box,Man-to-Man,3,5,1,0,1,0,1,1,1,0,0,0,0,0.7776,1
corner,long,near_post,Man-to-Man,4,1,8,2,0,0,1,0,1,0,0,0,0,0.1344,1
throw_in,long,far_post,Man-to-Man,7,4,1,0,0,0,0,0,0,1,0,0,0,0.0716,0
corner,driven,wide_channel,Deep Zonal,4,4,7,3,0,0,0,1,0,0,0,0,0,0.0901,1
free_kick_wide,lofted,penalty_spot,Deep Zonal,3,6,4,1,0,0,0,1,0,1,0,0,0,0.1448,1
goal_kick,straight,central,Deep Zonal,10,1,10,0,0,0,0,1,0,0,0,0,0,0.0777,0
corner,long,wide_channel,Hybrid,11,5,2,3,1,0,0,1,0,0,0,0,0,0.0278,1
throw_in,inswinger,central,High Zonal,7,5,7,0,0,1,1,1,0,1,1,0,0,0.1791,1
free_kick_wide,lofted,edge_box,Man-to-Man,8,1,2,3,0,0,1,1,1,0,1,0,1,0.1203,0
free_kick_wide,short,near_post,Hybrid,4,1,1,3,0,1,1,0,1,0,0,1,1,0.1017,1
kick_off,straight,six_yard,High Zonal,3,5,9,1,0,1,1,0,0,1,0,0,1,0.1945,1
free_kick_wide,straight,central,Man-to-Man,3,7,9,3,0,0,0,1,1,0,0,1,0,0.2281,1
corner,long,far_post,Man-to-Man,4,7,10,0,1,1,1,0,0,0,1,1,0,0.1741,1
kick_off,driven,wide_channel,Deep Zonal,4,6,2,4,0,0,0,1,1,0,1,0,0,0.0672,1
goal_kick,driven,penalty_spot,High Zonal,9,6,9,4,0,0,1,1,1,0,0,1,0,0.1507,1
throw_in,short,central,Man-to-Man,9,5,5,0,0,0,0,1,1,1,0,1,0,0.1184,1
corner,straight,near_post,Man-to-Man,9,2,3,2,0,0,0,1,1,0,1,0,0,0.0839,1
corner,lofted,near_post,Hybrid,5,4,4,2,0,0,1,1,1,0,1,0,0,0.1026,1
throw_in,short,central,High Zonal,6,3,2,3,0,1,1,0,0,1,1,0,0,0.1409,1
corner,short,far_post,Hybrid,6,2,7,1,0,1,0,0,0,1,0,1,0,0.1098,1
corner,short,far_post,Man-to-Man,4,1,6,1,1,0,0,0,1,0,0,1,0,0.1227,1
goal_kick,short,wide_channel,Deep Zonal,7,1,2,1,0,0,1,1,0,1,1,0,0,0.034,1
corner,long,edge_box,Deep Zonal,7,6,8,4,0,0,0,0,0,1,0,1,1,0.1149,0
corner,short,wide_channel,Hybrid,4,2,6,2,1,0,0,1,1,0,1,1,0,0.0932,1
corner,driven,far_post,Man-to-Man,5,5,7,3,1,0,0,0,1,0,1,0,0,0.1407,1
free_kick_central,driven,far_post,Man-to-Man,7,3,2,0,0,0,0,0,0,0,1,0,0,0.1098,1
throw_in,straight,penalty_spot,Man-to-Man,3,4,9,0,0,0,1,1,0,0,0,0,0,0.1858,1
kick_off,inswinger,central,Deep Zonal,8,3,4,4,0,1,0,1,0,0,0,0,0,0.0863,1
corner,short,central,Deep Zonal,6,3,5,0,0,1,0,0,1,1,0,0,0,0.117,0
corner,short,six_yard,Hybrid,9,4,2,3,0,0,0,0,0,0,0,0,0,0.069,1
free_kick_central,short,edge_box,Deep Zonal,9,6,10,0,1,0,0,1,1,0,1,1,1,0.1533,1
free_kick_wide,driven,central,High Zonal,6,4,6,2,0,0,1,0,0,1,0,1,0,0.1686,1
free_kick_central,inswinger,far_post,Deep Zonal,6,6,8,4,0,0,0,0,0,0,1,0,1,0.1997,1
play_restart,outswinger,central,High Zonal,7,7,7,2,0,1,1,1,0,0,0,1,1,0.1511,1
penalty,driven,penalty_spot,Man-to-Man,3,4,1,1,1,0,1,1,1,0,0,0,0,0.7314,1
free_kick_wide,lofted,central,Man-to-Man,4,6,7,0,1,0,0,1,0,0,0,1,0,0.2182,1
play_restart,straight,six_yard,Hybrid,4,1,4,1,0,0,0,1,0,0,1,0,0,0.0535,1
corner,inswinger,far_post,Man-to-Man,5,4,6,4,0,0,0,1,0,0,0,0,0,0.147,1
play_restart,straight,far_post,Deep Zonal,8,4,6,2,0,1,1,1,0,1,0,0,0,0.0885,1
free_kick_central,straight,edge_box,Man-to-Man,5,1,8,2,0,1,0,1,1,0,0,0,0,0.1602,1
free_kick_central,short,wide_channel,Man-to-Man,7,7,3,3,0,0,0,1,0,1,0,1,1,0.1301,1
play_restart,outswinger,six_yard,Man-to-Man,9,6,10,2,0,0,0,1,0,0,0,1,0,0.173,1
free_kick_central,outswinger,far_post,Hybrid,9,5,5,2,1,0,0,1,0,0,0,0,1,0.1371,0
free_kick_wide,long,central,High Zonal,7,5,8,0,1,0,1,1,0,0,0,0,1,0.1932,1
corner,short,edge_box,Man-to-Man,8,6,7,2,0,0,1,1,0,0,0,0,1,0.1069,1
throw_in,long,six_yard,Hybrid,6,6,6,1,1,0,0,1,0,0,1,1,0,0.1224,1
penalty,straight,wide_channel,Deep Zonal,7,3,6,1,0,1,1,0,1,0,0,1,0,0.7342,1
corner,outswinger,far_post,Deep Zonal,10,3,7,1,1,1,0,0,0,1,0,0,0,0.1013,1
throw_in,straight,edge_box,Deep Zonal,7,3,9,0,0,1,0,1,0,0,0,0,0,0.0567,0
throw_in,lofted,central,Deep Zonal,6,7,3,2,0,1,1,1,0,0,0,1,0,0.1307,0
free_kick_wide,straight,near_post,Hybrid,11,1,3,0,0,0,1,1,0,0,0,0,1,0.1085,1
corner,short,central,Deep Zonal,11,7,10,2,0,0,1,0,0,0,1,0,1,0.1369,1
free_kick_central,short,near_post,Deep Zonal,10,3,10,4,1,1,0,1,0,0,1,0,0,0.1427,0
corner,driven,far_post,Man-to-Man,10,6,4,4,0,0,0,0,0,1,0,0,0,0.1109,0
corner,straight,central,Deep Zonal,6,2,4,4,1,1,1,1,0,1,1,1,0,0.1539,1
free_kick_wide,straight,edge_box,Man-to-Man,11,6,8,0,1,0,1,1,0,0,0,0,0,0.1301,1
corner,driven,penalty_spot,Man-to-Man,8,4,10,4,0,0,1,0,0,0,1,0,0,0.1714,1
corner,inswinger,near_post,High Zonal,11,7,10,4,0,0,1,0,0,1,0,0,0,0.1141,1
throw_in,short,edge_box,High Zonal,3,3,3,1,1,0,0,1,1,0,0,0,1,0.1076,1
free_kick_wide,straight,central,High Zonal,3,7,3,1,0,0,1,1,0,0,0,0,0,0.1722,0
play_restart,lofted,near_post,Man-to-Man,3,6,6,0,0,0,0,0,0,0,0,0,0,0.0983,1
kick_off,long,wide_channel,Hybrid,11,1,2,4,0,1,1,1,1,0,0,0,0,0.0297,1
throw_in,inswinger,near_post,Hybrid,5,3,10,2,0,0,0,0,1,0,0,1,0,0.1395,1
play_restart,driven,central,Man-to-Man,3,3,4,1,0,0,0,0,1,0,0,0,0,0.1509,1
kick_off,long,penalty_spot,Hybrid,9,2,3,0,0,1,0,0,0,1,0,1,0,0.0867,0
free_kick_wide,short,central,Hybrid,10,7,10,2,0,0,1,0,1,0,0,0,0,0.1581,1
goal_kick,outswinger,far_post,Man-to-Man,11,1,9,4,1,0,1,0,1,1,0,0,1,0.141,0
corner,inswinger,edge_box,Deep Zonal,8,2,10,1,1,0,0,1,0,0,1,0,0,0.1081,1
throw_in,short,penalty_spot,Hybrid,9,2,6,3,1,0,0,1,0,1,0,0,0,0.0824,0
free_kick_central,straight,far_post,Man-to-Man,8,3,8,1,0,0,0,0,0,0,0,1,0,0.1231,0
corner,driven,six_yard,Hybrid,9,5,5,4,1,1,0,1,0,1,0,1,0,0.1467,1
corner,outswinger,near_post,High Zonal,7,1,1,3,0,0,0,0,0,0,0,0,0,0.0921,0
play_restart,short,far_post,Hybrid,3,5,7,4,0,1,0,1,0,0,0,1,1,0.1669,1
free_kick_wide,outswinger,central,Deep Zonal,4,3,1,3,0,1,0,1,1,0,0,0,0,0.1484,1
corner,short,near_post,Hybrid,11,5,2,2,0,0,0,0,0,0,0,0,1,0.0414,1
corner,inswinger,wide_channel,Deep Zonal,3,1,3,0,0,0,0,0,0,1,0,0,1,0.095,0
free_kick_central,straight,edge_box,Hybrid,3,7,7,1,1,1,1,1,0,0,0,0,0,0.1804,1
goal_kick,inswinger,central,Man-to-Man,10,5,8,1,0,1,1,1,0,0,1,0,0,0.1846,1
goal_kick,short,far_post,High Zonal,11,2,2,4,0,0,0,1,1,0,0,0,0,0.0163,1
free_kick_wide,outswinger,central,High Zonal,7,6,8,2,1,0,0,1,1,0,0,0,0,0.1829,1
corner,driven,edge_box,High Zonal,4,4,8,2,1,0,0,1,1,0,1,0,1,0.1741,1
corner,inswinger,central,Deep Zonal,8,3,6,4,0,0,0,1,0,0,0,1,1,0.1299,1
free_kick_central,short,wide_channel,High Zonal,3,2,7,4,0,0,0,0,0,0,0,0,1,0.0769,1
goal_kick,short,central,Man-to-Man,6,4,5,3,1,0,1,1,0,0,0,1,0,0.1374,1
throw_in,inswinger,central,Man-to-Man,8,2,2,1,0,0,1,1,1,1,1,0,1,0.1198,1
free_kick_wide,inswinger,wide_channel,Man-to-Man,10,6,2,0,0,0,0,1,1,0,1,1,0,0.1058,0
throw_in,outswinger,six_yard,Hybrid,4,3,2,2,1,0,0,1,0,0,0,0,0,0.0929,1
free_kick_wide,short,central,Hybrid,8,1,5,4,1,0,0,0,0,0,1,0,0,0.103,1
penalty,lofted,far_post,Hybrid,3,5,7,2,0,0,0,0,0,0,1,1,0,0.759,1
free_kick_central,inswinger,six_yard,Man-to-Man,7,6,2,4,1,1,0,0,0,0,0,0,0,0.2176,1
throw_in,long,edge_box,Hybrid,9,6,2,0,0,0,1,1,0,0,1,1,0,0.0824,0
free_kick_central,long,penalty_spot,Hybrid,3,4,7,0,0,0,1,1,0,0,0,0,1,0.2306,1
play_restart,long,edge_box,Hybrid,9,3,7,2,0,0,0,0,1,0,0,0,0,0.0688,1
free_kick_wide,short,wide_channel,Deep Zonal,11,2,10,1,0,1,0,1,0,1,0,1,1,0.0881,0
corner,lofted,far_post,Man-to-Man,5,3,10,0,0,0,0,1,0,0,0,1,0,0.1388,1
corner,short,central,Hybrid,9,1,10,4,0,0,0,1,0,0,0,0,0,0.119,1
free_kick_central,driven,far_post,Deep Zonal,7,7,2,1,0,0,0,1,0,0,0,0,0,0.0893,1
penalty,outswinger,edge_box,Man-to-Man,11,2,4,1,0,0,0,1,1,0,0,0,0,0.7835,0
penalty,driven,far_post,Man-to-Man,8,6,5,2,1,0,1,1,0,0,0,1,1,0.7489,1
throw_in,lofted,central,High Zonal,10,3,8,4,0,1,0,1,0,0,0,0,0,0.1613,1
corner,lofted,edge_box,High Zonal,4,5,10,0,1,0,0,1,1,0,1,1,0,0.1828,1
throw_in,outswinger,far_post,Man-to-Man,5,7,9,1,1,0,0,1,0,0,0,0,0,0.1351,1
throw_in,driven,wide_channel,Hybrid,6,3,10,3,1,1,0,0,1,0,0,0,0,0.1366,1
free_kick_wide,inswinger,central,Man-to-Man,11,7,1,3,0,0,0,0,0,0,0,1,0,0.1145,0
free_kick_wide,long,edge_box,Man-to-Man,8,3,1,0,0,0,1,1,0,0,0,0,0,0.0676,0
corner,outswinger,penalty_spot,High Zonal,4,2,5,0,1,0,0,0,0,1,1,0,0,0.1303,1
free_kick_wide,long,near_post,High Zonal,10,6,9,3,1,0,0,1,1,0,0,0,1,0.1497,1
goal_kick,straight,far_post,Man-to-Man,8,1,4,1,1,0,0,1,0,1,0,0,1,0.0709,0
kick_off,inswinger,near_post,Man-to-Man,6,1,3,0,1,1,1,1,0,0,0,1,0,0.143,0
throw_in,outswinger,edge_box,High Zonal,6,3,3,4,1,0,0,1,1,0,0,1,0,0.0657,1
corner,inswinger,edge_box,Man-to-Man,9,4,8,3,0,0,1,0,1,1,0,0,0,0.145,1
throw_in,straight,near_post,High Zonal,10,4,8,2,0,0,1,1,1,1,0,1,0,0.1042,1
goal_kick,driven,far_post,Hybrid,7,1,4,2,0,0,1,1,0,0,0,0,0,0.0698,1
free_kick_wide,long,wide_channel,High Zonal,10,4,1,4,1,1,1,0,0,0,1,1,0,0.0809,1
goal_kick,driven,central,Hybrid,9,5,3,3,0,0,0,0,0,0,1,0,0,0.0935,1
corner,driven,wide_channel,High Zonal,3,2,3,2,0,0,1,1,0,0,0,0,0,0.0935,1
corner,straight,near_post,Deep Zonal,10,4,5,2,0,0,0,1,1,0,1,1,0,0.1064,0
corner,short,near_post,Hybrid,8,3,4,2,0,1,1,1,0,0,1,0,1,0.1188,1
corner,short,penalty_spot,Hybrid,7,1,2,1,0,0,0,0,0,1,1,0,0,0.1102,0
kick_off,inswinger,central,Deep Zonal,8,6,10,2,1,0,1,1,0,1,1,1,0,0.1451,1
free_kick_wide,short,six_yard,High Zonal,3,3,5,3,1,0,0,1,1,0,0,0,1,0.1998,0
corner,long,edge_box,High Zonal,11,7,3,3,0,0,0,0,0,0,0,0,0,0.0528,1
free_kick_wide,short,edge_box,Deep Zonal,10,2,4,1,0,0,0,0,1,0,1,0,0,0.0441,0
free_kick_wide,long,edge_box,Man-to-Man,11,1,8,4,0,0,0,1,1,0,1,1,1,0.1014,1
free_kick_wide,inswinger,edge_box,Deep Zonal,8,6,10,1,0,0,1,0,0,0,1,0,0,0.1291,0
corner,long,edge_box,Hybrid,5,7,5,3,1,0,0,1,0,0,1,0,0,0.1465,0
throw_in,outswinger,edge_box,Hybrid,8,7,6,2,0,0,0,1,1,0,1,0,0,0.0895,1
corner,driven,six_yard,Deep Zonal,5,7,4,4,0,0,0,1,0,1,0,0,1,0.1754,1
goal_kick,outswinger,penalty_spot,Hybrid,7,3,7,3,0,0,0,1,1,0,0,0,0,0.0964,1
corner,straight,central,Deep Zonal,10,5,7,3,1,1,0,0,0,1,1,0,1,0.1543,0
throw_in,straight,far_post,High Zonal,4,1,2,3,0,0,0,0,1,1,0,0,0,0.1101,1
goal_kick,outswinger,far_post,Hybrid,7,3,6,0,1,0,1,1,1,0,1,0,0,0.1078,1
corner,straight,central,Man-to-Man,7,7,10,4,0,1,0,0,0,1,0,0,0,0.1898,1
corner,inswinger,far_post,Deep Zonal,11,5,3,3,0,0,0,1,0,1,1,1,0,0.1093,0
play_restart,short,far_post,Hybrid,7,6,5,0,0,1,0,0,1,0,1,0,0,0.0821,1
free_kick_central,lofted,near_post,Hybrid,6,7,7,1,0,0,0,0,1,0,0,0,0,0.1985,0
throw_in,outswinger,six_yard,Hybrid,6,6,1,0,0,1,0,0,0,0,0,1,0,0.1143,1
corner,short,edge_box,Hybrid,5,5,6,0,0,0,0,0,0,1,1,0,0,0.0965,1
corner,driven,central,Deep Zonal,4,3,7,2,0,0,1,1,1,0,1,0,0,0.1232,1
free_kick_central,straight,wide_channel,Man-to-Man,9,4,6,3,0,0,0,0,0,0,0,0,0,0.1207,1
kick_off,driven,wide_channel,High Zonal,9,1,4,3,0,0,0,1,0,0,0,0,0,0.035,0
corner,straight,six_yard,Man-to-Man,4,5,9,4,0,0,1,1,0,0,0,0,0,0.177,1
goal_kick,straight,near_post,Deep Zonal,7,7,3,0,0,0,0,1,1,0,0,1,0,0.0625,1
throw_in,inswinger,central,Hybrid,9,2,6,3,0,0,0,1,1,1,0,0,1,0.1631,1
corner,inswinger,far_post,Hybrid,9,4,4,1,1,0,0,0,0,1,0,0,0,0.1153,1
corner,short,edge_box,Deep Zonal,3,7,9,0,0,0,1,1,0,1,0,1,1,0.1795,1
corner,driven,penalty_spot,Deep Zonal,3,3,5,4,1,0,0,0,0,0,0,0,0,0.149,1
free_kick_central,inswinger,edge_box,High Zonal,3,5,4,0,0,0,0,0,1,1,0,0,0,0.1655,1
throw_in,lofted,edge_box,Man-to-Man,7,6,3,1,1,0,0,1,0,0,0,0,0,0.0974,1
free_kick_wide,straight,wide_channel,Deep Zonal,11,6,6,2,0,0,0,1,0,0,0,0,0,0.0496,1
corner,straight,penalty_spot,Hybrid,3,5,8,1,1,0,0,1,1,0,0,0,1,0.187,1
throw_in,driven,wide_channel,Hybrid,9,1,7,0,0,0,1,1,1,1,1,1,1,0.0949,1
throw_in,driven,six_yard,Deep Zonal,9,1,2,1,1,0,1,1,0,0,0,0,1,0.1362,1
free_kick_central,short,central,Man-to-Man,11,6,1,3,1,0,0,1,0,0,1,1,0,0.1001,1
penalty,outswinger,six_yard,Man-to-Man,8,7,2,0,0,0,0,1,0,0,0,0,1,0.7457,0
corner,inswinger,near_post,Hybrid,11,2,9,0,0,0,0,1,0,0,1,1,0,0.0838,1
throw_in,outswinger,near_post,Hybrid,7,4,2,1,0,0,0,0,0,0,0,0,0,0.0568,1
free_kick_wide,driven,wide_channel,Deep Zonal,5,1,2,4,0,0,0,0,1,0,1,0,0,0.0498,0
free_kick_wide,outswinger,far_post,Deep Zonal,11,2,5,0,0,0,0,1,0,0,1,1,0,0.083,0
corner,long,far_post,Man-to-Man,7,4,2,3,0,1,0,0,1,0,0,0,0,0.1409,1
throw_in,inswinger,wide_channel,Deep Zonal,5,1,2,1,0,0,0,1,1,0,1,1,0,0.0687,1
throw_in,straight,central,High Zonal,8,5,2,2,0,0,1,0,0,0,1,1,0,0.0823,1
free_kick_wide,straight,central,Deep Zonal,6,4,1,1,0,0,0,1,1,0,0,0,0,0.1169,1
goal_kick,short,near_post,Deep Zonal,9,1,6,4,0,1,1,1,0,0,0,0,0,0.0794,1
goal_kick,short,far_post,Man-to-Man,9,5,3,2,0,0,1,1,0,0,1,1,1,0.0863,1
corner,lofted,central,Man-to-Man,3,4,3,0,0,0,0,1,0,1,0,1,1,0.1799,1
throw_in,driven,near_post,High Zonal,7,1,10,1,0,0,1,1,1,0,0,0,1,0.1512,1
free_kick_wide,long,six_yard,High Zonal,10,2,10,1,1,0,0,1,1,0,0,0,0,0.145,0
play_restart,inswinger,central,High Zonal,8,4,1,4,1,0,1,1,0,0,0,1,0,0.1266,1
corner,lofted,penalty_spot,Hybrid,9,6,10,0,1,1,1,0,1,1,0,0,0,0.2157,0
corner,driven,near_post,Deep Zonal,11,4,1,1,0,0,1,1,0,1,0,0,0,0.0988,1
free_kick_central,driven,far_post,Man-to-Man,6,5,6,0,0,0,0,0,1,0,0,0,0,0.1597,1
corner,straight,penalty_spot,Man-to-Man,9,4,6,0,0,0,0,1,0,0,0,0,1,0.1113,0
throw_in,inswinger,far_post,Deep Zonal,3,7,7,4,0,0,0,0,0,0,1,1,1,0.1172,1
free_kick_central,long,central,Hybrid,4,7,5,3,1,0,1,1,0,0,0,1,0,0.201,1
corner,straight,central,High Zonal,9,3,7,4,0,1,0,0,0,0,0,0,0,0.1152,1
free_kick_central,outswinger,near_post,Man-to-Man,4,3,2,4,1,1,0,1,0,0,0,0,1,0.1634,0
kick_off,straight,near_post,Deep Zonal,10,5,5,4,1,0,0,1,0,1,0,0,0,0.0509,1
goal_kick,short,far_post,Hybrid,10,7,9,2,0,1,0,1,0,0,0,0,0,0.0807,1
free_kick_central,outswinger,near_post,High Zonal,11,5,6,2,0,0,0,0,0,1,0,0,0,0.1144,1
corner,long,central,Hybrid,3,3,7,1,0,1,1,0,0,0,0,0,0,0.1524,1
corner,short,near_post,Hybrid,5,6,1,0,1,0,0,1,1,1,0,1,1,0.1335,1
kick_off,short,six_yard,Man-to-Man,7,2,5,4,0,1,0,1,0,1,0,1,0,0.0974,1
throw_in,inswinger,far_post,Deep Zonal,3,2,1,1,0,1,0,0,1,0,0,0,1,0.0508,1
penalty,lofted,penalty_spot,Man-to-Man,11,2,6,3,1,0,1,0,0,1,0,1,0,0.7492,1
kick_off,straight,penalty_spot,High Zonal,11,7,4,4,1,0,0,1,1,1,0,0,1,0.1452,1
corner,straight,far_post,High Zonal,9,7,8,1,1,0,0,1,1,1,1,1,0,0.143,1
throw_in,straight,central,Man-to-Man,5,7,8,0,0,0,0,0,1,0,1,0,0,0.1451,0
corner,straight,far_post,Deep Zonal,4,1,1,1,1,0,0,1,1,0,1,1,1,0.138,1
corner,long,penalty_spot,Deep Zonal,10,7,4,4,0,0,0,1,1,0,0,0,1,0.1586,0
free_kick_central,inswinger,central,Deep Zonal,9,2,10,0,0,0,0,0,0,0,0,0,0,0.1073,1
free_kick_wide,driven,near_post,Man-to-Man,11,7,1,1,0,0,1,0,1,1,0,0,0,0.1216,0
play_restart,inswinger,wide_channel,Man-to-Man,6,3,2,0,0,0,0,1,0,0,0,1,1,0.0823,0
free_kick_wide,lofted,edge_box,Man-to-Man,4,3,10,3,0,0,0,1,0,0,0,1,0,0.1635,1
goal_kick,short,near_post,Hybrid,11,5,5,0,0,0,1,1,0,0,0,1,0,0.0423,1
goal_kick,inswinger,wide_channel,Hybrid,3,6,7,1,1,1,1,1,1,0,0,0,0,0.1477,1
throw_in,short,near_post,Deep Zonal,8,3,3,1,1,0,1,0,0,0,1,0,0,0.0387,1
play_restart,outswinger,near_post,High Zonal,7,6,5,0,0,1,0,1,1,0,0,1,1,0.1342,1
free_kick_wide,lofted,near_post,High Zonal,7,1,7,4,1,1,0,1,0,0,0,0,0,0.1403,1
free_kick_wide,long,wide_channel,Man-to-Man,6,7,4,1,0,1,1,1,1,0,0,0,0,0.1275,1
corner,short,central,Hybrid,3,4,9,4,0,0,0,0,0,0,0,0,0,0.1227,0
corner,straight,edge_box,Deep Zonal,8,4,10,2,1,0,0,1,1,1,1,1,0,0.1318,1
kick_off,lofted,penalty_spot,Hybrid,5,7,7,0,1,0,0,0,1,0,0,0,1,0.1718,0
free_kick_central,long,far_post,Deep Zonal,4,1,3,0,1,0,0,1,1,0,0,0,1,0.1205,0
free_kick_wide,short,central,Hybrid,6,7,3,0,0,1,0,0,1,0,0,0,0,0.151,1
corner,straight,near_post,Deep Zonal,5,2,1,1,1,0,0,1,1,0,0,0,0,0.0954,0
free_kick_central,outswinger,edge_box,High Zonal,9,7,8,2,0,0,0,0,0,0,0,0,1,0.1513,1
throw_in,long,far_post,Man-to-Man,6,6,9,0,1,0,0,1,0,1,0,0,0,0.104,1
corner,short,penalty_spot,Man-to-Man,7,3,10,1,0,0,0,0,0,1,1,0,0,0.1246,1
goal_kick,driven,near_post,Deep Zonal,7,1,10,0,0,0,1,0,0,0,1,1,0,0.0665,0
throw_in,short,edge_box,Deep Zonal,10,1,2,4,1,0,1,1,0,1,0,1,0,0.0191,1
goal_kick,short,edge_box,Man-to-Man,3,1,7,1,0,0,0,1,0,0,0,0,0,0.0704,0
corner,straight,far_post,Man-to-Man,3,1,3,4,1,1,0,0,0,0,0,1,0,0.1302,1
throw_in,long,far_post,High Zonal,10,5,2,1,0,1,1,1,1,0,1,1,0,0.1112,1
corner,straight,central,Man-to-Man,5,7,6,2,1,0,0,0,0,0,0,1,1,0.1766,1
free_kick_wide,driven,central,Deep Zonal,9,6,7,2,1,0,0,1,1,0,1,1,0,0.1995,1
throw_in,outswinger,near_post,Hybrid,8,6,8,0,0,0,0,1,0,0,0,1,0,0.1174,1
throw_in,long,edge_box,Deep Zonal,9,7,5,3,0,1,0,1,0,0,0,0,0,0.0852,1
corner,driven,near_post,High Zonal,8,5,2,4,1,1,1,0,1,0,1,1,1,0.1581,1
goal_kick,long,near_post,High Zonal,5,1,1,4,0,0,0,1,1,0,0,0,0,0.0969,1
corner,outswinger,near_post,Hybrid,7,4,1,2,0,0,0,1,0,0,1,0,0,0.0788,0
throw_in,long,central,Man-to-Man,5,6,8,3,0,0,0,1,1,1,1,0,0,0.1702,1
play_restart,outswinger,penalty_spot,High Zonal,6,4,6,2,0,0,0,0,1,1,0,0,1,0.1387,0
free_kick_central,inswinger,edge_box,Man-to-Man,7,3,4,0,0,0,1,1,0,0,1,0,0,0.1427,1
goal_kick,driven,far_post,High Zonal,3,4,8,3,0,0,0,0,1,0,1,1,1,0.1336,1
throw_in,driven,far_post,Hybrid,3,6,4,2,0,1,0,1,0,0,0,0,0,0.1408,1
goal_kick,inswinger,penalty_spot,Hybrid,9,3,3,1,1,0,1,0,0,0,0,0,0,0.0839,0
throw_in,lofted,penalty_spot,Hybrid,3,3,9,0,0,0,0,0,0,1,0,0,0,0.1411,0
throw_in,straight,six_yard,Deep Zonal,11,4,6,1,0,0,0,0,0,1,0,0,0,0.0583,0
corner,lofted,six_yard,High Zonal,8,3,7,2,1,0,0,1,0,0,0,1,0,0.1425,1
goal_kick,driven,six_yard,Deep Zonal,10,2,9,3,1,0,0,1,1,0,0,0,0,0.114,1
corner,lofted,six_yard,Man-to-Man,7,2,4,1,0,0,0,0,0,0,0,0,0,0.1182,1
play_restart,driven,six_yard,Deep Zonal,9,1,1,0,0,0,0,0,1,1,1,0,0,0.0722,1
corner,lofted,penalty_spot,Deep Zonal,4,6,7,1,0,0,0,0,0,1,0,1,0,0.1359,1
corner,short,penalty_spot,High Zonal,8,2,4,0,1,0,1,0,0,0,1,1,0,0.1436,1
goal_kick,outswinger,edge_box,Man-to-Man,5,7,10,2,1,1,0,0,1,0,1,0,0,0.1161,0
corner,straight,central,High Zonal,9,7,4,2,0,0,0,1,1,0,0,0,0,0.1412,1
free_kick_wide,long,central,Hybrid,6,5,8,3,0,0,1,1,0,0,0,0,0,0.1549,1
throw_in,inswinger,wide_channel,Hybrid,9,7,8,0,1,1,1,0,1,0,0,0,0,0.1293,1
corner,lofted,far_post,Man-to-Man,11,7,8,3,1,0,0,0,0,1,1,0,0,0.1549,1
corner,outswinger,near_post,High Zonal,3,6,7,3,0,0,0,1,1,0,0,0,1,0.1657,1
free_kick_central,driven,far_post,Man-to-Man,3,3,1,4,1,0,1,0,1,0,0,0,0,0.2035,1
corner,straight,near_post,Hybrid,6,6,9,4,1,1,1,1,1,0,0,0,0,0.2144,0
corner,driven,central,Man-to-Man,7,3,3,3,0,0,0,0,0,0,0,1,1,0.1163,1
corner,lofted,penalty_spot,Hybrid,10,1,6,4,0,1,0,1,0,0,0,0,0,0.1261,0
free_kick_wide,straight,far_post,Hybrid,6,4,3,1,0,1,0,0,1,1,0,0,0,0.1164,1
free_kick_wide,long,far_post,Hybrid,10,1,3,0,1,1,1,1,0,0,1,0,0,0.1325,1
corner,outswinger,near_post,High Zonal,9,1,4,0,0,1,1,1,1,0,0,0,1,0.143,0
throw_in,driven,far_post,Hybrid,9,1,5,4,1,1,0,0,1,0,0,0,0,0.0724,0
throw_in,driven,near_post,Hybrid,11,7,10,0,1,1,1,0,1,1,1,0,1,0.1846,1
corner,outswinger,far_post,Man-to-Man,5,1,4,0,1,0,1,0,0,0,0,0,1,0.1263,0
free_kick_wide,inswinger,penalty_spot,High Zonal,9,3,10,3,0,0,1,0,0,1,1,0,0,0.185,1
kick_off,straight,near_post,Deep Zonal,10,6,7,1,0,0,1,1,0,0,1,0,0,0.0466,1
throw_in,inswinger,wide_channel,Hybrid,11,6,7,2,0,0,0,1,1,0,0,0,0,0.0718,0
free_kick_wide,driven,penalty_spot,Hybrid,5,1,10,0,0,0,0,1,1,1,1,1,1,0.1994,0
free_kick_central,outswinger,central,High Zonal,10,7,10,2,0,1,0,0,0,1,0,0,0,0.1854,0
corner,lofted,far_post,Deep Zonal,5,7,5,4,0,1,0,1,0,0,0,0,1,0.1437,1
goal_kick,lofted,near_post,Man-to-Man,11,7,4,2,0,0,0,1,1,0,0,0,0,0.0759,1
kick_off,lofted,near_post,High Zonal,7,5,7,1,0,1,0,1,1,0,0,0,0,0.1229,1
kick_off,short,wide_channel,High Zonal,10,4,3,0,0,0,0,1,1,0,0,0,1,0.0524,0
corner,outswinger,edge_box,Man-to-Man,8,2,2,3,1,0,0,0,1,1,0,0,0,0.1062,0
free_kick_wide,driven,edge_box,Man-to-Man,3,1,4,3,1,1,0,0,0,0,0,0,1,0.1118,1
corner,long,penalty_spot,High Zonal,6,6,6,3,0,1,1,0,0,0,0,0,0,0.1989,1
free_kick_wide,lofted,wide_channel,Deep Zonal,8,6,10,0,1,1,0,0,0,0,0,1,0,0.1412,0
free_kick_wide,straight,six_yard,Man-to-Man,8,6,8,1,0,0,1,1,0,1,0,0,0,0.1836,1
throw_in,inswinger,near_post,Hybrid,7,5,4,0,0,0,0,0,0,1,0,1,0,0.1315,0
corner,lofted,central,Hybrid,9,4,8,3,0,0,0,0,0,1,1,0,1,0.1286,1
kick_off,driven,far_post,Deep Zonal,8,2,6,1,0,0,0,0,0,0,1,0,0,0.0558,1
corner,outswinger,central,Man-to-Man,4,1,10,1,1,1,0,1,1,0,0,0,0,0.1624,1
corner,long,far_post,Man-to-Man,3,2,7,2,1,0,0,1,1,0,0,0,0,0.176,1
goal_kick,inswinger,central,High Zonal,5,3,10,0,1,1,1,0,0,0,0,0,0,0.1821,1
throw_in,short,edge_box,Man-to-Man,4,3,8,3,0,0,0,1,1,0,0,0,1,0.1358,1
free_kick_wide,straight,near_post,High Zonal,9,4,6,2,0,0,0,0,0,0,0,0,0,0.0808,1
throw_in,straight,edge_box,High Zonal,11,6,8,2,0,0,0,0,1,1,1,0,0,0.1254,1
corner,outswinger,far_post,Deep Zonal,11,6,9,3,0,1,1,1,1,0,0,1,0,0.1585,1
corner,outswinger,near_post,Deep Zonal,8,6,3,3,1,0,0,1,0,0,0,1,0,0.1254,1
free_kick_central,straight,six_yard,High Zonal,10,3,8,0,0,0,0,1,1,1,0,0,1,0.1645,0
free_kick_wide,outswinger,far_post,High Zonal,8,7,10,0,0,1,0,1,1,0,1,0,0,0.1783,1
throw_in,straight,edge_box,Man-to-Man,4,7,6,4,1,0,0,1,0,0,1,0,0,0.1263,1
corner,short,six_yard,High Zonal,8,3,5,4,0,0,0,1,0,0,0,1,1,0.1256,1
throw_in,long,near_post,Hybrid,8,2,1,1,1,0,0,0,1,1,0,0,1,0.0895,0
goal_kick,long,central,High Zonal,7,7,8,0,1,1,0,1,1,0,0,0,1,0.1419,1
corner,outswinger,near_post,Man-to-Man,10,7,10,3,0,0,0,1,1,0,0,0,1,0.1724,1
corner,inswinger,near_post,High Zonal,11,4,7,4,1,0,1,1,0,1,0,0,0,0.1243,1
free_kick_wide,driven,wide_channel,Man-to-Man,5,1,10,0,1,0,0,1,0,1,1,1,0,0.143,1
goal_kick,driven,six_yard,High Zonal,3,5,2,0,1,0,0,0,0,1,0,0,1,0.1366,0
throw_in,lofted,central,Deep Zonal,8,6,6,1,1,0,0,1,1,0,1,0,0,0.1243,0
throw_in,lofted,edge_box,Man-to-Man,3,4,8,3,0,0,1,0,1,1,1,0,0,0.1024,1
free_kick_wide,short,wide_channel,High Zonal,6,1,4,2,0,1,0,1,0,1,0,0,1,0.068,0
corner,driven,central,High Zonal,11,6,9,2,1,0,0,1,0,1,1,0,0,0.1554,0
free_kick_central,straight,near_post,Man-to-Man,8,6,2,2,0,1,0,1,1,0,0,0,0,0.13,0
corner,driven,six_yard,Man-to-Man,11,7,9,4,1,1,0,1,1,0,0,0,0,0.18,1
throw_in,lofted,edge_box,Deep Zonal,3,7,1,1,0,0,0,1,1,1,1,0,0,0.1021,1
corner,driven,near_post,High Zonal,9,4,1,0,0,0,0,1,0,1,0,1,1,0.1027,0
corner,straight,far_post,Deep Zonal,5,3,9,2,1,0,0,1,1,1,0,0,0,0.1338,0
free_kick_central,straight,near_post,High Zonal,3,2,10,2,0,0,0,1,1,0,0,0,0,0.2028,0
free_kick_central,outswinger,penalty_spot,Man-to-Man,5,1,5,1,0,0,1,0,1,0,0,1,0,0.1381,1
throw_in,straight,penalty_spot,Deep Zonal,11,6,3,4,1,0,0,1,1,0,1,0,0,0.0969,1
free_kick_wide,driven,central,Deep Zonal,6,7,6,0,0,0,1,0,1,1,0,0,0,0.1686,1
kick_off,long,edge_box,Deep Zonal,11,5,3,0,1,0,0,0,0,0,1,1,0,0.0373,1
goal_kick,outswinger,far_post,High Zonal,4,7,4,0,1,0,0,0,1,0,0,0,0,0.0862,1
kick_off,long,edge_box,Hybrid,8,3,1,4,0,0,0,1,1,0,1,1,0,0.0495,1
throw_in,straight,penalty_spot,Deep Zonal,6,6,7,4,1,0,0,1,1,0,0,1,0,0.1427,1
throw_in,short,far_post,Man-to-Man,5,3,2,4,0,0,0,0,0,1,0,0,0,0.0936,1
throw_in,straight,central,Deep Zonal,7,3,8,0,1,0,0,0,0,1,0,1,0,0.1322,1
free_kick_wide,short,central,High Zonal,8,5,3,0,0,1,1,0,1,0,1,0,0,0.1382,1
free_kick_wide,long,edge_box,Man-to-Man,3,1,9,1,0,1,0,1,0,0,0,0,0,0.1364,0
throw_in,long,penalty_spot,Man-to-Man,8,3,7,2,1,0,0,1,1,1,0,1,0,0.1641,1
corner,long,central,High Zonal,5,3,5,1,0,0,0,0,0,1,0,0,0,0.1286,1
corner,straight,wide_channel,Hybrid,10,4,5,3,1,0,1,1,1,0,1,0,0,0.096,1
goal_kick,long,six_yard,Hybrid,4,6,4,3,0,0,1,1,0,1,1,1,0,0.1335,1
corner,outswinger,near_post,Hybrid,5,2,1,3,1,0,0,1,0,0,0,1,0,0.1446,1
free_kick_central,straight,near_post,Deep Zonal,11,2,1,1,1,0,1,1,0,0,1,1,1,0.1318,0
throw_in,short,penalty_spot,Man-to-Man,5,5,6,0,1,0,0,1,0,1,1,0,0,0.1572,1
corner,long,near_post,High Zonal,4,1,9,1,0,0,1,1,0,0,0,1,0,0.1466,1
kick_off,lofted,wide_channel,Man-to-Man,7,7,7,0,1,1,1,1,1,0,0,0,0,0.1216,1
corner,outswinger,penalty_spot,High Zonal,8,7,9,4,0,0,1,1,1,0,0,1,0,0.1872,1
kick_off,driven,near_post,Hybrid,8,3,8,4,1,0,0,1,0,0,1,1,0,0.0761,1
goal_kick,outswinger,far_post,Hybrid,6,5,4,4,1,1,1,1,1,0,0,0,0,0.1308,1
corner,short,central,High Zonal,3,4,10,3,1,0,0,1,1,0,0,0,0,0.1572,1
corner,driven,far_post,Man-to-Man,5,5,3,0,0,0,0,1,0,1,0,0,1,0.1286,1
free_kick_wide,long,central,Man-to-Man,3,2,3,2,1,0,1,0,0,0,0,0,0,0.1448,1
free_kick_wide,driven,six_yard,Hybrid,10,7,7,3,1,1,1,0,1,1,1,1,0,0.1953,1
corner,driven,edge_box,Deep Zonal,5,7,1,0,1,1,0,0,0,0,0,0,1,0.1359,0
play_restart,outswinger,wide_channel,Hybrid,8,4,8,4,1,0,1,0,1,0,0,0,0,0.1386,1
corner,lofted,central,Deep Zonal,5,7,4,4,0,1,0,0,1,0,0,0,0,0.1188,1
goal_kick,lofted,far_post,Deep Zonal,8,3,8,4,0,0,1,0,0,1,0,0,0,0.0862,1
corner,straight,six_yard,Man-to-Man,3,6,8,1,0,0,0,1,0,0,0,1,0,0.1768,1
play_restart,inswinger,central,Man-to-Man,3,7,1,1,1,0,0,1,0,0,0,0,0,0.1271,1
corner,outswinger,central,High Zonal,5,5,4,3,0,0,0,1,1,0,0,0,0,0.1328,1
free_kick_wide,driven,wide_channel,Man-to-Man,5,7,10,3,1,0,0,0,0,0,1,0,0,0.1467,1
penalty,lofted,edge_box,Deep Zonal,5,2,10,1,0,0,0,1,0,0,0,0,0,0.7626,1
corner,driven,six_yard,Hybrid,5,1,6,1,0,0,1,1,0,1,1,1,0,0.1638,0
goal_kick,straight,far_post,Hybrid,9,4,5,1,0,0,0,1,1,0,0,0,0,0.05,1
corner,inswinger,penalty_spot,Deep Zonal,6,3,7,3,0,0,0,1,0,0,1,0,0,0.0991,1
penalty,short,far_post,Hybrid,4,5,8,0,0,0,0,1,1,0,1,0,1,0.6839,1
penalty,straight,far_post,Hybrid,11,3,1,2,1,0,1,1,1,1,1,0,0,0.7965,0
throw_in,inswinger,near_post,Man-to-Man,8,7,4,1,0,0,1,1,1,1,0,0,0,0.1148,1
corner,inswinger,six_yard,Man-to-Man,6,1,1,3,1,0,0,0,1,1,1,0,0,0.1607,0
corner,inswinger,far_post,Hybrid,7,7,6,3,0,0,0,1,0,1,1,0,0,0.1335,0
corner,outswinger,penalty_spot,Hybrid,5,2,2,4,0,0,1,0,0,1,0,0,0,0.1578,1
free_kick_wide,long,six_yard,Deep Zonal,6,3,9,1,0,0,0,0,0,0,0,0,0,0.13,0
corner,straight,edge_box,High Zonal,3,1,4,0,0,0,0,0,0,1,0,0,0,0.1246,1
play_restart,straight,central,Man-to-Man,10,5,9,1,1,0,0,1,0,1,1,1,0,0.1701,1
free_kick_central,short,penalty_spot,Deep Zonal,6,5,10,1,1,0,0,1,1,1,1,0,0,0.1659,1
throw_in,lofted,far_post,Deep Zonal,9,7,3,0,0,1,0,0,1,0,0,0,0,0.0707,1
free_kick_wide,long,central,High Zonal,3,1,8,2,0,1,0,0,0,0,1,1,1,0.1315,0
corner,short,near_post,Man-to-Man,3,4,1,3,1,1,1,1,1,0,0,0,0,0.1853,1
free_kick_central,long,penalty_spot,Hybrid,6,7,10,1,1,0,0,0,0,1,0,0,0,0.2029,1
corner,long,edge_box,Man-to-Man,3,1,8,1,0,0,0,1,0,0,0,0,0,0.1152,1
free_kick_wide,long,wide_channel,High Zonal,11,5,7,2,1,0,0,0,1,1,0,0,0,0.0669,1
free_kick_central,straight,central,High Zonal,3,2,6,0,0,0,0,1,0,1,1,0,0,0.1421,0
free_kick_central,short,far_post,Man-to-Man,8,3,1,3,0,0,0,0,1,0,0,0,1,0.0993,1
play_restart,straight,near_post,High Zonal,6,6,3,1,0,0,0,1,1,0,1,1,0,0.1034,1
corner,straight,wide_channel,High Zonal,4,6,7,3,1,1,0,1,0,0,0,0,0,0.1259,1
free_kick_central,outswinger,six_yard,High Zonal,4,1,3,3,0,0,0,0,1,0,0,0,0,0.1517,1
corner,straight,wide_channel,High Zonal,5,5,7,3,1,0,0,1,0,0,0,0,0,0.1168,1
free_kick_wide,straight,far_post,Deep Zonal,3,3,9,2,0,0,1,1,0,0,0,0,1,0.144,1
throw_in,short,central,Deep Zonal,8,6,9,0,0,0,0,1,0,1,1,0,0,0.1008,1
corner,straight,penalty_spot,High Zonal,5,6,1,0,0,0,0,0,1,1,0,1,0,0.1692,1
throw_in,inswinger,central,Hybrid,3,7,6,0,0,0,0,0,1,1,1,1,0,0.1761,1
free_kick_wide,outswinger,central,Hybrid,4,1,2,0,0,0,0,1,1,0,1,0,0,0.1564,1
corner,straight,near_post,Deep Zonal,11,6,3,4,1,0,0,0,1,1,0,1,0,0.1344,1
play_restart,long,near_post,Deep Zonal,5,7,9,0,0,0,0,1,1,0,1,0,0,0.1074,1
free_kick_wide,outswinger,central,Hybrid,8,6,8,2,1,1,1,1,1,1,0,1,0,0.1929,1
goal_kick,inswinger,wide_channel,Hybrid,6,3,7,2,1,0,0,1,1,0,0,1,1,0.0975,1
free_kick_wide,inswinger,edge_box,Hybrid,7,6,8,3,0,1,1,1,0,1,0,1,1,0.1833,1
play_restart,straight,edge_box,Man-to-Man,10,1,2,0,1,0,0,1,0,0,0,0,0,0.0444,0
corner,inswinger,central,Hybrid,9,3,6,0,0,0,1,1,1,1,0,0,1,0.1556,0
free_kick_wide,straight,edge_box,Man-to-Man,7,6,3,4,0,0,0,1,0,0,0,1,1,0.1155,1
goal_kick,short,far_post,Man-to-Man,4,5,1,3,1,0,0,0,1,1,0,0,0,0.0862,1
free_kick_wide,lofted,near_post,High Zonal,10,2,10,3,1,0,0,0,1,1,1,0,0,0.12,0
free_kick_wide,long,far_post,Man-to-Man,3,4,5,0,0,0,1,1,0,0,0,0,0,0.1166,0
play_restart,inswinger,near_post,Deep Zonal,8,1,3,3,0,0,1,1,1,0,0,0,0,0.0942,1
penalty,straight,six_yard,Man-to-Man,8,7,9,3,1,1,0,1,0,0,0,0,0,0.688,1
throw_in,driven,six_yard,Man-to-Man,11,4,8,4,0,0,1,0,0,0,0,0,0,0.1282,1
throw_in,outswinger,central,High Zonal,4,4,4,0,1,0,0,0,1,0,0,0,0,0.1327,1
goal_kick,lofted,penalty_spot,Deep Zonal,5,3,9,2,0,0,0,0,0,1,0,0,0,0.097,1
kick_off,short,central,Man-to-Man,3,2,8,0,1,0,0,1,1,1,1,1,0,0.1442,1
penalty,inswinger,near_post,High Zonal,5,3,3,1,0,1,0,1,0,0,1,1,0,0.7052,1
corner,outswinger,penalty_spot,Hybrid,11,4,3,1,1,0,0,0,0,0,1,0,0,0.1148,1
corner,lofted,edge_box,Hybrid,3,3,2,0,1,0,1,1,1,0,0,1,0,0.165,1
throw_in,lofted,edge_box,High Zonal,10,3,4,1,1,0,1,1,1,0,0,0,0,0.0913,1
goal_kick,driven,near_post,High Zonal,11,4,3,4,0,0,1,0,0,1,0,0,0,0.0856,1
free_kick_central,outswinger,far_post,High Zonal,4,4,4,4,0,0,0,1,0,0,1,1,0,0.1227,1
corner,long,near_post,Deep Zonal,6,3,3,2,0,0,0,0,0,0,1,1,0,0.0336,1
corner,outswinger,near_post,Man-to-Man,11,5,2,2,1,0,0,0,0,1,0,0,0,0.0944,0
free_kick_central,straight,near_post,High Zonal,9,2,8,4,0,0,0,1,1,0,0,1,0,0.1953,1
goal_kick,long,near_post,Hybrid,3,7,4,2,0,0,0,0,1,1,1,1,0,0.0771,1
corner,lofted,central,Deep Zonal,10,5,2,2,0,0,0,0,0,0,1,0,0,0.0997,0
throw_in,straight,central,Deep Zonal,10,2,8,0,1,1,0,0,0,1,0,0,1,0.1249,0
goal_kick,straight,edge_box,Man-to-Man,5,5,3,0,1,0,0,1,0,1,0,0,0,0.1071,0
play_restart,outswinger,central,Hybrid,6,7,5,2,0,0,1,1,0,0,0,0,0,0.1346,1
corner,straight,near_post,High Zonal,5,6,9,1,1,1,0,1,1,1,0,1,0,0.188,1
play_restart,inswinger,wide_channel,Deep Zonal,7,6,3,0,0,0,0,1,0,1,0,0,0,0.0559,1
throw_in,driven,six_yard,Deep Zonal,10,2,2,3,1,0,0,0,0,1,0,0,0,0.0951,0
goal_kick,inswinger,near_post,Deep Zonal,9,2,8,3,1,0,0,0,0,0,0,0,0,0.0862,1
corner,long,central,Deep Zonal,11,4,1,0,0,0,1,0,0,1,0,0,1,0.06,1
free_kick_central,outswinger,near_post,Hybrid,3,2,6,4,0,0,0,1,0,0,0,0,0,0.1448,1
throw_in,straight,wide_channel,High Zonal,11,1,9,1,0,1,0,1,0,0,1,1,0,0.0617,1
free_kick_wide,outswinger,central,Deep Zonal,11,7,5,1,1,1,0,1,0,1,0,1,1,0.1447,0
free_kick_wide,straight,near_post,Deep Zonal,6,3,2,0,1,0,0,1,0,1,0,1,1,0.1433,0
penalty,short,edge_box,Man-to-Man,4,6,8,4,0,0,0,1,0,1,0,1,0,0.785,1
penalty,short,edge_box,Hybrid,5,6,8,4,0,0,1,1,0,0,0,1,0,0.7151,1
corner,lofted,central,Hybrid,11,2,4,4,0,0,1,1,0,1,0,0,1,0.1416,1
free_kick_wide,outswinger,central,Deep Zonal,3,2,2,0,0,0,0,1,1,1,0,0,0,0.1519,0
corner,short,far_post,Deep Zonal,3,5,6,4,1,0,0,1,1,1,0,1,1,0.1753,1
kick_off,lofted,central,Hybrid,3,5,8,0,1,0,0,1,1,1,0,0,0,0.1383,1
play_restart,outswinger,central,High Zonal,4,2,1,3,0,0,0,1,0,0,0,1,0,0.1323,1
corner,driven,six_yard,High Zonal,10,2,5,3,0,0,0,1,0,1,0,0,0,0.1115,0
corner,lofted,edge_box,Hybrid,3,5,4,4,0,0,0,0,0,0,1,1,1,0.0881,1
corner,driven,edge_box,Hybrid,11,2,4,2,0,0,0,0,0,0,0,0,0,0.0592,1
free_kick_central,short,edge_box,Man-to-Man,6,2,3,1,1,0,0,1,0,0,0,0,0,0.1076,1
kick_off,long,far_post,Deep Zonal,7,3,7,3,0,0,0,1,1,0,0,1,1,0.0941,1
free_kick_central,straight,central,Hybrid,8,3,9,2,1,0,1,0,0,0,0,0,0,0.1552,0
corner,short,edge_box,Hybrid,10,3,1,0,0,1,0,1,1,0,0,0,0,0.0718,0
corner,lofted,near_post,Hybrid,8,3,1,3,0,1,0,0,0,0,0,0,1,0.1247,1
corner,outswinger,near_post,Hybrid,3,4,4,3,1,1,0,1,0,0,1,0,0,0.1595,1
goal_kick,driven,near_post,Man-to-Man,10,4,8,1,0,0,0,0,1,0,0,0,0,0.0871,0
throw_in,short,edge_box,Deep Zonal,3,1,1,3,1,1,0,1,1,1,0,0,1,0.1014,0
penalty,inswinger,penalty_spot,Deep Zonal,7,2,8,1,1,0,0,0,1,0,1,0,0,0.7417,1
free_kick_wide,short,far_post,Man-to-Man,10,4,8,2,0,0,0,1,0,0,1,0,0,0.0925,1
play_restart,driven,far_post,Deep Zonal,7,6,4,1,0,0,0,0,0,0,0,0,0,0.0396,1
free_kick_wide,short,six_yard,Hybrid,6,1,4,3,0,1,0,1,1,0,0,0,0,0.1296,1
goal_kick,driven,near_post,High Zonal,5,6,3,0,1,1,0,1,0,1,0,0,1,0.1224,1
kick_off,straight,far_post,High Zonal,10,1,8,0,0,0,0,1,0,1,1,1,0,0.0737,1
free_kick_central,lofted,edge_box,Deep Zonal,8,5,2,2,0,0,0,1,1,0,0,0,0,0.0636,1
kick_off,short,edge_box,High Zonal,10,2,4,3,0,0,1,1,0,0,0,0,0,0.0313,1
corner,driven,far_post,Hybrid,11,7,3,3,1,1,0,1,0,0,0,0,0,0.1482,1
throw_in,outswinger,central,Hybrid,8,5,4,0,0,1,1,1,0,0,0,1,0,0.1535,1
corner,straight,wide_channel,Hybrid,6,6,10,3,0,0,0,0,1,0,0,0,0,0.1052,1
free_kick_central,lofted,far_post,Deep Zonal,8,6,1,4,0,0,1,0,1,0,0,1,1,0.1499,1
corner,inswinger,six_yard,Hybrid,6,1,1,3,0,0,0,0,1,1,1,0,1,0.1255,1
corner,straight,edge_box,High Zonal,4,6,5,0,1,0,1,1,0,0,1,0,0,0.1375,1
corner,driven,six_yard,Hybrid,6,1,5,3,1,0,1,0,0,0,1,0,0,0.119,1
free_kick_wide,long,near_post,High Zonal,7,4,10,1,1,0,0,1,0,0,0,0,1,0.1443,1
throw_in,driven,far_post,High Zonal,5,5,3,0,0,0,0,1,1,0,0,0,0,0.1236,1
free_kick_central,long,central,Hybrid,5,7,6,2,1,1,0,0,1,0,0,1,0,0.2271,1
free_kick_wide,lofted,central,Man-to-Man,8,6,7,0,0,1,0,1,1,1,0,1,1,0.2392,1
play_restart,straight,central,Deep Zonal,4,5,7,0,1,0,0,1,1,0,0,0,0,0.1569,0
play_restart,short,far_post,High Zonal,3,7,4,0,0,0,1,1,0,1,1,0,0,0.0969,1
corner,driven,far_post,Deep Zonal,9,1,9,1,0,0,1,0,0,1,1,1,0,0.0604,1
free_kick_wide,long,penalty_spot,Man-to-Man,10,1,4,4,0,0,1,1,1,0,0,1,0,0.1512,1
throw_in,inswinger,central,High Zonal,5,2,5,1,0,1,1,1,0,0,0,1,1,0.1725,1
throw_in,straight,central,Hybrid,4,2,1,4,1,0,0,1,0,0,0,0,0,0.1006,0
free_kick_wide,short,central,Man-to-Man,7,4,10,0,1,1,1,0,0,1,1,0,0,0.2222,0
goal_kick,long,edge_box,Hybrid,4,6,10,2,1,0,1,0,0,1,1,0,0,0.1252,1
corner,short,near_post,High Zonal,10,3,3,1,1,0,0,0,0,1,1,0,0,0.101,0
free_kick_wide,driven,edge_box,Hybrid,3,7,6,1,0,0,0,1,0,1,0,0,0,0.146,1
throw_in,driven,central,Hybrid,7,5,9,2,0,0,0,1,0,0,0,0,0,0.1291,1
throw_in,outswinger,penalty_spot,Deep Zonal,6,4,1,4,1,0,1,0,1,1,1,0,0,0.1518,1
goal_kick,short,edge_box,Man-to-Man,7,6,7,3,0,1,0,0,1,1,0,0,0,0.1472,1
corner,short,far_post,Man-to-Man,9,4,8,0,0,0,0,0,0,0,0,0,0,0.0854,1
corner,outswinger,penalty_spot,Hybrid,5,1,7,4,0,0,1,1,0,0,0,0,0,0.1589,1
corner,straight,wide_channel,Deep Zonal,11,6,8,0,1,0,0,0,0,1,0,0,0,0.089,0
corner,short,near_post,Hybrid,11,1,3,2,0,1,0,0,0,1,0,1,1,0.0765,1
corner,driven,central,Man-to-Man,6,4,5,3,0,0,1,0,1,0,1,0,0,0.1396,1
free_kick_central,straight,wide_channel,High Zonal,6,2,7,2,1,0,0,1,1,0,0,0,0,0.16,1
free_kick_central,inswinger,six_yard,Deep Zonal,5,6,10,2,1,0,0,0,0,0,0,1,0,0.2318,1
throw_in,straight,penalty_spot,High Zonal,10,5,1,3,1,0,0,1,1,0,0,0,0,0.1157,1
free_kick_wide,driven,central,Hybrid,9,7,3,4,0,0,0,0,0,1,1,0,0,0.1181,1
corner,short,central,Deep Zonal,7,7,4,1,1,0,0,1,0,1,0,1,0,0.1588,1
throw_in,outswinger,six_yard,Deep Zonal,9,2,9,4,0,0,0,1,0,0,0,1,0,0.082,1
corner,lofted,edge_box,Deep Zonal,6,2,8,0,0,1,0,1,1,0,0,0,1,0.1296,1
kick_off,inswinger,central,Man-to-Man,9,2,9,4,1,0,0,1,0,0,1,1,0,0.137,1
corner,outswinger,near_post,Hybrid,10,2,7,1,1,1,1,0,0,1,1,1,0,0.1415,1
free_kick_central,straight,edge_box,Hybrid,6,7,6,3,0,0,1,0,0,0,0,0,0,0.1576,1
kick_off,long,penalty_spot,Hybrid,8,1,5,1,0,0,1,1,0,1,0,1,0,0.1122,1
penalty,driven,wide_channel,Deep Zonal,8,3,6,4,0,0,0,0,1,1,0,1,0,0.7237,1
throw_in,inswinger,far_post,Man-to-Man,3,2,2,2,0,0,1,1,1,0,0,1,0,0.1115,1
throw_in,driven,central,Man-to-Man,3,1,2,3,1,0,1,0,0,0,0,1,0,0.1294,1
corner,long,central,Deep Zonal,5,6,1,1,0,0,1,1,1,1,0,0,0,0.1331,1
throw_in,driven,far_post,Hybrid,5,4,2,2,0,0,1,1,0,0,1,0,0,0.0841,1
kick_off,lofted,central,Hybrid,4,7,4,3,1,1,0,0,1,0,0,0,0,0.1633,1
play_restart,driven,near_post,Hybrid,11,5,5,2,1,0,0,0,1,1,0,0,1,0.0936,1
free_kick_central,inswinger,central,Hybrid,8,4,10,0,1,0,0,1,0,0,0,1,1,0.2183,0
free_kick_wide,outswinger,central,High Zonal,3,2,10,4,0,0,1,1,1,0,1,0,0,0.2038,1
goal_kick,lofted,six_yard,High Zonal,11,5,8,1,1,0,1,1,0,1,1,0,0,0.1684,1
penalty,short,central,Man-to-Man,5,6,3,0,0,0,0,0,1,1,0,1,1,0.7676,1
corner,short,far_post,Man-to-Man,11,1,6,3,0,0,0,0,0,1,0,1,1,0.0875,1
corner,lofted,edge_box,Deep Zonal,5,2,5,2,0,1,0,1,0,1,1,0,0,0.1202,0
corner,driven,near_post,High Zonal,3,3,7,2,1,0,0,1,0,0,1,0,0,0.1601,1
free_kick_central,long,penalty_spot,Deep Zonal,4,1,1,1,0,1,0,0,0,1,1,0,1,0.1739,1
corner,driven,six_yard,High Zonal,6,1,1,0,1,0,1,1,0,0,0,0,0,0.1127,0
corner,inswinger,penalty_spot,High Zonal,11,2,3,3,1,0,1,1,1,0,0,0,0,0.129,1
corner,long,far_post,High Zonal,7,3,1,1,1,0,0,0,0,0,0,0,1,0.0733,1
play_restart,lofted,six_yard,Man-to-Man,4,4,4,3,0,0,0,1,0,0,0,1,0,0.1614,1
corner,inswinger,wide_channel,Man-to-Man,5,6,4,4,0,0,0,0,0,1,0,1,0,0.0704,1
corner,outswinger,six_yard,Deep Zonal,7,6,10,1,0,0,0,1,1,0,0,0,0,0.1798,1
free_kick_central,driven,far_post,Man-to-Man,7,3,7,2,0,1,0,0,1,0,0,0,0,0.1655,0
corner,short,penalty_spot,Man-to-Man,10,4,2,3,0,0,0,0,0,0,1,0,0,0.095,1
play_restart,inswinger,far_post,High Zonal,3,1,6,2,0,1,0,1,1,0,0,1,0,0.1404,1
kick_off,outswinger,central,Deep Zonal,3,6,2,2,1,0,0,1,0,1,1,1,0,0.0863,1
free_kick_wide,outswinger,far_post,High Zonal,9,2,10,2,1,0,0,1,0,1,1,0,1,0.1301,0
free_kick_central,outswinger,six_yard,High Zonal,3,1,1,0,0,0,1,1,1,1,0,0,0,0.1937,0
free_kick_wide,driven,central,High Zonal,9,5,3,3,0,0,0,1,0,1,1,1,1,0.1641,1
corner,long,six_yard,Hybrid,6,3,6,3,0,0,0,1,0,1,0,1,0,0.1568,1
corner,long,wide_channel,Hybrid,6,3,7,2,1,0,1,0,1,1,1,0,1,0.1265,1
corner,inswinger,central,High Zonal,4,4,6,0,0,0,0,1,1,0,1,0,0,0.1905,1
corner,straight,near_post,Hybrid,9,5,10,0,0,0,0,0,0,0,0,0,0,0.101,0
penalty,outswinger,wide_channel,Deep Zonal,4,6,2,4,0,0,0,1,0,0,0,0,0,0.8405,1
corner,driven,near_post,High Zonal,3,5,10,0,1,0,0,1,1,0,0,0,0,0.1923,1
corner,lofted,edge_box,High Zonal,8,5,3,4,0,1,0,1,0,0,0,1,0,0.097,1
free_kick_central,straight,near_post,Hybrid,4,6,8,0,1,0,1,0,0,1,1,0,0,0.1972,1
free_kick_central,lofted,central,Deep Zonal,4,6,4,0,1,0,0,1,0,0,1,0,0,0.1679,1
corner,inswinger,central,Man-to-Man,4,2,7,1,1,0,0,1,0,0,1,0,0,0.1632,0
corner,outswinger,central,Deep Zonal,8,3,1,1,0,0,1,0,0,0,0,0,0,0.0965,0
corner,driven,wide_channel,Deep Zonal,9,4,8,1,1,1,0,1,0,1,1,0,0,0.1301,0
corner,straight,near_post,Hybrid,11,7,9,0,0,0,1,1,0,0,0,1,0,0.1283,1
goal_kick,lofted,near_post,Hybrid,11,5,4,0,0,0,0,1,1,1,0,1,0,0.0807,0
kick_off,outswinger,edge_box,Man-to-Man,5,6,8,3,0,0,0,1,1,1,0,0,1,0.1372,1
free_kick_wide,driven,wide_channel,Hybrid,4,6,6,4,1,1,1,0,0,0,1,1,0,0.1582,1
free_kick_wide,outswinger,far_post,High Zonal,4,7,4,0,0,0,0,1,1,0,1,1,0,0.1319,1
throw_in,inswinger,edge_box,Hybrid,4,4,6,3,0,0,0,1,0,0,0,0,0,0.1101,0
throw_in,straight,near_post,High Zonal,3,2,6,2,1,0,1,0,0,0,0,1,0,0.1049,1
corner,lofted,six_yard,High Zonal,8,3,4,3,0,0,0,1,1,0,1,0,1,0.1583,1
corner,short,edge_box,Hybrid,3,1,4,1,0,0,1,1,0,0,0,0,0,0.0962,1
free_kick_wide,short,six_yard,Deep Zonal,3,5,5,1,1,0,0,1,0,1,1,1,0,0.1713,1
penalty,inswinger,penalty_spot,High Zonal,6,5,1,3,1,0,1,0,0,0,0,1,0,0.7333,1
corner,inswinger,wide_channel,High Zonal,10,2,6,3,0,0,0,1,1,0,0,0,0,0.09,1
corner,inswinger,far_post,High Zonal,7,4,6,3,0,0,1,1,1,0,0,0,1,0.1914,1
free_kick_wide,driven,edge_box,Hybrid,6,6,6,0,0,0,0,1,1,1,0,0,1,0.1422,1
corner,outswinger,edge_box,High Zonal,4,6,8,2,0,0,0,1,0,0,0,0,0,0.0873,1
free_kick_central,outswinger,central,Hybrid,9,6,5,4,0,0,0,0,0,1,1,0,0,0.1444,1
throw_in,short,wide_channel,Hybrid,5,1,4,2,0,1,1,1,0,1,1,1,0,0.1112,1
free_kick_central,short,edge_box,High Zonal,11,3,9,4,1,0,0,0,0,0,1,0,0,0.1509,1
corner,straight,six_yard,Man-to-Man,4,5,3,3,0,0,0,1,1,0,0,0,0,0.1993,1
corner,inswinger,central,Man-to-Man,10,1,1,1,0,0,0,1,1,0,1,0,0,0.1396,0
goal_kick,straight,six_yard,Deep Zonal,9,2,3,2,0,0,0,1,0,0,0,1,0,0.066,1
free_kick_central,long,central,Man-to-Man,6,7,8,1,0,0,0,1,1,0,0,1,1,0.21,0
corner,outswinger,wide_channel,High Zonal,6,4,4,2,0,0,0,1,0,0,0,0,1,0.1308,1
corner,long,near_post,Hybrid,11,5,2,0,1,0,0,0,0,1,0,0,0,0.0972,0
goal_kick,inswinger,penalty_spot,Hybrid,9,2,5,0,1,0,1,0,0,1,1,1,0,0.1199,1
goal_kick,lofted,near_post,High Zonal,3,5,2,3,0,0,1,1,1,0,1,0,0,0.1313,1
kick_off,lofted,edge_box,High Zonal,7,7,8,1,0,0,0,0,1,0,0,0,0,0.0641,1
throw_in,inswinger,central,Deep Zonal,9,7,2,4,1,0,0,1,1,0,0,0,0,0.1012,1
free_kick_wide,straight,six_yard,Deep Zonal,6,2,2,1,0,0,0,1,0,0,0,1,1,0.088,1
free_kick_wide,straight,six_yard,Hybrid,9,2,8,3,0,0,0,0,1,0,1,0,1,0.1349,1
corner,driven,central,Hybrid,8,5,8,2,1,0,0,1,0,0,0,1,0,0.1768,1
throw_in,short,six_yard,High Zonal,5,7,3,1,0,0,1,0,0,0,0,0,1,0.131,1
throw_in,short,edge_box,High Zonal,3,1,10,3,0,1,0,1,1,0,0,0,0,0.0886,1
corner,outswinger,far_post,Man-to-Man,3,2,1,2,0,0,1,1,0,1,1,0,0,0.1293,1
kick_off,inswinger,central,Deep Zonal,9,2,2,4,0,0,0,1,0,0,0,0,0,0.0468,1
free_kick_wide,long,central,Hybrid,9,6,3,1,0,0,0,0,0,1,0,1,1,0.1041,0
corner,short,near_post,Man-to-Man,6,4,6,1,0,0,0,1,0,1,1,0,0,0.0951,1
free_kick_wide,driven,far_post,Deep Zonal,7,6,6,0,0,0,0,1,1,1,0,0,0,0.1518,1
kick_off,driven,penalty_spot,Man-to-Man,7,1,4,2,0,0,0,0,0,1,0,0,1,0.1144,0
kick_off,short,far_post,Deep Zonal,10,1,3,2,0,0,0,0,0,0,1,0,0,0.017,0
free_kick_central,short,wide_channel,Deep Zonal,7,4,7,3,0,0,0,0,0,1,0,0,0,0.1331,1
play_restart,lofted,near_post,Man-to-Man,8,3,5,0,0,0,0,1,0,0,0,0,0,0.0856,1
kick_off,driven,six_yard,Deep Zonal,8,2,9,1,0,0,0,0,0,1,1,0,0,0.1179,1
goal_kick,driven,six_yard,Man-to-Man,4,2,1,1,1,0,0,1,1,0,0,0,0,0.1231,1
goal_kick,lofted,edge_box,Deep Zonal,9,6,9,2,0,0,0,0,0,1,0,1,0,0.066,1
free_kick_wide,straight,far_post,Man-to-Man,11,1,9,1,1,0,0,1,0,0,1,0,1,0.1237,1
goal_kick,long,central,Deep Zonal,3,7,5,2,1,0,1,1,1,1,1,0,1,0.1681,1
penalty,long,six_yard,Man-to-Man,3,2,7,4,0,0,0,1,0,0,1,0,1,0.7881,0
throw_in,inswinger,edge_box,Deep Zonal,7,6,8,1,0,1,1,1,0,1,0,0,1,0.1083,1
corner,short,six_yard,High Zonal,9,5,9,4,0,0,1,1,0,1,0,1,1,0.1873,1
throw_in,straight,central,Deep Zonal,3,1,6,0,1,0,0,1,1,0,1,1,1,0.1253,1
play_restart,straight,penalty_spot,Deep Zonal,9,6,1,2,1,0,0,1,0,1,0,0,1,0.1153,0
free_kick_wide,inswinger,far_post,Deep Zonal,5,4,8,0,0,0,0,1,1,0,1,0,0,0.1366,0
play_restart,long,penalty_spot,Deep Zonal,4,3,2,2,1,0,0,0,0,0,1,1,1,0.1386,1
free_kick_wide,long,edge_box,Deep Zonal,4,1,9,1,1,1,0,1,0,1,1,0,0,0.1526,1
corner,short,near_post,Deep Zonal,7,1,9,0,0,1,1,0,0,1,1,0,0,0.1046,0
corner,inswinger,near_post,Deep Zonal,8,3,8,4,1,0,0,1,1,0,0,1,1,0.1026,1
goal_kick,short,near_post,Deep Zonal,7,3,4,3,0,0,1,0,0,0,1,1,0,0.0625,1
penalty,inswinger,near_post,Man-to-Man,8,6,1,0,0,0,0,0,0,0,1,0,0,0.7207,0
free_kick_wide,outswinger,central,Deep Zonal,10,4,5,3,1,0,0,1,0,0,1,1,1,0.1149,1
throw_in,straight,near_post,Man-to-Man,10,1,3,0,1,0,0,1,0,0,0,0,0,0.0788,0
free_kick_wide,driven,central,Deep Zonal,9,7,10,2,0,0,1,0,0,1,0,0,0,0.1665,1
free_kick_central,straight,edge_box,Hybrid,7,2,8,3,0,0,0,0,0,0,1,0,0,0.129,1
kick_off,short,edge_box,Deep Zonal,4,5,2,0,0,1,0,1,0,0,0,1,0,0.0542,1
throw_in,driven,central,Man-to-Man,9,6,1,4,0,1,0,1,0,0,0,1,0,0.1448,1
goal_kick,straight,near_post,Deep Zonal,9,5,10,0,0,0,1,1,0,0,0,1,0,0.0871,1
throw_in,driven,edge_box,Man-to-Man,11,3,6,0,0,0,0,0,0,0,0,0,0,0.0349,0
play_restart,inswinger,far_post,Man-to-Man,9,1,8,2,0,1,0,1,0,0,0,0,0,0.0909,0
corner,straight,central,High Zonal,4,2,7,3,0,1,0,0,0,1,1,1,0,0.1619,0
corner,inswinger,far_post,Man-to-Man,8,4,4,2,0,0,0,1,0,0,0,0,0,0.1182,0
corner,short,wide_channel,Hybrid,9,7,9,0,1,0,0,0,0,1,1,0,0,0.1025,1
penalty,lofted,central,Deep Zonal,11,1,3,0,1,0,0,1,0,1,0,1,0,0.7613,0
throw_in,long,wide_channel,Man-to-Man,5,2,9,0,0,0,0,0,1,0,0,1,1,0.0884,0
throw_in,short,central,High Zonal,10,3,10,4,1,0,1,1,1,0,0,0,0,0.1091,1
free_kick_wide,outswinger,near_post,Hybrid,5,6,1,4,0,1,0,0,1,0,1,1,0,0.0996,0
corner,lofted,near_post,Hybrid,6,7,8,0,0,0,0,1,0,1,0,1,1,0.13,0
throw_in,straight,edge_box,Hybrid,11,2,7,3,1,1,0,0,1,0,0,0,0,0.0524,1
play_restart,outswinger,penalty_spot,Man-to-Man,4,5,8,4,0,0,1,1,1,0,0,0,0,0.2091,1
corner,lofted,penalty_spot,High Zonal,4,7,8,2,0,1,0,0,1,0,1,0,0,0.2046,0
corner,straight,wide_channel,Deep Zonal,10,7,10,0,1,0,1,1,0,0,0,1,0,0.1312,1
corner,straight,far_post,Hybrid,11,6,2,0,0,0,0,1,0,1,0,0,0,0.0873,1
free_kick_wide,inswinger,near_post,High Zonal,3,6,4,3,1,1,0,0,1,0,0,0,1,0.1758,0
corner,inswinger,edge_box,Man-to-Man,10,2,5,2,1,1,1,1,1,0,0,0,0,0.1346,1
free_kick_wide,driven,central,High Zonal,8,3,9,0,0,0,1,1,0,0,0,0,0,0.1176,1
throw_in,straight,penalty_spot,Man-to-Man,10,7,7,0,1,1,0,1,1,1,0,0,0,0.1712,0
free_kick_wide,lofted,six_yard,Man-to-Man,7,5,7,2,1,1,1,1,0,1,1,1,0,0.2011,1
free_kick_wide,inswinger,far_post,Deep Zonal,8,1,4,1,1,0,0,0,0,1,0,0,1,0.0622,0
corner,short,central,Man-to-Man,5,1,2,4,0,0,0,1,1,1,0,1,0,0.1423,1
kick_off,long,penalty_spot,Deep Zonal,8,7,4,3,0,0,1,0,0,0,0,1,1,0.1007,1
free_kick_wide,short,near_post,Man-to-Man,6,1,5,2,0,0,0,0,0,0,0,0,1,0.1162,1
free_kick_wide,short,central,Hybrid,6,5,2,2,0,0,1,1,1,0,1,0,1,0.1633,1
corner,short,far_post,Deep Zonal,5,3,2,2,0,0,0,0,1,0,0,1,0,0.1097,0
throw_in,long,central,High Zonal,6,2,8,3,0,1,1,1,0,0,1,1,1,0.1771,1
kick_off,driven,near_post,Hybrid,4,1,3,2,0,1,0,0,1,1,1,1,1,0.1189,1
corner,outswinger,penalty_spot,Man-to-Man,10,4,3,0,0,1,1,0,0,0,1,1,0,0.147,1
corner,straight,far_post,Deep Zonal,6,6,2,2,0,1,0,1,0,0,0,0,0,0.0924,1
corner,short,far_post,High Zonal,6,1,5,3,0,0,0,1,0,0,0,0,0,0.1031,1
throw_in,outswinger,wide_channel,High Zonal,11,5,1,4,0,0,0,1,0,1,0,0,0,0.0225,1
play_restart,inswinger,near_post,Deep Zonal,7,5,6,4,0,1,0,1,0,0,0,1,0,0.1114,1
free_kick_wide,lofted,near_post,Hybrid,9,6,1,3,0,0,0,1,1,0,0,0,0,0.1014,0
free_kick_wide,inswinger,six_yard,Man-to-Man,11,5,1,4,0,0,0,1,1,1,1,0,1,0.1506,1
goal_kick,outswinger,near_post,Deep Zonal,10,1,10,0,0,0,0,0,1,0,1,0,1,0.0323,1
goal_kick,short,wide_channel,Hybrid,6,3,5,0,0,0,1,0,1,0,0,0,0,0.047,1
corner,inswinger,edge_box,Deep Zonal,7,7,3,0,0,0,0,1,1,0,0,1,0,0.1012,1
corner,inswinger,far_post,Hybrid,10,6,2,0,0,0,1,0,1,0,0,0,0,0.123,0
free_kick_wide,inswinger,central,Deep Zonal,7,3,5,3,0,0,0,1,0,0,1,0,1,0.1482,0
goal_kick,inswinger,central,Man-to-Man,5,7,3,2,0,0,0,0,1,0,0,1,0,0.1174,1
throw_in,straight,six_yard,Deep Zonal,7,1,3,2,1,0,1,1,0,0,0,0,1,0.1263,1
throw_in,driven,near_post,Man-to-Man,3,4,4,2,1,0,0,0,1,1,1,0,0,0.1235,1
goal_kick,outswinger,edge_box,High Zonal,10,6,2,2,1,1,0,0,1,1,0,0,0,0.084,1
corner,straight,six_yard,Hybrid,8,5,5,4,0,0,0,1,0,0,0,0,0,0.123,1
free_kick_wide,short,edge_box,Deep Zonal,5,2,5,1,0,0,0,1,1,1,0,1,0,0.1064,1
corner,outswinger,near_post,Man-to-Man,7,2,5,1,1,1,1,1,0,0,1,0,0,0.1274,0
kick_off,straight,edge_box,Man-to-Man,3,6,8,0,0,1,0,0,0,0,0,0,0,0.1228,1
throw_in,straight,edge_box,Man-to-Man,10,7,1,2,1,0,1,0,0,0,0,0,1,0.0771,1
corner,outswinger,near_post,Man-to-Man,7,6,3,1,0,1,1,1,1,0,0,1,1,0.1593,0
corner,straight,six_yard,Hybrid,3,7,4,1,0,0,1,1,0,0,0,1,0,0.1448,1
throw_in,inswinger,near_post,Hybrid,7,7,4,2,1,1,0,1,1,1,1,0,0,0.161,1
goal_kick,driven,wide_channel,Hybrid,3,7,1,4,0,1,0,1,0,0,0,0,1,0.1122,1
throw_in,lofted,near_post,High Zonal,6,6,3,3,0,0,0,0,0,0,0,0,0,0.0509,0
corner,driven,central,Hybrid,10,6,3,0,0,0,0,1,0,0,0,1,0,0.0959,0
kick_off,inswinger,edge_box,Man-to-Man,8,6,10,1,0,0,1,1,0,0,0,1,0,0.0978,1
goal_kick,long,near_post,Man-to-Man,7,3,1,4,0,0,0,1,0,1,0,0,0,0.0767,0
throw_in,short,central,Hybrid,7,4,5,1,0,0,1,1,1,0,0,0,0,0.1201,1
throw_in,inswinger,near_post,Man-to-Man,7,2,2,4,0,0,0,1,0,1,1,1,1,0.1053,1
kick_off,lofted,six_yard,Hybrid,3,4,10,4,0,0,0,1,1,0,1,1,0,0.1203,1
play_restart,driven,near_post,Man-to-Man,5,4,6,0,0,1,1,1,0,0,1,0,0,0.1392,1
throw_in,inswinger,penalty_spot,High Zonal,10,1,4,4,0,1,1,0,0,0,0,0,0,0.0791,1
free_kick_wide,lofted,penalty_spot,Man-to-Man,11,1,10,3,0,0,1,0,1,1,0,1,0,0.1682,0
free_kick_wide,inswinger,far_post,Deep Zonal,4,7,7,2,0,1,0,0,0,0,1,0,0,0.1586,0
goal_kick,straight,central,Man-to-Man,11,4,2,1,0,0,0,1,1,0,0,1,0,0.0445,1
throw_in,inswinger,central,Deep Zonal,3,1,8,2,1,0,0,1,0,0,0,0,0,0.0963,1
corner,inswinger,wide_channel,High Zonal,7,3,8,1,0,0,1,0,0,0,0,0,0,0.0828,1
corner,lofted,edge_box,Man-to-Man,10,7,6,3,0,1,0,1,1,0,1,0,1,0.1267,1
kick_off,short,wide_channel,High Zonal,4,6,1,2,0,0,0,1,0,0,0,1,0,0.0497,1
kick_off,outswinger,edge_box,High Zonal,11,6,8,2,0,1,1,1,1,1,0,0,0,0.1504,1
play_restart,driven,six_yard,Deep Zonal,11,5,4,4,0,0,0,1,1,1,1,0,1,0.1138,1
free_kick_wide,driven,wide_channel,Man-to-Man,6,5,2,0,1,0,1,0,0,0,1,0,0,0.0893,1
goal_kick,lofted,far_post,High Zonal,11,2,5,1,0,1,0,0,0,1,0,0,0,0.005,0
goal_kick,lofted,wide_channel,Deep Zonal,3,6,5,3,0,0,0,0,0,0,0,0,0,0.0756,0
free_kick_wide,lofted,near_post,Deep Zonal,7,6,2,1,0,1,0,0,1,0,0,0,0,0.105,0
corner,short,near_post,Hybrid,5,2,3,0,0,1,0,0,1,0,1,0,1,0.127,0
play_restart,outswinger,far_post,High Zonal,8,3,7,2,0,0,1,0,0,0,0,0,0,0.085,1
corner,lofted,far_post,Hybrid,5,6,7,0,1,0,0,1,1,0,0,1,0,0.1473,1
throw_in,inswinger,far_post,High Zonal,6,2,2,2,0,0,0,1,1,1,0,1,0,0.0877,0
throw_in,inswinger,penalty_spot,Man-to-Man,9,5,3,0,0,1,0,0,0,0,1,0,1,0.1437,0
throw_in,straight,penalty_spot,Hybrid,4,3,9,0,0,0,0,1,0,0,1,1,0,0.1555,0
corner,outswinger,six_yard,Hybrid,10,3,1,3,0,0,0,1,1,0,0,0,0,0.1228,0
throw_in,short,central,Man-to-Man,9,2,6,0,0,0,0,0,1,0,0,0,0,0.0954,0
corner,lofted,central,Deep Zonal,5,6,5,0,1,0,0,1,1,0,0,1,1,0.1662,1
goal_kick,straight,edge_box,Hybrid,9,3,8,0,0,0,0,1,0,0,0,0,0,0.0677,0
corner,short,penalty_spot,Hybrid,5,4,1,2,1,0,0,1,0,0,0,0,0,0.1094,1
throw_in,straight,six_yard,High Zonal,7,2,2,2,0,0,0,1,0,0,0,1,0,0.1112,1
goal_kick,long,central,Deep Zonal,8,2,9,2,0,1,1,0,1,0,1,1,0,0.0975,1
corner,inswinger,near_post,Deep Zonal,10,1,4,3,1,0,1,1,1,1,0,0,0,0.1303,1
corner,inswinger,wide_channel,Hybrid,6,7,4,3,0,0,1,0,0,0,1,0,0,0.1167,1
goal_kick,short,near_post,High Zonal,7,3,8,3,0,0,1,1,1,0,0,0,0,0.0995,1
corner,short,edge_box,High Zonal,6,5,5,4,0,0,0,1,0,0,0,1,0,0.0972,1
corner,straight,central,High Zonal,10,4,5,1,0,0,0,0,0,1,0,0,0,0.1135,0
free_kick_central,outswinger,far_post,Hybrid,10,3,1,0,1,0,0,1,1,0,1,0,1,0.12,1
play_restart,inswinger,six_yard,High Zonal,4,6,7,4,0,0,0,1,1,0,1,0,0,0.1481,1
penalty,long,far_post,Deep Zonal,3,7,2,0,0,0,0,0,0,0,0,0,0,0.7557,0
free_kick_wide,straight,near_post,Man-to-Man,11,2,5,2,0,1,0,1,0,1,0,1,0,0.1221,1
play_restart,straight,edge_box,Deep Zonal,4,1,4,3,1,0,1,1,0,0,0,0,0,0.0792,0
free_kick_central,driven,near_post,High Zonal,4,3,7,0,1,1,0,0,1,0,1,1,1,0.2202,1
free_kick_wide,long,central,Deep Zonal,4,1,7,4,0,0,0,0,0,0,0,0,0,0.1264,0
free_kick_wide,outswinger,penalty_spot,Hybrid,4,1,7,4,1,0,0,1,0,0,0,0,0,0.152,1
free_kick_wide,long,far_post,Deep Zonal,3,6,7,4,0,0,0,1,0,0,0,1,0,0.1111,1
free_kick_wide,inswinger,penalty_spot,Man-to-Man,8,1,3,3,0,1,0,1,1,1,1,1,1,0.1835,1
throw_in,inswinger,far_post,Deep Zonal,7,1,4,3,1,0,0,1,0,1,0,0,0,0.0762,0
corner,long,far_post,High Zonal,3,3,9,2,0,1,0,0,0,1,1,1,0,0.1207,1
throw_in,inswinger,central,High Zonal,8,4,8,3,1,1,1,1,0,0,0,0,0,0.1611,1
corner,outswinger,six_yard,Hybrid,4,4,8,0,0,1,0,0,0,0,0,0,0,0.1465,0
free_kick_wide,driven,near_post,Hybrid,7,6,9,1,1,0,1,0,1,0,1,1,0,0.163,1
corner,long,wide_channel,Man-to-Man,9,6,1,0,0,0,0,1,1,0,0,0,0,0.0832,1
penalty,lofted,central,Hybrid,6,1,1,0,0,0,1,0,1,1,0,0,1,0.7323,1
throw_in,driven,central,Deep Zonal,5,6,1,2,0,0,0,1,0,0,0,0,0,0.1001,1
free_kick_wide,outswinger,edge_box,Hybrid,11,1,5,3,0,0,1,1,0,0,1,1,0,0.0926,1
corner,short,far_post,Man-to-Man,10,7,8,4,1,0,0,1,0,0,0,0,0,0.1288,1
corner,straight,penalty_spot,Hybrid,10,3,10,0,1,0,0,0,0,0,0,0,0,0.1178,0
goal_kick,long,wide_channel,Man-to-Man,4,7,7,3,0,1,1,1,0,1,0,0,0,0.167,1
corner,outswinger,six_yard,Hybrid,5,7,8,3,0,0,0,1,0,0,1,0,1,0.1467,1
goal_kick,inswinger,far_post,Man-to-Man,6,1,10,0,0,0,0,0,1,0,1,0,0,0.1033,1
free_kick_wide,inswinger,edge_box,Hybrid,4,3,2,1,0,0,1,1,0,1,0,1,1,0.1659,1
corner,driven,far_post,Hybrid,6,1,7,3,0,1,1,1,1,1,1,0,0,0.1431,1
throw_in,inswinger,edge_box,Hybrid,5,7,7,0,0,1,0,0,0,0,0,1,0,0.1144,1
free_kick_central,short,near_post,Deep Zonal,7,4,3,1,1,1,0,1,0,0,1,0,0,0.136,1
corner,driven,near_post,High Zonal,9,6,5,2,0,1,0,0,0,0,0,0,0,0.1319,1
play_restart,long,penalty_spot,Deep Zonal,6,5,1,0,0,1,0,0,1,0,0,0,0,0.1608,0
corner,straight,central,Man-to-Man,9,6,5,0,1,1,0,1,1,0,0,1,1,0.1954,0
free_kick_wide,outswinger,edge_box,Hybrid,6,5,6,4,0,0,0,0,1,0,0,0,0,0.1057,1
free_kick_wide,lofted,near_post,Hybrid,7,1,4,0,0,0,0,1,0,0,0,1,1,0.1087,0
free_kick_central,short,near_post,Man-to-Man,5,4,5,2,0,0,0,1,0,0,0,0,0,0.1008,0
goal_kick,straight,edge_box,Man-to-Man,3,5,7,2,1,1,0,1,1,0,0,0,0,0.1668,1
corner,lofted,far_post,Hybrid,3,7,10,3,1,0,1,0,0,1,0,0,0,0.2169,1
play_restart,outswinger,wide_channel,High Zonal,4,6,4,4,0,1,0,1,1,0,1,0,0,0.1588,1
throw_in,straight,central,Hybrid,8,4,8,0,1,0,0,1,1,0,1,0,0,0.1386,1
play_restart,inswinger,near_post,Man-to-Man,3,6,5,4,0,0,0,1,0,1,1,0,0,0.1187,1
goal_kick,inswinger,near_post,Man-to-Man,7,7,10,0,1,0,0,1,0,1,1,1,0,0.1453,1
play_restart,straight,far_post,Deep Zonal,4,7,6,4,1,1,0,1,1,0,0,1,0,0.1444,1
throw_in,long,near_post,Man-to-Man,6,7,8,2,0,1,0,1,1,0,0,0,0,0.1425,1
free_kick_wide,outswinger,edge_box,Hybrid,5,3,3,0,0,1,0,1,0,1,1,0,1,0.114,1
free_kick_central,long,near_post,Deep Zonal,4,4,7,2,0,0,1,1,1,1,0,0,0,0.1566,1
throw_in,driven,wide_channel,High Zonal,7,1,3,4,1,0,1,0,1,0,0,0,0,0.0574,1
free_kick_wide,driven,penalty_spot,High Zonal,11,1,6,2,0,1,1,1,0,1,1,0,0,0.1332,0
throw_in,inswinger,edge_box,High Zonal,8,6,2,0,0,0,1,0,0,1,1,0,0,0.0906,0
corner,driven,near_post,Deep Zonal,5,3,6,3,1,0,0,0,1,0,0,1,0,0.1506,1
goal_kick,inswinger,near_post,High Zonal,10,4,2,4,0,1,0,1,1,0,0,1,0,0.1075,0
corner,long,central,Deep Zonal,11,3,6,3,0,0,0,1,0,0,1,0,1,0.1269,1
play_restart,straight,far_post,Man-to-Man,9,7,5,2,0,0,1,0,0,0,0,0,1,0.1187,1
corner,long,penalty_spot,Man-to-Man,4,7,9,3,1,0,1,0,0,0,1,0,0,0.2145,1
corner,outswinger,central,Man-to-Man,4,6,2,1,1,0,0,1,0,0,1,0,1,0.1417,1
goal_kick,short,central,Man-to-Man,11,7,3,0,1,1,1,1,0,1,0,0,0,0.117,0
goal_kick,inswinger,wide_channel,High Zonal,11,4,8,4,0,1,0,1,1,0,0,0,0,0.0776,1
throw_in,inswinger,central,Hybrid,6,2,10,2,0,0,1,0,0,1,0,1,1,0.1436,1
play_restart,short,near_post,Deep Zonal,7,5,9,3,0,0,1,1,0,0,1,0,0,0.0666,1
corner,outswinger,central,High Zonal,7,1,6,2,1,0,0,1,1,0,1,0,0,0.1726,1
goal_kick,long,central,Hybrid,10,3,3,4,0,0,1,1,0,0,0,0,0,0.1017,1
free_kick_wide,long,far_post,Deep Zonal,5,6,5,2,0,1,0,0,0,0,0,0,1,0.1036,0
free_kick_central,short,penalty_spot,Deep Zonal,9,2,9,1,0,0,0,1,0,0,0,0,0,0.129,1
free_kick_central,long,penalty_spot,Deep Zonal,11,4,3,1,1,0,0,0,0,1,1,0,1,0.1234,0
corner,driven,edge_box,Man-to-Man,5,6,10,2,0,0,0,1,0,0,0,0,0,0.1233,1
penalty,lofted,near_post,Man-to-Man,5,6,3,4,0,0,1,0,0,0,0,0,0,0.7096,1
goal_kick,inswinger,near_post,High Zonal,4,5,5,0,0,0,0,0,0,0,0,0,0,0.0752,1
corner,short,edge_box,High Zonal,9,3,6,0,1,0,0,0,0,0,0,1,0,0.0833,0
play_restart,long,central,Hybrid,5,2,3,1,0,1,0,1,1,0,1,0,0,0.0611,0
free_kick_central,outswinger,central,Deep Zonal,3,2,2,4,0,1,0,1,0,0,0,0,1,0.2002,1
corner,outswinger,far_post,Hybrid,7,6,4,3,0,0,0,0,1,0,1,0,0,0.1041,1
throw_in,outswinger,edge_box,Man-to-Man,8,2,1,3,1,0,0,0,1,0,0,0,0,0.0824,1
corner,short,near_post,Man-to-Man,3,5,7,2,1,0,0,0,0,1,0,1,0,0.156,1
corner,straight,wide_channel,Deep Zonal,9,1,3,2,0,0,1,0,1,0,0,0,1,0.0594,1
throw_in,long,central,Hybrid,8,3,5,3,0,0,0,1,0,0,1,0,0,0.0696,1
corner,short,wide_channel,Man-to-Man,7,3,4,0,1,0,0,1,0,0,0,0,0,0.0584,0
corner,long,central,Hybrid,6,6,3,3,0,1,0,0,0,1,1,1,0,0.1058,1
throw_in,outswinger,edge_box,Deep Zonal,8,1,10,2,0,0,1,0,1,0,0,0,0,0.1081,1
corner,long,central,Man-to-Man,9,4,4,4,0,0,1,1,0,0,0,0,1,0.1604,1
goal_kick,long,six_yard,Deep Zonal,9,4,6,0,1,0,0,0,0,1,0,0,0,0.1169,1
goal_kick,inswinger,far_post,Hybrid,6,3,4,2,1,0,0,1,1,0,0,0,0,0.0909,1
corner,outswinger,six_yard,Hybrid,7,6,5,4,0,0,0,0,1,0,0,0,0,0.1511,1
free_kick_central,outswinger,edge_box,Deep Zonal,5,7,3,4,0,0,1,1,1,0,1,0,1,0.1385,1
corner,lofted,penalty_spot,High Zonal,4,1,10,1,1,0,0,0,1,0,1,0,0,0.1956,1
throw_in,outswinger,central,High Zonal,10,7,7,3,0,0,0,0,0,1,0,1,0,0.1182,1
corner,inswinger,central,Deep Zonal,6,7,4,1,0,1,0,1,0,0,0,0,0,0.1431,1
play_restart,inswinger,wide_channel,High Zonal,5,6,6,3,1,1,1,1,0,0,0,0,1,0.1275,1
corner,inswinger,wide_channel,Hybrid,9,1,10,3,1,0,0,1,1,0,0,0,1,0.1116,1
throw_in,straight,near_post,Deep Zonal,9,3,7,2,0,1,1,1,1,0,0,1,0,0.0897,1
corner,driven,central,High Zonal,5,5,10,0,1,0,0,0,1,0,0,1,1,0.1641,1
corner,straight,near_post,Man-to-Man,4,2,7,3,0,1,0,0,1,1,0,0,0,0.1439,1
free_kick_central,driven,central,Deep Zonal,8,2,7,2,0,0,1,1,1,0,0,0,1,0.178,0
penalty,inswinger,central,High Zonal,11,4,4,2,0,0,1,1,1,1,1,0,0,0.7888,1
play_restart,straight,six_yard,Deep Zonal,4,6,6,3,1,0,0,1,0,0,1,1,0,0.1213,1
corner,driven,near_post,Man-to-Man,5,2,7,4,0,0,0,0,0,0,0,1,0,0.1827,1
corner,long,six_yard,Man-to-Man,11,1,9,1,0,0,1,1,1,0,0,0,0,0.1314,1
free_kick_wide,driven,wide_channel,High Zonal,9,7,8,4,0,1,1,1,0,0,1,1,0,0.1706,1
free_kick_wide,outswinger,central,Man-to-Man,8,3,4,0,0,0,1,0,0,0,0,1,0,0.0924,0
kick_off,short,far_post,Hybrid,6,1,5,3,0,1,0,1,1,0,0,0,0,0.0188,0
kick_off,long,far_post,Man-to-Man,7,7,4,2,0,1,1,0,1,1,0,0,0,0.1543,1
kick_off,inswinger,central,Hybrid,4,2,10,3,1,0,0,0,1,1,1,0,1,0.1625,1
corner,driven,edge_box,Hybrid,10,1,3,2,0,1,0,1,0,0,1,0,0,0.0926,0
free_kick_wide,outswinger,penalty_spot,Deep Zonal,7,5,6,2,1,0,1,0,0,1,1,1,0,0.1787,1
goal_kick,inswinger,near_post,Deep Zonal,10,6,3,2,1,0,1,1,0,1,1,0,0,0.0625,1
free_kick_wide,long,six_yard,Deep Zonal,10,1,2,3,0,0,0,0,0,0,1,0,1,0.0787,1
throw_in,long,central,Deep Zonal,3,6,2,1,0,0,0,1,0,1,0,0,0,0.1314,0
corner,driven,near_post,High Zonal,10,3,1,1,0,0,0,0,0,1,0,0,0,0.0415,0
free_kick_wide,driven,wide_channel,Hybrid,5,3,9,2,0,0,1,0,1,0,0,0,0,0.1106,1
kick_off,outswinger,near_post,Man-to-Man,5,5,9,1,0,1,0,1,1,0,0,0,0,0.1561,1
corner,short,near_post,High Zonal,7,1,1,1,0,1,1,0,0,0,0,0,0,0.0635,1
play_restart,lofted,central,Hybrid,5,2,3,0,0,0,1,1,0,0,1,0,1,0.1308,1
free_kick_wide,outswinger,central,Hybrid,6,6,5,1,1,0,1,1,0,0,1,0,0,0.149,0
corner,straight,far_post,Man-to-Man,9,7,2,2,1,1,0,0,0,0,0,0,0,0.0781,1
corner,lofted,edge_box,Hybrid,5,7,4,2,0,0,0,1,1,1,0,0,0,0.1316,1
corner,inswinger,central,Hybrid,8,6,10,3,0,1,0,1,0,1,1,1,0,0.2092,1
free_kick_central,lofted,penalty_spot,Hybrid,6,1,4,1,0,0,0,1,0,1,0,0,0,0.1838,1
corner,straight,near_post,Hybrid,5,3,6,3,0,0,0,0,1,0,0,0,1,0.1505,1
throw_in,driven,far_post,High Zonal,4,6,9,2,1,0,1,1,0,0,1,0,0,0.1196,1
kick_off,short,wide_channel,High Zonal,10,5,1,2,1,0,1,1,0,1,0,0,0,0.0493,1
free_kick_wide,long,edge_box,Man-to-Man,4,6,9,0,0,1,0,0,0,0,1,0,0,0.1684,1
corner,driven,edge_box,Man-to-Man,7,3,5,3,0,0,1,1,1,1,0,1,1,0.1583,0
free_kick_wide,inswinger,central,Hybrid,5,5,7,3,1,1,1,1,1,1,0,0,1,0.2245,0
goal_kick,short,far_post,Man-to-Man,11,6,10,0,0,0,0,0,0,0,0,0,0,0.0992,0
throw_in,lofted,six_yard,Deep Zonal,3,6,7,0,0,1,0,0,0,0,1,0,1,0.1598,1
corner,lofted,six_yard,Hybrid,6,6,4,3,1,1,1,1,0,0,1,0,0,0.2046,1
free_kick_central,lofted,edge_box,Man-to-Man,7,1,9,1,1,0,1,1,0,1,0,0,0,0.1392,0
free_kick_central,short,far_post,Man-to-Man,11,2,3,4,0,1,1,1,1,0,0,1,0,0.1308,1
free_kick_wide,short,near_post,Deep Zonal,4,4,4,4,0,1,0,0,1,0,0,0,0,0.0989,1
corner,short,near_post,Hybrid,10,5,7,2,1,1,0,0,1,0,1,1,0,0.1273,1
play_restart,short,near_post,High Zonal,3,7,5,4,0,0,0,0,0,0,1,0,1,0.0951,1
corner,short,central,Hybrid,5,3,9,2,0,1,0,0,0,0,0,0,0,0.1634,1
corner,inswinger,near_post,Hybrid,10,6,3,4,0,0,0,1,0,1,1,0,0,0.0911,1
corner,inswinger,far_post,Man-to-Man,6,5,7,0,0,0,1,1,0,0,0,1,0,0.1447,1
penalty,short,penalty_spot,Hybrid,8,2,3,2,0,1,0,1,1,0,1,0,0,0.799,0
free_kick_central,outswinger,penalty_spot,Hybrid,6,2,6,4,0,0,0,0,0,0,1,0,0,0.1246,1
corner,outswinger,penalty_spot,High Zonal,11,5,10,1,0,1,0,0,1,0,1,1,1,0.176,0
free_kick_wide,inswinger,central,High Zonal,3,3,10,4,1,0,0,1,1,1,0,0,0,0.2128,1
throw_in,driven,far_post,High Zonal,11,2,8,4,1,0,0,0,0,0,0,0,1,0.0749,0
corner,lofted,wide_channel,Deep Zonal,5,2,7,3,1,0,0,1,0,0,0,0,0,0.0767,0
kick_off,short,far_post,Man-to-Man,8,2,5,3,0,0,1,1,1,0,1,1,0,0.0859,1
free_kick_wide,lofted,six_yard,High Zonal,5,1,4,0,1,0,0,1,0,1,0,0,1,0.1415,1
corner,driven,far_post,High Zonal,10,2,1,4,1,0,0,1,0,1,0,0,0,0.097,0
play_restart,outswinger,penalty_spot,Man-to-Man,9,7,6,4,0,0,1,0,0,1,0,0,0,0.1336,1
goal_kick,inswinger,far_post,Man-to-Man,4,2,8,2,1,0,0,1,0,0,0,0,0,0.1229,0
free_kick_wide,outswinger,edge_box,Deep Zonal,5,3,9,1,0,0,1,0,0,0,1,0,1,0.125,1
goal_kick,inswinger,six_yard,Man-to-Man,9,4,10,2,0,0,0,0,0,0,0,0,1,0.1345,0
free_kick_central,short,far_post,Man-to-Man,7,5,2,4,0,0,0,1,0,1,0,0,1,0.1285,1
free_kick_wide,outswinger,edge_box,Deep Zonal,7,3,10,0,0,0,1,1,0,0,0,0,0,0.1558,0
goal_kick,lofted,six_yard,High Zonal,6,6,3,2,1,0,0,1,1,1,0,0,0,0.1551,0
goal_kick,short,edge_box,Hybrid,9,6,8,0,0,0,0,0,1,0,0,0,0,0.0387,1
corner,straight,near_post,Man-to-Man,11,4,8,4,1,0,0,0,1,0,0,0,1,0.1426,1
throw_in,lofted,near_post,High Zonal,3,7,7,3,1,0,0,1,1,0,0,1,1,0.1579,1
free_kick_wide,lofted,six_yard,High Zonal,9,3,5,4,0,0,1,0,0,1,0,0,0,0.1449,1
corner,driven,edge_box,Deep Zonal,11,4,2,4,1,0,0,0,1,1,0,0,1,0.0917,1
play_restart,driven,wide_channel,High Zonal,4,5,6,0,0,1,1,0,1,0,1,0,1,0.1336,1
penalty,lofted,central,Hybrid,6,2,1,2,0,0,1,0,0,0,0,0,0,0.7696,1
throw_in,short,edge_box,Hybrid,8,1,7,4,0,0,0,0,0,0,0,1,0,0.0129,0
throw_in,driven,six_yard,High Zonal,9,7,3,0,1,1,0,0,0,0,0,0,1,0.1306,1
penalty,inswinger,six_yard,High Zonal,9,1,2,4,1,1,0,0,0,0,1,1,1,0.7028,1
corner,short,edge_box,Deep Zonal,11,1,6,1,0,0,0,1,0,0,0,0,0,0.0246,0
play_restart,short,near_post,Hybrid,8,1,3,2,0,0,0,0,1,0,0,1,0,0.0784,1
throw_in,inswinger,edge_box,Man-to-Man,10,4,10,0,1,1,0,1,1,0,0,1,0,0.1541,1
throw_in,inswinger,penalty_spot,Hybrid,7,2,1,1,1,0,0,1,0,1,0,0,1,0.1319,0
free_kick_central,inswinger,central,High Zonal,5,2,9,4,1,0,0,0,1,0,0,0,0,0.1954,1
corner,outswinger,central,High Zonal,9,7,8,4,1,0,0,1,0,0,1,0,0,0.2042,1
corner,inswinger,six_yard,Deep Zonal,6,7,4,0,0,0,0,1,0,0,1,0,0,0.1237,1
free_kick_wide,straight,near_post,Hybrid,8,7,6,2,1,1,0,1,0,1,0,0,0,0.1767,1
corner,driven,far_post,Hybrid,8,3,4,0,1,0,0,1,1,1,0,1,1,0.1554,1
throw_in,short,penalty_spot,Deep Zonal,3,1,3,4,0,1,1,0,0,1,0,1,0,0.1372,1
kick_off,long,wide_channel,Deep Zonal,7,7,4,2,1,0,0,1,1,0,1,0,0,0.0586,1
free_kick_wide,inswinger,edge_box,High Zonal,3,4,4,1,0,0,0,0,1,1,1,1,1,0.1229,1
free_kick_wide,driven,central,Deep Zonal,6,7,6,2,0,1,0,1,0,0,0,0,0,0.1702,1
throw_in,inswinger,near_post,Man-to-Man,8,2,6,1,0,0,0,1,1,0,0,1,1,0.118,1
corner,outswinger,central,High Zonal,8,7,9,3,1,1,0,1,0,0,0,0,0,0.1821,1
play_restart,short,central,Hybrid,3,3,6,1,0,0,0,1,0,1,1,0,0,0.1059,1
free_kick_wide,lofted,six_yard,Man-to-Man,11,6,8,1,1,0,1,1,0,1,0,0,0,0.1974,1
corner,lofted,central,Deep Zonal,9,1,10,3,0,0,0,0,0,1,0,0,0,0.1027,1
corner,driven,near_post,Deep Zonal,5,6,9,4,0,0,1,0,0,1,1,1,0,0.1283,1
play_restart,long,six_yard,Deep Zonal,7,4,5,1,0,1,0,1,0,0,0,1,0,0.1667,1
corner,short,near_post,Hybrid,4,7,6,2,0,0,0,1,1,1,0,1,0,0.1743,1
throw_in,long,near_post,Man-to-Man,6,2,9,1,1,0,0,1,0,0,0,1,0,0.1109,0
corner,inswinger,far_post,High Zonal,9,2,7,0,0,1,0,1,1,0,1,1,0,0.1726,1
corner,outswinger,near_post,Deep Zonal,10,5,2,1,0,0,0,1,0,1,1,0,0,0.0518,0
kick_off,lofted,near_post,Hybrid,8,6,10,0,1,0,0,0,0,0,0,0,0,0.0741,1
corner,lofted,wide_channel,Deep Zonal,5,7,8,3,0,0,1,1,0,0,1,1,0,0.1063,1
corner,outswinger,six_yard,Hybrid,11,1,7,2,0,0,0,1,0,0,0,0,1,0.1375,0
free_kick_central,outswinger,edge_box,Man-to-Man,7,1,10,2,0,0,0,1,1,0,0,0,0,0.133,1
kick_off,outswinger,edge_box,Hybrid,9,3,2,2,1,0,0,0,0,1,1,1,0,0.0686,1
free_kick_wide,straight,near_post,Man-to-Man,9,1,9,1,0,1,0,1,0,1,0,1,0,0.1245,1
corner,outswinger,six_yard,Man-to-Man,6,3,4,2,0,0,0,1,0,0,0,0,0,0.1374,1
play_restart,short,far_post,Deep Zonal,3,4,9,0,0,0,0,1,0,0,0,0,0,0.0899,1
throw_in,inswinger,near_post,High Zonal,8,7,1,0,1,0,1,0,1,0,0,0,0,0.1026,1
goal_kick,inswinger,central,Hybrid,11,1,6,0,0,0,1,0,0,0,1,0,0,0.0842,1
goal_kick,outswinger,far_post,Deep Zonal,10,3,2,0,1,0,0,1,1,0,0,0,0,0.0367,0
throw_in,driven,near_post,High Zonal,10,3,10,2,0,1,0,1,0,0,0,0,0,0.0887,1
free_kick_wide,outswinger,central,Deep Zonal,6,4,5,0,0,1,0,0,1,0,1,0,0,0.1313,0
free_kick_wide,straight,central,Deep Zonal,11,3,9,1,0,0,0,1,1,0,0,1,0,0.1001,1
throw_in,long,far_post,High Zonal,3,5,8,3,1,0,1,1,1,0,1,1,0,0.1301,1
throw_in,driven,near_post,Hybrid,5,6,5,2,0,0,1,0,1,0,0,1,0,0.1565,1
play_restart,outswinger,penalty_spot,Deep Zonal,8,5,2,3,0,0,0,0,0,0,0,1,0,0.0805,1
penalty,long,central,Deep Zonal,5,5,5,1,0,0,0,1,1,0,0,0,0,0.7525,0
corner,outswinger,penalty_spot,Man-to-Man,3,1,4,0,0,1,1,1,0,0,0,0,0,0.1696,0
free_kick_central,short,central,Man-to-Man,4,7,3,0,0,0,0,1,0,1,0,1,0,0.1737,1
throw_in,straight,far_post,Deep Zonal,11,4,4,2,0,0,0,1,0,0,0,0,0,0.005,0
free_kick_wide,lofted,penalty_spot,Hybrid,6,2,3,4,0,1,1,1,0,0,1,1,0,0.1784,1
goal_kick,lofted,edge_box,Hybrid,4,5,9,4,0,0,0,1,0,0,1,1,0,0.1373,1
throw_in,driven,near_post,Deep Zonal,8,4,10,0,0,1,0,0,1,1,0,0,0,0.1122,1
corner,lofted,penalty_spot,Man-to-Man,6,7,2,0,0,1,0,1,1,0,1,0,1,0.1891,0
penalty,inswinger,six_yard,High Zonal,6,5,3,2,0,0,1,1,1,0,0,0,0,0.7263,1
throw_in,long,central,Deep Zonal,11,7,1,0,1,0,0,0,1,1,0,0,0,0.0822,1
kick_off,inswinger,penalty_spot,Deep Zonal,7,7,5,0,0,0,0,0,0,1,0,0,0,0.0995,0
free_kick_wide,outswinger,far_post,Deep Zonal,3,2,7,1,1,0,0,1,0,1,1,0,0,0.14,1
penalty,short,six_yard,Hybrid,11,3,3,4,0,1,0,1,1,1,1,0,0,0.7556,1
free_kick_central,long,far_post,Man-to-Man,3,2,6,1,0,1,0,0,0,1,1,1,0,0.188,0
free_kick_central,long,wide_channel,Deep Zonal,9,2,4,0,1,1,0,1,0,1,1,0,0,0.103,0
corner,driven,edge_box,Deep Zonal,3,5,1,0,0,0,0,1,0,1,0,0,0,0.0517,1
kick_off,short,penalty_spot,Man-to-Man,5,7,3,3,1,0,0,0,0,0,0,0,1,0.1043,1
kick_off,lofted,central,High Zonal,11,4,8,4,0,0,0,1,0,0,0,1,0,0.0879,1
penalty,driven,penalty_spot,High Zonal,4,6,9,4,1,0,0,1,0,1,1,0,0,0.7431,1
penalty,driven,near_post,Man-to-Man,11,6,5,3,1,0,1,1,0,1,0,1,0,0.8019,0
corner,outswinger,far_post,Deep Zonal,5,2,6,2,0,0,1,0,0,1,1,0,1,0.1257,1
throw_in,short,central,Man-to-Man,6,6,6,3,0,0,0,0,0,0,1,0,0,0.1146,1
free_kick_wide,long,edge_box,Hybrid,11,4,4,0,1,0,1,1,0,0,1,1,1,0.1198,1
throw_in,lofted,edge_box,Deep Zonal,9,1,7,4,0,0,0,0,0,0,0,0,0,0.0164,0
corner,inswinger,wide_channel,Man-to-Man,5,6,5,3,0,0,0,1,0,0,1,0,0,0.1241,1
throw_in,outswinger,central,Deep Zonal,9,7,1,0,0,0,0,0,1,0,0,0,0,0.1039,1
corner,outswinger,six_yard,Hybrid,7,2,4,1,0,0,1,0,1,0,0,1,0,0.1157,0
throw_in,outswinger,six_yard,High Zonal,3,2,2,4,0,0,0,0,0,0,0,1,1,0.0972,1
throw_in,driven,six_yard,Man-to-Man,5,6,5,2,0,0,0,1,0,0,1,0,0,0.13,1
corner,inswinger,edge_box,Deep Zonal,5,7,5,4,0,1,0,0,0,1,0,0,0,0.0954,1
free_kick_central,straight,central,Hybrid,7,2,5,1,0,0,0,1,0,0,0,0,0,0.1626,1
goal_kick,long,six_yard,High Zonal,11,4,2,2,0,0,0,1,0,0,0,1,1,0.0712,1
throw_in,straight,penalty_spot,High Zonal,8,5,10,0,1,0,1,1,1,0,0,1,1,0.1528,0
corner,inswinger,edge_box,Hybrid,4,6,2,4,1,1,0,1,1,0,0,0,1,0.111,1
free_kick_central,short,central,Man-to-Man,8,1,3,4,0,0,0,1,0,0,0,1,0,0.1594,1
free_kick_wide,short,near_post,Man-to-Man,7,2,4,4,0,0,0,0,0,0,1,0,1,0.1094,1
throw_in,lofted,central,Hybrid,6,7,5,3,1,1,0,1,0,0,0,0,1,0.1432,1
throw_in,long,far_post,Deep Zonal,5,4,5,1,0,0,0,1,1,0,1,1,0,0.1002,1
corner,lofted,far_post,High Zonal,9,6,10,0,1,1,0,1,0,0,0,0,0,0.1313,0
throw_in,inswinger,six_yard,Hybrid,8,1,9,1,1,0,0,1,1,0,0,1,0,0.1421,1
throw_in,long,near_post,High Zonal,6,1,1,3,0,1,0,1,1,1,0,1,0,0.0884,1
goal_kick,short,near_post,Man-to-Man,4,6,6,3,0,0,1,1,0,1,0,1,1,0.1098,1
corner,long,central,Deep Zonal,4,3,6,4,0,0,0,0,0,0,0,0,0,0.1255,1
free_kick_wide,straight,near_post,High Zonal,4,7,10,2,0,1,0,1,0,0,1,0,0,0.182,1
free_kick_wide,outswinger,far_post,Hybrid,8,4,4,1,1,0,0,1,0,0,0,0,0,0.1,1
corner,inswinger,edge_box,Hybrid,3,6,5,1,0,0,0,0,1,0,0,1,0,0.1417,0
free_kick_wide,driven,wide_channel,High Zonal,3,4,10,4,1,0,1,1,1,0,0,1,0,0.1762,1
corner,driven,central,Hybrid,11,5,5,0,1,0,1,1,0,0,0,0,1,0.1306,0
corner,inswinger,central,Hybrid,5,5,7,3,1,0,0,1,0,0,0,0,0,0.1451,1
throw_in,short,edge_box,Man-to-Man,4,1,4,0,0,1,1,0,1,0,0,1,0,0.1157,1
corner,long,central,Hybrid,11,6,8,2,0,0,0,1,1,0,1,0,0,0.1319,0
throw_in,short,edge_box,High Zonal,6,7,1,0,0,0,0,0,0,1,0,1,0,0.0602,1
corner,outswinger,penalty_spot,High Zonal,3,3,10,1,1,0,0,1,1,1,1,0,0,0.2023,0
penalty,driven,six_yard,Hybrid,6,3,2,2,0,1,0,0,1,0,1,0,0,0.7491,1
free_kick_wide,short,near_post,Deep Zonal,3,5,6,1,1,0,1,1,0,1,0,1,1,0.1733,1
goal_kick,long,wide_channel,High Zonal,5,5,1,0,0,0,0,0,1,0,0,0,0,0.0457,0
goal_kick,long,wide_channel,Hybrid,11,3,1,3,0,0,1,1,1,0,0,1,0,0.079,1
free_kick_wide,long,near_post,Deep Zonal,10,2,8,0,0,1,0,0,0,0,0,1,1,0.1027,1
throw_in,inswinger,far_post,Hybrid,6,7,8,3,0,0,1,1,0,0,0,0,1,0.1431,0
corner,lofted,far_post,Hybrid,6,6,4,4,1,0,1,0,0,0,0,0,0,0.1351,1
throw_in,outswinger,central,Deep Zonal,8,5,1,1,0,0,0,0,0,1,0,0,0,0.0402,1
corner,driven,wide_channel,Hybrid,8,3,1,2,1,0,1,1,1,1,1,1,1,0.1126,1
free_kick_wide,driven,near_post,Deep Zonal,9,3,10,3,0,1,1,1,1,1,0,1,0,0.1637,1
corner,long,central,Man-to-Man,7,3,8,4,0,0,1,1,1,1,1,0,1,0.1274,1
kick_off,short,near_post,Deep Zonal,3,5,4,1,1,0,0,1,0,0,0,1,1,0.1004,1
free_kick_central,inswinger,penalty_spot,High Zonal,10,1,3,0,1,1,0,1,1,1,1,1,0,0.1653,0
throw_in,straight,six_yard,High Zonal,6,5,8,0,0,0,0,0,0,0,0,0,0,0.1736,1
free_kick_wide,short,penalty_spot,Deep Zonal,10,5,9,1,0,0,1,1,0,0,0,1,1,0.1606,1
corner,inswinger,edge_box,Man-to-Man,10,2,7,4,1,0,0,1,0,0,1,0,0,0.0873,1
corner,inswinger,near_post,Hybrid,4,2,9,3,0,1,0,0,1,1,1,0,1,0.214,1
kick_off,lofted,edge_box,High Zonal,7,2,9,1,0,1,0,1,1,0,1,0,1,0.1297,1
goal_kick,outswinger,far_post,Man-to-Man,9,7,4,4,0,0,1,1,1,1,1,0,0,0.1269,1
corner,outswinger,far_post,Man-to-Man,6,7,8,3,0,1,0,0,0,1,0,1,0,0.1722,1
goal_kick,outswinger,penalty_spot,Hybrid,10,6,3,3,0,1,0,0,1,1,0,0,0,0.1163,1
free_kick_wide,short,wide_channel,Hybrid,7,5,3,0,0,1,1,1,1,0,1,0,0,0.1027,0
corner,straight,edge_box,High Zonal,11,7,10,4,0,1,0,1,1,1,1,0,0,0.1571,1
free_kick_central,driven,edge_box,High Zonal,11,6,4,0,0,0,1,1,1,0,0,0,0,0.179,1
corner,short,far_post,Hybrid,11,3,9,0,0,0,0,1,0,0,0,0,0,0.0914,0
corner,inswinger,near_post,Man-to-Man,4,3,4,3,0,0,0,1,1,0,0,1,0,0.1774,1
throw_in,straight,penalty_spot,High Zonal,9,5,10,1,1,0,0,1,1,0,1,0,0,0.1592,1
corner,inswinger,edge_box,Hybrid,9,3,3,4,0,0,0,1,1,0,1,1,0,0.0791,1
kick_off,driven,edge_box,Deep Zonal,7,4,1,4,0,0,1,1,1,1,0,0,1,0.1118,0
throw_in,inswinger,penalty_spot,Deep Zonal,4,7,5,2,1,0,0,1,0,0,0,1,0,0.1957,1
goal_kick,outswinger,central,Hybrid,5,7,6,2,0,0,1,1,0,1,0,1,0,0.1257,1
throw_in,straight,central,Hybrid,7,5,4,0,0,0,0,1,1,0,1,0,0,0.1082,1
kick_off,inswinger,near_post,Deep Zonal,10,3,3,0,1,0,1,1,1,1,1,0,1,0.1222,1
free_kick_wide,short,edge_box,Man-to-Man,11,4,9,0,0,0,0,0,0,0,0,0,0,0.0662,1
penalty,straight,wide_channel,Man-to-Man,11,3,4,0,0,0,0,0,1,0,0,0,0,0.7999,0
free_kick_central,lofted,far_post,High Zonal,11,3,8,2,1,1,1,1,0,0,0,1,0,0.1995,1
kick_off,inswinger,edge_box,Man-to-Man,3,3,1,3,0,0,0,1,0,0,0,0,0,0.0752,0
corner,short,edge_box,High Zonal,11,4,9,0,0,1,1,1,0,0,0,0,0,0.1035,0
penalty,long,near_post,Hybrid,7,4,8,0,1,1,1,1,1,1,0,1,0,0.7457,0
goal_kick,inswinger,central,Hybrid,3,5,2,1,0,0,0,1,1,0,1,0,0,0.1377,0
free_kick_wide,short,central,High Zonal,4,7,6,2,0,0,1,1,0,0,1,0,0,0.1066,1
kick_off,driven,wide_channel,Man-to-Man,5,4,8,2,0,0,0,0,1,1,0,0,0,0.1388,0
free_kick_wide,driven,near_post,High Zonal,5,2,8,0,1,0,0,1,0,0,0,0,0,0.1482,1
corner,lofted,penalty_spot,High Zonal,3,2,5,3,0,0,0,1,1,1,0,1,0,0.1922,1
throw_in,long,central,Man-to-Man,6,5,2,1,1,0,0,1,1,0,0,0,0,0.1542,1
free_kick_wide,straight,edge_box,Hybrid,7,7,1,0,0,0,1,1,1,1,0,1,0,0.104,1
corner,lofted,central,Hybrid,5,3,10,1,1,0,0,1,0,0,1,0,1,0.1284,0
corner,outswinger,wide_channel,Deep Zonal,9,1,2,4,1,0,1,0,0,0,0,0,0,0.0692,0
corner,short,central,Hybrid,9,1,4,0,0,1,0,1,0,1,1,0,0,0.1316,0
goal_kick,long,wide_channel,Man-to-Man,6,2,9,0,0,0,0,1,0,0,1,1,0,0.0561,1
kick_off,driven,penalty_spot,Deep Zonal,3,7,10,3,0,0,1,1,0,0,0,0,0,0.1883,1
penalty,lofted,far_post,Deep Zonal,5,6,5,3,0,0,1,0,1,1,1,0,1,0.7027,1
corner,inswinger,edge_box,Man-to-Man,8,6,7,0,0,0,1,0,0,1,1,0,0,0.1202,0
free_kick_central,long,penalty_spot,Deep Zonal,6,3,6,3,1,0,1,0,1,0,0,1,0,0.1826,1
goal_kick,outswinger,near_post,Deep Zonal,8,7,2,3,0,0,0,0,0,1,0,0,0,0.037,1
goal_kick,driven,edge_box,Deep Zonal,10,3,5,3,0,0,0,0,0,1,1,0,0,0.0252,1
corner,long,penalty_spot,Deep Zonal,10,3,8,2,1,1,0,0,0,1,0,0,0,0.1526,1
corner,inswinger,penalty_spot,Deep Zonal,8,7,7,2,0,0,0,1,1,0,1,1,0,0.1862,1
kick_off,driven,edge_box,High Zonal,3,6,6,1,0,0,0,0,0,0,0,0,0,0.0901,1
goal_kick,straight,edge_box,Hybrid,9,3,9,0,0,0,0,0,0,0,0,1,1,0.0547,1
corner,short,central,Deep Zonal,5,5,2,3,0,1,0,1,1,0,0,0,0,0.1098,1
goal_kick,lofted,central,Deep Zonal,6,3,6,3,0,0,1,1,0,0,0,0,0,0.0955,0
corner,long,central,High Zonal,9,5,2,2,0,1,0,0,0,0,0,1,0,0.1035,1
corner,short,penalty_spot,Man-to-Man,10,1,1,3,0,0,1,1,0,1,1,0,0,0.0891,1
goal_kick,inswinger,central,Deep Zonal,9,1,10,0,1,1,0,0,0,1,0,1,0,0.1111,0
free_kick_central,inswinger,near_post,High Zonal,5,7,8,0,0,1,0,1,0,0,1,1,1,0.2181,0
free_kick_wide,inswinger,edge_box,Deep Zonal,7,1,10,1,1,0,0,0,1,0,1,0,1,0.1276,0
kick_off,outswinger,central,Hybrid,6,3,5,1,1,0,0,0,1,0,0,0,1,0.1125,1
goal_kick,outswinger,near_post,Hybrid,7,2,6,2,1,1,0,0,0,0,0,1,1,0.1299,0
corner,short,six_yard,Hybrid,9,1,1,0,1,0,0,0,1,1,1,0,0,0.1206,1
throw_in,long,edge_box,High Zonal,11,6,2,0,0,0,1,0,0,0,1,1,0,0.0354,1
goal_kick,inswinger,edge_box,Man-to-Man,6,2,1,3,0,0,1,0,1,0,1,0,0,0.1012,1
penalty,short,central,Hybrid,5,6,4,3,0,1,0,1,1,1,0,1,0,0.7818,1
play_restart,lofted,penalty_spot,Man-to-Man,10,4,5,3,1,1,0,0,1,1,0,0,0,0.1727,0
throw_in,inswinger,wide_channel,Hybrid,4,5,3,1,0,0,1,0,0,1,0,0,0,0.0895,1
corner,long,central,High Zonal,6,5,8,3,0,0,0,1,0,1,0,0,0,0.1443,1
corner,inswinger,near_post,Deep Zonal,11,2,7,1,1,0,0,1,0,0,1,1,0,0.0927,0
goal_kick,short,near_post,Deep Zonal,10,4,5,4,0,0,0,1,0,0,0,0,1,0.0499,1
play_restart,long,six_yard,Man-to-Man,10,6,5,0,1,0,0,0,0,0,0,1,0,0.1096,1
corner,inswinger,central,High Zonal,10,2,6,3,0,0,0,1,0,1,0,0,0,0.1389,0
corner,outswinger,far_post,Deep Zonal,5,1,4,0,0,0,1,0,1,1,0,1,0,0.0645,1
goal_kick,driven,penalty_spot,Man-to-Man,3,3,8,4,0,0,0,0,1,0,0,0,1,0.1461,1
corner,outswinger,wide_channel,High Zonal,10,7,9,1,1,0,1,1,0,1,0,0,1,0.1507,0
corner,long,central,Deep Zonal,7,3,2,0,0,0,1,1,1,0,0,0,1,0.1193,0
kick_off,short,far_post,Man-to-Man,5,3,10,1,0,1,0,0,0,0,1,0,1,0.0848,1
goal_kick,inswinger,wide_channel,High Zonal,7,1,5,4,0,0,1,1,0,1,0,1,0,0.0744,1
kick_off,long,central,Man-to-Man,10,6,2,0,0,0,0,1,0,0,0,1,0,0.0958,1
throw_in,short,penalty_spot,Deep Zonal,7,3,9,1,0,0,1,1,0,0,0,1,1,0.132,0
free_kick_wide,inswinger,near_post,Deep Zonal,8,2,5,2,1,0,1,0,0,0,0,0,0,0.1005,1
kick_off,lofted,central,Deep Zonal,7,1,2,4,0,0,0,1,0,0,0,1,0,0.0715,1
corner,straight,near_post,Hybrid,7,3,6,0,0,0,0,1,0,1,1,0,0,0.0979,1
corner,long,central,Man-to-Man,11,2,5,1,0,0,1,1,0,0,0,0,0,0.1049,0
kick_off,outswinger,central,Man-to-Man,11,4,3,4,1,0,1,1,1,0,1,0,0,0.1333,1
throw_in,inswinger,edge_box,Hybrid,6,3,8,3,0,0,0,0,0,1,1,0,0,0.0645,1
kick_off,long,far_post,Deep Zonal,10,4,5,2,0,1,1,1,0,0,0,0,0,0.0701,0
corner,long,far_post,High Zonal,9,3,6,1,0,0,0,0,1,0,0,0,0,0.0632,1
play_restart,outswinger,edge_box,High Zonal,4,1,1,3,1,0,1,1,0,0,0,0,1,0.1091,0
throw_in,long,wide_channel,Deep Zonal,10,6,4,4,1,0,0,1,0,1,0,1,0,0.068,1
throw_in,short,central,Hybrid,9,4,1,2,0,1,0,1,1,0,0,0,1,0.128,1
kick_off,outswinger,near_post,Deep Zonal,10,2,3,4,0,0,0,1,1,0,0,0,1,0.0788,0
free_kick_wide,driven,near_post,Hybrid,10,1,8,1,0,0,1,1,0,0,1,0,0,0.1085,0
throw_in,short,six_yard,Man-to-Man,11,7,10,4,0,0,0,1,1,1,1,0,1,0.1233,1
throw_in,short,six_yard,Man-to-Man,7,7,4,2,0,0,1,0,1,0,0,1,1,0.1319,1
goal_kick,driven,far_post,High Zonal,3,2,7,1,0,0,0,1,0,1,1,0,0,0.0931,1
kick_off,short,near_post,Hybrid,5,3,8,2,0,0,0,1,0,1,0,0,0,0.1223,1
throw_in,lofted,far_post,Hybrid,4,5,8,2,0,0,1,1,1,1,0,0,0,0.1464,1
corner,driven,edge_box,Man-to-Man,5,4,1,3,0,1,1,1,1,1,0,0,0,0.1635,1
corner,straight,central,Hybrid,8,6,3,3,0,0,0,1,0,0,1,0,0,0.1448,1
play_restart,straight,near_post,High Zonal,11,5,7,4,0,0,1,1,1,0,0,0,0,0.1139,1
play_restart,lofted,central,Deep Zonal,9,2,3,0,0,0,1,1,0,0,0,0,0,0.081,0
play_restart,driven,edge_box,Hybrid,6,6,7,1,1,0,1,1,1,0,0,0,1,0.1585,1
corner,inswinger,wide_channel,Man-to-Man,7,7,9,4,0,0,0,0,0,0,1,1,0,0.0825,1
free_kick_wide,outswinger,central,Man-to-Man,7,1,9,0,1,0,1,1,0,0,1,0,0,0.1441,1
goal_kick,straight,wide_channel,Deep Zonal,6,6,5,1,1,0,0,0,0,1,0,0,1,0.0743,1
goal_kick,driven,far_post,Man-to-Man,8,5,3,3,0,0,0,1,0,0,1,0,0,0.096,0
corner,lofted,edge_box,Deep Zonal,11,7,4,2,1,0,0,1,0,0,0,0,1,0.0897,1
throw_in,driven,six_yard,Man-to-Man,3,7,6,0,0,0,1,1,0,0,0,0,0,0.1723,1
corner,outswinger,penalty_spot,High Zonal,6,1,8,0,0,0,0,1,0,1,1,0,0,0.1135,0
free_kick_central,driven,near_post,Man-to-Man,3,4,10,3,1,1,0,1,1,1,1,0,0,0.2655,1
corner,inswinger,central,Hybrid,10,1,9,1,0,0,0,0,1,1,1,0,1,0.1712,0
corner,straight,six_yard,High Zonal,4,1,3,3,0,0,0,0,1,0,1,0,0,0.0948,0
corner,straight,penalty_spot,Deep Zonal,8,7,2,3,1,0,0,1,0,0,0,0,0,0.0911,0
kick_off,short,central,Man-to-Man,3,2,2,4,1,0,0,0,0,0,0,0,0,0.107,1
goal_kick,short,penalty_spot,High Zonal,7,1,3,2,0,0,0,1,0,0,1,0,0,0.0927,1
play_restart,outswinger,central,High Zonal,11,7,4,0,1,0,0,0,0,1,0,0,1,0.0537,0
free_kick_central,outswinger,central,High Zonal,11,3,1,0,0,0,1,1,0,0,0,1,0,0.1465,1
free_kick_wide,driven,six_yard,High Zonal,4,1,10,1,0,1,0,1,0,0,0,0,0,0.1751,0
free_kick_wide,inswinger,far_post,Hybrid,8,2,4,0,0,0,0,0,1,0,0,1,1,0.0944,1
throw_in,straight,central,High Zonal,5,1,2,2,0,0,0,0,0,1,1,0,0,0.0562,1
free_kick_wide,inswinger,far_post,Man-to-Man,9,5,6,2,0,1,0,0,0,1,0,0,1,0.1527,1
goal_kick,outswinger,wide_channel,Deep Zonal,7,7,2,1,1,1,1,0,1,0,1,1,1,0.0896,1
goal_kick,outswinger,central,Man-to-Man,10,3,9,2,0,0,1,1,1,1,0,0,0,0.1306,0
kick_off,long,central,Hybrid,11,7,10,4,1,0,0,1,0,1,0,1,0,0.172,1
corner,straight,central,Hybrid,6,3,10,1,0,0,0,1,0,0,0,1,0,0.1792,1
free_kick_central,outswinger,near_post,High Zonal,3,4,4,2,0,0,1,0,0,1,0,0,1,0.192,1
corner,driven,near_post,High Zonal,5,2,7,4,1,0,0,1,1,0,0,0,0,0.1292,1
corner,inswinger,near_post,Deep Zonal,4,1,2,2,0,1,1,1,1,0,1,0,1,0.1261,1
throw_in,long,near_post,Hybrid,4,2,1,0,1,0,1,0,0,1,0,1,0,0.0938,1
penalty,outswinger,penalty_spot,Hybrid,9,5,6,0,0,0,1,1,1,0,1,1,0,0.7674,0
throw_in,lofted,central,Man-to-Man,11,1,8,1,0,0,1,0,0,0,0,0,0,0.0677,0
corner,inswinger,central,Hybrid,7,6,1,2,1,0,0,0,1,1,0,1,0,0.1393,0
play_restart,short,edge_box,High Zonal,7,7,10,2,0,0,0,1,1,1,0,1,0,0.1227,1
play_restart,short,near_post,Man-to-Man,8,3,5,1,0,0,0,0,0,1,0,0,0,0.0635,1
free_kick_central,short,central,Hybrid,11,2,7,4,0,0,0,0,1,1,0,1,0,0.1187,0
kick_off,driven,wide_channel,Hybrid,3,2,1,2,0,1,1,1,1,0,1,0,0,0.0909,1
corner,inswinger,penalty_spot,Man-to-Man,7,3,9,2,1,0,1,0,1,1,1,0,0,0.1751,1
throw_in,straight,edge_box,Man-to-Man,10,7,6,1,0,0,0,1,0,0,0,0,0,0.0739,1
kick_off,driven,far_post,High Zonal,4,3,5,2,0,0,1,1,0,0,0,0,0,0.0662,1
goal_kick,driven,wide_channel,Man-to-Man,8,6,7,3,0,0,0,0,0,0,0,0,0,0.0808,1
goal_kick,straight,near_post,High Zonal,3,3,9,4,0,0,0,1,0,0,0,1,0,0.0744,1
free_kick_central,short,near_post,Deep Zonal,10,4,1,4,1,0,0,1,0,0,1,0,0,0.0579,1
goal_kick,long,six_yard,High Zonal,8,4,1,0,0,0,1,1,0,0,0,0,0,0.0729,1
throw_in,driven,near_post,Deep Zonal,11,7,6,0,0,0,0,0,1,0,0,0,0,0.0446,1
corner,driven,penalty_spot,High Zonal,5,4,8,4,0,0,0,0,0,0,0,1,0,0.1513,1
corner,driven,near_post,Deep Zonal,9,5,10,1,0,0,0,0,1,0,1,1,1,0.1153,0
goal_kick,straight,central,High Zonal,9,6,1,0,1,0,0,1,1,0,0,0,0,0.1133,1
throw_in,short,edge_box,Hybrid,3,7,4,3,1,1,1,1,0,0,0,1,0,0.1237,1
free_kick_central,straight,penalty_spot,Man-to-Man,9,7,8,4,0,1,0,0,0,0,0,0,0,0.2023,0
kick_off,inswinger,penalty_spot,Man-to-Man,9,1,10,3,0,0,0,1,1,0,1,0,0,0.1243,1
throw_in,driven,near_post,Man-to-Man,8,1,3,0,0,0,0,1,1,0,0,1,0,0.1361,1
free_kick_wide,short,central,Hybrid,8,4,10,1,0,1,1,1,0,1,1,0,0,0.1427,0
free_kick_wide,inswinger,edge_box,Man-to-Man,10,3,9,1,0,0,0,1,0,0,1,0,1,0.0834,1
throw_in,long,near_post,Man-to-Man,3,5,3,1,1,0,0,1,1,0,0,0,0,0.1278,1
goal_kick,outswinger,penalty_spot,High Zonal,6,4,9,3,1,0,0,1,0,0,0,0,0,0.1201,1
penalty,inswinger,far_post,Man-to-Man,5,3,6,3,0,0,1,1,0,0,0,0,1,0.7785,0
free_kick_central,short,central,Deep Zonal,10,1,9,1,0,0,0,1,0,0,0,0,1,0.1468,1
throw_in,long,central,High Zonal,4,3,9,2,1,1,0,1,1,1,0,1,0,0.195,1
throw_in,short,edge_box,Deep Zonal,3,4,3,2,0,0,0,1,0,0,0,1,1,0.0801,1
goal_kick,inswinger,far_post,Deep Zonal,11,5,8,1,0,0,1,0,1,1,0,0,1,0.0824,0
corner,short,near_post,High Zonal,6,2,5,0,0,1,0,0,0,0,0,0,0,0.0838,0
goal_kick,inswinger,wide_channel,Man-to-Man,10,5,8,0,1,0,0,1,1,0,1,1,0,0.1193,0
free_kick_central,lofted,near_post,Hybrid,5,5,2,4,0,1,0,1,0,1,1,0,0,0.1281,1
corner,outswinger,edge_box,High Zonal,9,2,3,3,1,1,0,0,0,0,0,0,0,0.0948,1
throw_in,driven,near_post,High Zonal,11,7,3,4,1,0,0,1,1,1,0,1,0,0.1133,1
throw_in,inswinger,central,Hybrid,9,4,10,1,0,1,0,1,0,0,1,0,0,0.1233,1
free_kick_central,inswinger,far_post,Man-to-Man,5,2,4,1,1,0,1,1,1,1,1,1,0,0.1902,0
goal_kick,straight,near_post,High Zonal,8,5,3,2,0,0,1,1,0,1,1,1,0,0.0871,1
free_kick_wide,long,edge_box,Deep Zonal,10,2,8,3,1,0,0,1,0,0,1,1,0,0.094,1
corner,lofted,central,High Zonal,10,5,7,3,0,0,0,1,1,0,0,0,0,0.1386,0
free_kick_wide,short,penalty_spot,Hybrid,5,5,7,2,0,1,1,1,0,1,1,1,0,0.1714,1
free_kick_wide,straight,edge_box,Man-to-Man,5,4,9,2,0,0,0,0,0,1,0,1,0,0.1537,1
throw_in,inswinger,penalty_spot,High Zonal,6,2,10,2,0,0,0,0,0,0,0,0,1,0.1657,0
goal_kick,short,far_post,High Zonal,5,2,4,1,0,0,0,0,1,1,0,0,0,0.0726,1
throw_in,straight,central,Man-to-Man,9,2,10,0,0,0,0,0,0,0,1,0,0,0.12,1
corner,lofted,near_post,Man-to-Man,8,1,6,1,0,0,1,0,0,1,0,0,0,0.1078,0
free_kick_wide,straight,wide_channel,Man-to-Man,7,7,9,1,1,0,0,1,0,0,0,1,0,0.1197,1
corner,long,penalty_spot,High Zonal,10,6,7,3,1,0,1,0,1,0,0,0,0,0.1758,1
throw_in,driven,penalty_spot,Hybrid,4,4,1,4,0,0,0,0,0,0,1,0,0,0.101,1
corner,inswinger,far_post,High Zonal,10,6,10,4,0,0,0,0,0,0,1,1,0,0.1228,1
free_kick_central,straight,central,High Zonal,8,5,6,1,1,0,0,0,1,1,0,0,0,0.1814,0
goal_kick,driven,near_post,Man-to-Man,11,5,5,4,1,0,1,0,0,1,0,1,1,0.1343,1
throw_in,straight,near_post,Man-to-Man,8,6,4,4,1,1,0,1,0,0,0,0,0,0.1212,1
corner,short,far_post,Deep Zonal,9,4,7,4,1,0,0,1,0,1,1,1,1,0.1101,1
free_kick_wide,driven,central,Man-to-Man,4,4,10,0,0,0,0,0,1,0,1,0,0,0.1934,1
throw_in,outswinger,near_post,Man-to-Man,5,1,2,3,0,0,0,1,1,0,0,0,0,0.1259,1
penalty,driven,penalty_spot,Deep Zonal,8,5,3,1,0,0,0,1,1,0,0,0,0,0.717,0
corner,straight,far_post,High Zonal,5,4,1,4,0,0,0,1,0,0,1,1,0,0.1382,1
kick_off,short,far_post,Man-to-Man,3,2,2,1,1,1,0,1,1,0,0,0,0,0.1299,1
free_kick_central,outswinger,edge_box,Man-to-Man,7,4,1,1,1,0,1,1,0,1,1,0,1,0.1656,1
free_kick_central,short,penalty_spot,Hybrid,5,6,3,1,1,0,0,1,1,0,1,1,1,0.2134,1
corner,inswinger,near_post,Deep Zonal,8,4,5,4,0,0,0,1,0,0,1,0,0,0.1277,1
free_kick_wide,inswinger,edge_box,Deep Zonal,8,4,9,2,1,0,0,0,0,0,0,0,0,0.1004,0
free_kick_wide,straight,far_post,High Zonal,7,2,6,2,1,0,1,0,1,1,1,0,0,0.0978,1
corner,outswinger,far_post,Deep Zonal,10,6,3,4,0,0,1,1,0,1,0,1,0,0.0715,0
penalty,short,six_yard,Man-to-Man,3,1,1,2,0,0,0,1,1,1,1,1,0,0.8259,1
free_kick_central,inswinger,near_post,Deep Zonal,10,6,9,3,1,0,0,1,0,0,0,0,0,0.1667,1
kick_off,inswinger,penalty_spot,Man-to-Man,7,7,2,0,0,0,0,1,0,0,0,0,1,0.1275,1
play_restart,outswinger,central,High Zonal,9,2,8,1,1,1,0,1,1,0,0,1,0,0.1893,1
corner,straight,near_post,Hybrid,10,4,3,2,0,0,0,1,0,1,0,0,0,0.1033,0
corner,outswinger,far_post,Hybrid,5,5,7,2,0,1,0,0,0,0,0,1,1,0.1426,1
goal_kick,inswinger,central,Hybrid,5,7,9,1,1,0,1,1,1,1,0,1,0,0.1928,1
play_restart,short,near_post,Man-to-Man,9,3,10,4,0,0,1,1,1,0,1,0,0,0.1022,1
kick_off,long,far_post,Man-to-Man,8,5,1,1,0,0,0,0,0,0,0,0,0,0.0393,1
corner,long,central,High Zonal,4,1,6,2,0,1,0,1,0,0,1,0,1,0.1542,1
corner,outswinger,far_post,High Zonal,5,6,5,2,0,0,0,0,0,0,0,0,0,0.0818,1
corner,driven,near_post,Deep Zonal,10,6,9,1,0,0,0,1,1,0,0,1,0,0.0933,1
goal_kick,short,far_post,Hybrid,8,2,8,4,1,0,0,1,1,0,1,0,0,0.0758,1
throw_in,short,far_post,High Zonal,11,1,2,0,0,1,1,0,0,1,1,0,0,0.0595,1
free_kick_central,outswinger,far_post,Man-to-Man,9,1,9,4,0,1,0,0,1,0,0,1,0,0.1552,1
penalty,outswinger,edge_box,Hybrid,4,6,4,2,0,1,0,0,0,0,0,0,0,0.6901,1
corner,straight,wide_channel,Hybrid,4,5,7,1,1,0,0,0,1,0,0,1,0,0.1474,1
throw_in,outswinger,near_post,Man-to-Man,11,3,2,1,0,0,0,1,0,0,0,0,1,0.0798,1
corner,long,far_post,Man-to-Man,9,4,3,3,1,0,0,1,0,1,0,1,1,0.1209,1
throw_in,outswinger,six_yard,High Zonal,8,4,1,2,1,0,0,1,0,0,1,0,0,0.0927,1
throw_in,inswinger,penalty_spot,High Zonal,9,1,2,2,0,0,1,1,0,0,1,1,0,0.0893,1
throw_in,inswinger,wide_channel,Deep Zonal,6,4,10,1,0,0,1,0,0,0,1,1,0,0.1003,1
free_kick_wide,inswinger,edge_box,Hybrid,5,5,2,1,1,0,0,1,0,0,1,0,0,0.0961,1
goal_kick,straight,edge_box,High Zonal,10,5,7,1,0,0,0,0,0,0,0,0,0,0.076,0
throw_in,inswinger,near_post,Hybrid,11,2,8,4,1,0,1,0,1,0,0,1,0,0.1201,1
corner,short,central,Deep Zonal,11,7,1,4,1,1,0,1,1,0,0,0,0,0.1193,1
corner,outswinger,penalty_spot,High Zonal,10,1,3,0,0,1,0,1,0,0,0,0,0,0.1067,0
throw_in,short,far_post,High Zonal,10,7,5,0,0,0,0,1,0,0,0,0,0,0.0757,0
corner,lofted,edge_box,Man-to-Man,7,7,4,4,0,1,0,1,1,0,0,0,0,0.1318,1
corner,driven,wide_channel,High Zonal,5,6,9,1,0,1,0,0,0,1,1,0,1,0.1386,1
corner,short,central,Man-to-Man,3,4,2,1,0,1,0,1,1,0,0,1,1,0.1587,1
corner,straight,far_post,Hybrid,5,2,8,1,1,0,0,1,0,1,0,0,0,0.1334,0
free_kick_central,long,six_yard,Man-to-Man,6,3,5,4,0,0,0,1,1,0,1,0,0,0.1595,0
throw_in,lofted,six_yard,Deep Zonal,3,4,4,1,0,1,0,1,1,0,1,0,0,0.1413,1
corner,straight,six_yard,Hybrid,5,1,4,3,0,0,0,1,0,1,0,0,0,0.1446,1
throw_in,inswinger,penalty_spot,High Zonal,11,5,7,2,0,0,0,0,0,1,1,1,0,0.1117,0
corner,long,wide_channel,High Zonal,5,7,4,2,1,0,1,0,0,1,0,0,0,0.1009,1
free_kick_wide,inswinger,central,High Zonal,6,6,7,1,1,0,0,1,1,0,0,0,1,0.2331,1
corner,long,near_post,High Zonal,8,7,1,0,0,0,0,1,0,0,0,1,0,0.095,1
goal_kick,inswinger,near_post,Hybrid,10,4,3,0,0,0,1,0,1,0,1,0,0,0.0871,1
play_restart,inswinger,far_post,High Zonal,11,2,5,0,0,0,1,1,1,0,0,0,0,0.0827,0
free_kick_central,driven,six_yard,High Zonal,10,1,3,1,1,0,0,0,1,0,0,0,1,0.1486,1
corner,long,far_post,Hybrid,4,4,2,0,1,1,0,1,0,1,0,1,0,0.1593,1
corner,short,penalty_spot,Hybrid,4,1,3,1,1,0,0,1,1,0,0,0,0,0.1598,1
corner,driven,central,High Zonal,9,5,6,3,0,0,0,1,0,1,0,0,0,0.1172,1
goal_kick,driven,edge_box,Deep Zonal,10,6,10,0,0,0,1,0,1,0,1,1,0,0.0434,1
corner,straight,near_post,Man-to-Man,8,1,7,3,1,0,0,1,0,1,0,1,0,0.1421,1
play_restart,lofted,far_post,Deep Zonal,11,4,10,2,1,0,0,0,0,0,1,1,0,0.1029,1
throw_in,straight,central,Hybrid,9,4,6,1,0,1,0,1,1,0,1,1,0,0.1296,0
free_kick_central,inswinger,far_post,High Zonal,6,3,1,1,0,0,0,1,0,0,0,0,1,0.1241,0
goal_kick,driven,far_post,Hybrid,10,2,2,1,0,0,0,1,1,1,1,0,0,0.0597,1
corner,straight,penalty_spot,Man-to-Man,9,5,8,1,1,0,0,1,0,0,0,0,0,0.1784,0
goal_kick,driven,far_post,High Zonal,6,2,7,1,0,0,1,1,1,1,1,1,0,0.1322,1
corner,inswinger,wide_channel,Man-to-Man,8,1,9,2,0,0,0,1,1,0,0,1,1,0.0994,1
goal_kick,inswinger,wide_channel,High Zonal,8,5,5,3,0,0,0,1,0,1,0,0,0,0.0446,0
free_kick_central,inswinger,central,Hybrid,3,1,10,3,0,0,0,0,0,0,0,0,0,0.1396,0
corner,short,near_post,Hybrid,5,3,4,1,0,1,1,1,0,0,0,0,1,0.1291,0
goal_kick,driven,near_post,High Zonal,5,1,9,1,1,0,0,0,0,0,1,1,0,0.1358,1
corner,straight,central,Man-to-Man,5,4,2,3,1,0,1,1,0,0,1,0,0,0.1052,0
corner,inswinger,central,Deep Zonal,7,2,5,3,0,1,1,0,0,1,0,0,0,0.1212,0
goal_kick,straight,six_yard,High Zonal,7,2,10,3,1,0,0,1,0,0,0,0,0,0.1447,1
free_kick_central,outswinger,wide_channel,Man-to-Man,10,3,8,3,1,0,0,0,1,1,0,0,0,0.1218,1
kick_off,short,central,High Zonal,3,4,4,1,0,0,0,1,1,1,0,1,0,0.137,1
throw_in,long,edge_box,High Zonal,10,6,9,3,0,0,0,1,1,0,0,1,1,0.0884,1
throw_in,inswinger,six_yard,Hybrid,5,7,5,1,0,0,0,0,0,1,0,1,0,0.1192,1
corner,straight,central,Deep Zonal,6,5,10,2,1,0,0,1,0,1,1,1,0,0.1768,1
corner,short,six_yard,Hybrid,4,4,1,2,0,0,0,1,1,1,1,0,0,0.1057,0
play_restart,outswinger,wide_channel,Man-to-Man,3,5,9,3,1,0,1,1,0,0,1,1,0,0.136,1
corner,straight,wide_channel,Man-to-Man,4,4,7,4,0,0,0,0,0,1,0,0,0,0.1017,1
free_kick_central,short,edge_box,Deep Zonal,5,1,2,2,0,1,0,0,0,0,0,0,0,0.1211,0
corner,straight,central,Deep Zonal,6,4,3,0,0,0,0,1,1,1,0,0,1,0.1197,0
corner,inswinger,central,High Zonal,5,6,9,0,1,1,0,1,1,0,1,0,0,0.2023,1
throw_in,outswinger,wide_channel,Man-to-Man,3,6,8,1,0,0,0,0,0,0,1,1,1,0.1233,1
goal_kick,driven,central,Man-to-Man,6,1,2,2,0,1,1,0,0,1,0,0,0,0.126,0
goal_kick,outswinger,far_post,High Zonal,4,5,1,2,1,0,0,1,0,1,0,0,0,0.0852,1
kick_off,driven,central,Deep Zonal,9,1,4,1,0,0,1,1,1,0,0,0,0,0.0685,0
corner,straight,far_post,Hybrid,9,1,3,1,1,1,1,1,0,0,0,1,0,0.0958,1
free_kick_central,straight,near_post,Deep Zonal,3,1,7,3,1,1,0,1,0,1,0,0,0,0.168,1
corner,driven,six_yard,Deep Zonal,8,1,8,1,1,0,0,1,0,0,0,1,0,0.1428,1
goal_kick,straight,far_post,High Zonal,11,1,3,0,0,0,0,1,1,1,0,1,1,0.0492,0
free_kick_wide,outswinger,far_post,High Zonal,11,5,4,2,1,0,0,0,0,1,1,1,0,0.0968,1
penalty,inswinger,central,Hybrid,3,7,2,3,0,0,0,0,0,0,1,0,0,0.7604,1
corner,long,penalty_spot,Deep Zonal,11,6,1,0,0,1,0,1,0,0,1,0,0,0.1056,1
goal_kick,straight,edge_box,Deep Zonal,6,6,10,0,1,0,0,1,1,0,0,0,0,0.119,1
goal_kick,driven,wide_channel,High Zonal,10,1,8,3,0,1,0,0,1,0,1,0,0,0.0689,1
kick_off,straight,six_yard,Hybrid,4,7,8,0,0,0,1,0,0,0,1,1,0,0.137,1
corner,straight,far_post,Deep Zonal,9,4,10,4,1,1,0,1,1,0,1,0,0,0.1582,0
play_restart,outswinger,six_yard,Man-to-Man,10,1,1,1,0,1,1,1,0,0,0,1,0,0.106,1
corner,inswinger,far_post,Man-to-Man,5,5,4,4,0,0,0,1,1,0,1,0,1,0.1469,1
free_kick_wide,driven,penalty_spot,Deep Zonal,9,5,8,0,1,1,0,1,1,0,0,0,0,0.1581,1
corner,inswinger,edge_box,Deep Zonal,4,3,7,2,1,0,1,0,1,0,0,1,0,0.11,1
corner,lofted,far_post,High Zonal,9,6,8,2,0,0,0,1,0,0,0,1,0,0.0948,1
penalty,inswinger,far_post,Man-to-Man,11,5,4,1,0,0,1,0,0,0,0,1,1,0.742,1
corner,short,edge_box,Man-to-Man,5,5,1,1,0,1,1,0,0,1,0,1,0,0.145,0
free_kick_wide,inswinger,central,High Zonal,11,3,6,1,1,0,0,1,0,0,0,0,0,0.1189,1
throw_in,driven,edge_box,High Zonal,9,7,8,0,0,0,0,0,1,1,1,0,0,0.0989,1
goal_kick,outswinger,central,Deep Zonal,7,5,8,1,0,0,0,1,1,0,0,1,0,0.1333,0
throw_in,short,penalty_spot,Man-to-Man,5,4,2,1,1,1,1,0,0,1,0,0,0,0.1817,1
throw_in,lofted,six_yard,Man-to-Man,7,6,7,2,1,0,1,1,0,0,1,1,0,0.1616,1
corner,short,near_post,High Zonal,11,2,7,1,0,0,0,0,0,0,0,0,0,0.0598,1
goal_kick,inswinger,central,Man-to-Man,3,7,4,0,1,1,1,1,1,1,0,0,0,0.182,1
corner,driven,penalty_spot,Man-to-Man,10,6,3,3,0,0,0,0,1,0,1,0,1,0.1071,1
corner,straight,near_post,High Zonal,4,5,2,1,0,1,1,1,1,1,0,1,0,0.1883,0
corner,inswinger,central,Deep Zonal,10,2,2,0,0,0,0,0,0,1,0,0,0,0.081,1
throw_in,straight,edge_box,Hybrid,7,3,6,0,0,0,1,1,0,1,0,1,0,0.1,1
free_kick_wide,driven,near_post,Deep Zonal,11,7,4,2,0,0,0,0,1,1,0,0,0,0.1105,1
throw_in,straight,penalty_spot,High Zonal,4,6,7,1,1,1,1,1,1,0,0,1,0,0.1885,1
free_kick_wide,long,near_post,Hybrid,3,1,6,4,0,0,0,0,0,1,0,0,1,0.0981,1
free_kick_central,long,near_post,High Zonal,7,6,6,3,0,0,1,1,0,0,0,0,0,0.1651,1
free_kick_central,straight,far_post,High Zonal,10,1,10,1,1,1,0,1,1,0,0,1,0,0.1801,0
corner,outswinger,wide_channel,High Zonal,10,3,2,4,1,0,1,1,1,0,0,0,0,0.1111,0
free_kick_wide,long,penalty_spot,Hybrid,9,3,1,3,0,1,0,1,1,0,0,0,0,0.1161,1
throw_in,straight,central,Man-to-Man,10,3,4,3,0,0,0,1,1,0,0,0,0,0.0797,1
penalty,inswinger,far_post,High Zonal,9,4,1,0,0,1,0,1,1,0,0,0,1,0.7926,0
corner,outswinger,penalty_spot,High Zonal,10,2,8,1,0,0,0,1,0,0,0,0,1,0.1607,1
throw_in,driven,penalty_spot,Hybrid,4,5,4,3,1,0,0,0,1,1,1,1,0,0.1907,1
free_kick_wide,outswinger,central,High Zonal,5,5,2,2,0,0,0,1,1,1,0,0,0,0.134,1
corner,outswinger,central,Hybrid,3,6,1,4,0,0,1,1,0,0,0,1,1,0.1583,1
corner,inswinger,far_post,Deep Zonal,6,4,9,3,1,0,1,1,1,1,0,0,0,0.1876,1
free_kick_central,inswinger,penalty_spot,High Zonal,5,4,4,0,1,0,0,0,0,0,0,0,0,0.1971,1
free_kick_wide,lofted,six_yard,Deep Zonal,8,1,5,4,0,0,0,1,1,0,0,0,1,0.0895,1
throw_in,short,penalty_spot,Deep Zonal,7,3,2,4,0,0,1,0,0,0,0,1,0,0.0958,1
corner,long,edge_box,High Zonal,8,4,8,3,1,0,0,0,0,0,1,1,0,0.0885,1
goal_kick,driven,far_post,Deep Zonal,8,3,8,3,1,1,0,1,0,0,0,0,0,0.1061,1
corner,straight,penalty_spot,Man-to-Man,11,7,4,0,1,1,0,0,0,0,1,0,1,0.1717,0
throw_in,driven,penalty_spot,Deep Zonal,3,2,9,3,0,0,0,1,0,0,0,0,0,0.1446,0
goal_kick,lofted,central,Man-to-Man,5,1,4,3,0,1,1,0,1,1,1,1,0,0.1424,1
free_kick_wide,long,wide_channel,Hybrid,6,7,10,0,1,0,0,1,0,0,0,1,0,0.1398,0
corner,long,central,High Zonal,3,4,10,0,1,0,0,0,1,0,1,0,0,0.1753,1
free_kick_central,straight,penalty_spot,Man-to-Man,10,1,5,2,1,1,0,0,1,1,0,0,0,0.1913,0
play_restart,driven,penalty_spot,High Zonal,6,7,6,1,1,0,1,1,0,1,0,1,1,0.2211,1
play_restart,inswinger,six_yard,High Zonal,4,2,9,2,1,0,1,0,0,0,1,0,0,0.1629,1
corner,long,near_post,Deep Zonal,7,7,2,4,0,1,1,1,0,1,0,0,0,0.1095,1
goal_kick,straight,six_yard,Deep Zonal,4,3,5,3,0,1,0,0,0,0,0,0,0,0.1074,1
free_kick_wide,short,near_post,Hybrid,6,3,10,4,0,0,0,1,1,0,0,0,1,0.1241,1
corner,driven,near_post,Deep Zonal,8,2,3,0,1,0,1,1,0,1,1,1,0,0.1334,1
throw_in,short,six_yard,Hybrid,5,2,4,1,0,1,1,0,1,0,0,0,0,0.1355,0
free_kick_central,inswinger,central,Hybrid,10,6,9,4,0,1,1,1,0,1,0,0,0,0.221,1
free_kick_central,long,penalty_spot,Deep Zonal,5,3,8,3,0,0,1,0,1,0,0,0,0,0.1491,0
goal_kick,lofted,far_post,High Zonal,4,4,5,1,0,0,0,0,1,1,1,0,0,0.1015,1
free_kick_wide,short,wide_channel,Hybrid,6,3,2,1,0,0,0,1,1,0,0,0,0,0.0439,1
throw_in,driven,edge_box,Deep Zonal,4,3,2,3,1,0,0,1,0,1,0,0,0,0.0599,1
free_kick_wide,driven,central,Deep Zonal,9,4,9,0,0,1,0,1,0,0,0,0,1,0.1505,1
corner,driven,six_yard,Man-to-Man,7,3,6,0,1,0,0,1,0,0,0,0,0,0.1668,0
free_kick_wide,outswinger,central,Deep Zonal,4,5,10,4,0,1,1,0,0,0,0,1,0,0.1866,1
play_restart,straight,penalty_spot,Man-to-Man,6,4,2,3,0,0,1,0,1,0,1,0,0,0.1145,1
free_kick_central,driven,edge_box,Hybrid,10,6,4,4,0,0,0,1,0,0,1,0,0,0.1119,1
corner,lofted,edge_box,High Zonal,10,6,1,2,0,0,0,1,0,0,1,0,1,0.1078,1
throw_in,inswinger,edge_box,Man-to-Man,8,5,2,1,1,0,1,0,0,1,0,0,0,0.0865,0
play_restart,inswinger,six_yard,Deep Zonal,11,1,1,1,0,0,1,1,1,0,1,0,0,0.0416,0
kick_off,outswinger,penalty_spot,Man-to-Man,3,7,6,3,0,1,0,1,0,1,1,0,1,0.1848,1
penalty,driven,wide_channel,Hybrid,9,5,3,1,0,0,0,1,0,1,0,0,0,0.7735,0
free_kick_wide,driven,near_post,Man-to-Man,3,6,2,0,1,1,0,1,0,0,1,0,0,0.1768,1
throw_in,short,central,Deep Zonal,8,5,9,2,0,0,0,1,0,0,0,1,0,0.0669,1
goal_kick,inswinger,edge_box,Hybrid,3,4,5,2,1,0,0,1,0,1,0,0,1,0.0747,1
kick_off,outswinger,central,Man-to-Man,6,4,6,2,1,0,0,0,0,1,1,1,0,0.1173,1
goal_kick,driven,far_post,High Zonal,3,1,7,4,1,1,0,0,0,1,0,0,0,0.1456,1
free_kick_central,outswinger,edge_box,High Zonal,5,7,5,3,1,0,0,1,1,0,1,0,0,0.1598,1
corner,inswinger,penalty_spot,Deep Zonal,8,6,2,3,0,0,0,0,1,0,0,1,0,0.1435,0
penalty,outswinger,central,Man-to-Man,10,7,5,1,0,0,1,1,0,0,1,1,0,0.7641,1
corner,driven,near_post,Deep Zonal,11,5,10,2,1,0,0,1,1,0,1,0,1,0.1014,0
corner,straight,central,High Zonal,11,2,7,1,1,0,0,0,0,0,0,0,0,0.108,1
free_kick_central,inswinger,central,Hybrid,4,3,8,1,0,1,0,1,0,1,0,0,0,0.2331,1
throw_in,outswinger,near_post,High Zonal,11,7,6,0,1,0,0,1,0,1,0,0,0,0.1169,0
goal_kick,lofted,six_yard,High Zonal,5,2,4,3,1,0,0,1,0,0,0,0,0,0.1357,1
goal_kick,straight,central,Deep Zonal,10,5,5,2,0,0,0,1,0,1,0,0,1,0.0905,1
goal_kick,straight,six_yard,High Zonal,10,5,5,4,0,0,0,1,0,1,0,0,0,0.1253,1
goal_kick,inswinger,wide_channel,Man-to-Man,11,2,6,2,0,0,0,1,0,1,0,0,0,0.0591,1
throw_in,outswinger,central,Deep Zonal,7,1,9,0,0,0,0,1,0,1,1,1,0,0.0766,0
corner,driven,wide_channel,Hybrid,9,1,1,3,1,0,1,0,1,0,1,1,0,0.0568,1
throw_in,driven,central,High Zonal,6,6,5,0,0,0,1,1,1,0,1,0,0,0.1699,1
corner,straight,penalty_spot,Deep Zonal,3,3,3,3,0,0,0,1,0,1,1,1,1,0.1318,1
corner,driven,wide_channel,Man-to-Man,7,2,10,1,1,0,1,1,0,0,0,1,0,0.1357,1
corner,straight,six_yard,Man-to-Man,4,7,2,0,0,1,1,1,0,0,0,1,1,0.2012,0
goal_kick,driven,central,Deep Zonal,3,5,1,2,0,0,0,0,1,1,0,0,1,0.1098,1
goal_kick,inswinger,central,Hybrid,4,1,8,2,0,1,1,0,1,1,0,0,1,0.1546,1
play_restart,outswinger,central,Hybrid,4,3,3,1,1,0,0,1,0,0,1,0,0,0.1256,1
play_restart,driven,wide_channel,Man-to-Man,10,4,3,0,0,0,0,1,0,1,1,0,0,0.0585,0
kick_off,lofted,central,Man-to-Man,11,4,6,3,1,1,0,1,0,0,1,1,0,0.1445,1
corner,long,far_post,Man-to-Man,10,6,10,2,0,1,0,0,0,1,0,1,0,0.121,1
kick_off,long,central,Deep Zonal,8,6,2,1,0,0,0,1,0,0,0,0,0,0.0565,1
goal_kick,driven,central,Man-to-Man,10,1,6,2,0,0,0,0,0,0,0,0,0,0.1098,0
kick_off,long,far_post,Hybrid,5,3,4,4,0,0,0,0,1,0,1,1,0,0.1012,1
corner,outswinger,central,High Zonal,11,5,2,4,1,0,0,1,1,1,0,1,0,0.1421,1
corner,straight,penalty_spot,High Zonal,11,1,6,1,1,1,0,0,0,0,0,0,0,0.1082,0
play_restart,long,far_post,Deep Zonal,4,4,10,1,0,1,0,0,0,0,0,0,1,0.1329,1
corner,short,far_post,Man-to-Man,6,1,3,4,0,0,0,1,1,1,0,0,0,0.1449,1
free_kick_wide,driven,far_post,High Zonal,5,5,3,0,0,0,1,0,1,0,1,0,0,0.1014,1
free_kick_central,straight,central,Man-to-Man,4,1,2,4,1,1,0,1,1,0,0,0,0,0.212,1
corner,inswinger,edge_box,High Zonal,4,6,7,2,1,1,1,0,0,0,0,0,0,0.177,0
corner,outswinger,far_post,High Zonal,11,4,3,2,0,1,1,1,0,1,1,0,1,0.1074,1
play_restart,driven,far_post,Deep Zonal,4,7,6,4,1,1,0,0,1,1,0,1,1,0.1811,1
kick_off,inswinger,central,High Zonal,8,1,1,0,0,0,0,1,0,0,0,1,0,0.0551,0
kick_off,driven,near_post,Man-to-Man,10,7,8,0,0,0,1,1,0,0,1,0,0,0.1026,1
corner,inswinger,six_yard,Man-to-Man,9,3,2,4,0,0,0,1,1,0,0,0,1,0.1343,0
corner,straight,six_yard,Man-to-Man,7,4,1,3,1,0,0,1,0,1,1,0,0,0.1193,1
free_kick_wide,driven,central,Man-to-Man,3,5,1,2,0,0,1,0,1,0,0,0,0,0.161,1
free_kick_central,straight,central,Man-to-Man,6,5,8,0,0,0,0,0,1,0,0,0,0,0.1578,1
corner,driven,central,Man-to-Man,5,7,10,2,1,0,0,0,0,0,1,0,0,0.1746,1
goal_kick,inswinger,edge_box,Man-to-Man,10,6,5,3,0,1,0,0,0,0,0,0,0,0.1087,1
play_restart,short,central,High Zonal,11,2,2,0,0,1,1,1,0,0,0,0,1,0.1095,0
free_kick_central,short,wide_channel,Man-to-Man,5,2,9,1,1,0,0,1,0,0,1,0,1,0.1556,1
free_kick_wide,driven,near_post,High Zonal,4,7,1,1,0,0,1,1,0,0,0,1,1,0.1726,1
free_kick_wide,inswinger,wide_channel,High Zonal,10,6,4,1,1,1,0,0,1,0,1,0,1,0.1597,1
corner,outswinger,near_post,Hybrid,10,7,10,2,0,1,1,1,0,1,1,1,1,0.1428,1
corner,long,central,High Zonal,11,7,4,4,1,1,0,0,1,1,0,0,0,0.1649,1
free_kick_central,lofted,central,High Zonal,9,5,8,3,1,1,1,0,1,0,1,0,0,0.1913,1
free_kick_wide,driven,central,Deep Zonal,7,7,4,2,0,0,1,1,0,0,0,1,0,0.133,0
penalty,driven,wide_channel,Hybrid,6,6,3,4,1,1,0,0,0,1,0,0,0,0.7484,1
goal_kick,short,far_post,Hybrid,3,7,4,4,0,0,0,0,1,0,0,0,1,0.1337,1
corner,short,near_post,Man-to-Man,10,4,9,2,1,0,1,1,1,0,1,0,0,0.1023,0
corner,driven,wide_channel,High Zonal,11,7,5,0,0,0,0,0,0,0,0,1,0,0.0804,0
corner,driven,central,Man-to-Man,11,1,9,1,1,1,0,1,1,0,0,0,1,0.2102,0
corner,driven,near_post,Hybrid,8,7,10,4,1,0,0,1,1,1,0,0,0,0.1691,1
penalty,driven,near_post,Deep Zonal,10,7,8,2,1,0,0,0,1,1,0,0,0,0.7465,1
goal_kick,driven,far_post,Deep Zonal,3,6,3,4,1,1,0,1,0,0,0,0,1,0.1681,1
kick_off,inswinger,wide_channel,Hybrid,6,7,6,0,0,0,0,0,1,0,0,1,0,0.1224,1
throw_in,outswinger,near_post,High Zonal,3,3,4,0,1,1,0,0,0,0,0,1,0,0.1061,1
free_kick_wide,lofted,edge_box,Hybrid,8,3,6,0,0,1,1,1,1,0,1,0,1,0.1574,1
corner,short,central,Deep Zonal,3,1,8,0,0,0,0,0,1,0,0,0,0,0.1218,1
free_kick_wide,inswinger,central,Man-to-Man,5,2,10,1,0,0,0,0,0,0,1,0,1,0.135,1
free_kick_wide,short,edge_box,Deep Zonal,6,7,8,4,0,0,0,1,1,0,0,0,0,0.1295,1
kick_off,short,edge_box,Man-to-Man,4,1,5,0,1,0,0,0,1,1,0,0,0,0.0702,0
free_kick_central,driven,penalty_spot,Hybrid,3,2,9,4,1,0,0,1,1,0,1,0,0,0.2182,1
corner,driven,central,Deep Zonal,11,4,9,0,1,0,0,1,0,0,1,0,0,0.1418,0
corner,inswinger,near_post,High Zonal,5,3,3,0,0,0,0,0,0,0,0,0,0,0.1106,0
corner,straight,edge_box,High Zonal,11,7,2,0,1,0,0,1,0,1,1,1,0,0.1135,0
kick_off,inswinger,penalty_spot,Hybrid,6,1,5,3,0,0,1,1,1,0,1,0,0,0.0993,1
corner,driven,far_post,Hybrid,3,1,8,0,1,0,0,0,1,0,1,0,0,0.0783,1
corner,inswinger,central,Man-to-Man,3,2,3,0,0,1,0,1,1,1,0,0,0,0.1676,0
corner,short,edge_box,High Zonal,9,5,10,4,0,0,0,1,1,0,0,1,0,0.1287,1
goal_kick,short,near_post,Hybrid,3,3,10,3,0,0,0,1,0,0,0,0,0,0.0676,1
free_kick_central,short,penalty_spot,Deep Zonal,11,6,1,1,1,0,0,0,0,0,0,0,0,0.1142,1
throw_in,short,edge_box,High Zonal,5,1,4,3,0,0,0,1,0,0,1,0,0,0.0546,1
free_kick_wide,long,central,Deep Zonal,8,3,3,4,1,0,1,0,1,0,1,1,0,0.1255,1
corner,short,far_post,Hybrid,6,5,9,2,1,0,0,0,0,0,1,1,0,0.1442,0
goal_kick,inswinger,far_post,Hybrid,3,5,8,4,0,0,0,1,0,0,0,0,0,0.098,1
corner,straight,penalty_spot,Man-to-Man,9,4,7,1,0,1,0,0,0,1,1,0,0,0.1548,1
corner,short,wide_channel,Man-to-Man,3,4,8,4,0,0,0,1,0,1,1,0,0,0.1184,1
penalty,outswinger,penalty_spot,Hybrid,10,1,8,3,1,1,0,0,0,0,1,1,0,0.7896,1
corner,long,near_post,Man-to-Man,7,1,8,1,0,0,0,0,1,0,0,0,0,0.0765,0
corner,outswinger,central,Deep Zonal,5,1,7,3,0,0,0,0,0,1,1,1,0,0.1492,0
goal_kick,driven,penalty_spot,High Zonal,11,4,10,1,1,0,0,1,0,1,0,0,0,0.1599,1
free_kick_central,inswinger,central,High Zonal,4,7,6,0,0,1,0,1,0,1,0,0,1,0.2148,1
corner,long,edge_box,High Zonal,5,1,1,2,0,0,1,0,1,0,1,0,0,0.09,1
free_kick_wide,inswinger,central,Hybrid,8,1,5,0,1,0,0,1,0,1,1,1,0,0.1379,0
throw_in,short,near_post,High Zonal,6,5,7,2,0,0,0,1,0,0,0,0,0,0.1069,1
corner,outswinger,central,High Zonal,7,4,9,4,1,0,0,1,0,0,0,0,0,0.1875,1
corner,short,six_yard,Hybrid,10,3,7,0,0,1,0,0,0,1,0,0,0,0.089,0
throw_in,outswinger,edge_box,Deep Zonal,11,1,3,3,0,1,1,1,1,0,1,1,1,0.11,1
throw_in,driven,far_post,High Zonal,10,6,3,1,1,0,0,1,0,0,0,0,0,0.1211,0
play_restart,short,central,Hybrid,3,5,9,2,0,1,0,0,0,1,0,1,0,0.1317,1
free_kick_wide,lofted,wide_channel,Hybrid,11,5,3,3,0,0,0,0,0,0,0,0,0,0.005,0
corner,long,six_yard,Man-to-Man,6,2,1,3,0,0,0,1,1,0,0,0,0,0.1239,1
free_kick_central,short,far_post,High Zonal,10,7,7,3,1,0,0,0,1,0,0,0,0,0.1493,1
throw_in,driven,edge_box,Man-to-Man,5,1,6,1,0,0,0,1,0,0,0,0,1,0.0689,1
corner,outswinger,wide_channel,Hybrid,8,6,7,1,0,1,0,0,1,0,1,0,0,0.0924,1
penalty,short,central,Hybrid,11,6,5,2,0,0,0,0,1,0,0,0,0,0.7154,1
corner,straight,central,Man-to-Man,11,6,7,1,0,0,0,1,0,0,0,0,1,0.1353,0
goal_kick,long,penalty_spot,Hybrid,8,5,4,4,0,0,1,0,0,0,0,0,1,0.0877,1
goal_kick,inswinger,far_post,Hybrid,8,3,5,2,0,0,0,1,0,0,0,1,0,0.0865,1
free_kick_wide,straight,edge_box,High Zonal,3,4,2,3,0,1,1,1,0,0,1,0,1,0.1399,1
play_restart,long,penalty_spot,Man-to-Man,8,4,7,3,0,0,0,1,0,0,1,1,0,0.1659,1
play_restart,straight,central,Man-to-Man,6,7,6,1,0,1,0,0,0,1,0,0,0,0.1957,1
corner,outswinger,central,Hybrid,3,6,4,3,0,0,1,1,0,0,1,0,0,0.1607,1
free_kick_wide,straight,edge_box,Man-to-Man,11,4,6,3,1,0,0,0,0,0,1,0,0,0.087,1
throw_in,driven,near_post,Man-to-Man,7,6,3,4,1,0,1,0,1,1,0,0,1,0.1458,1
corner,outswinger,central,Man-to-Man,9,7,8,1,1,1,0,1,1,1,0,0,1,0.2003,0
free_kick_wide,straight,near_post,Deep Zonal,3,5,6,2,1,0,1,0,1,1,1,0,0,0.1658,1
corner,lofted,six_yard,Deep Zonal,5,3,7,4,0,0,1,1,1,0,0,0,0,0.1322,1
play_restart,lofted,near_post,Hybrid,11,1,7,1,1,0,0,1,0,0,0,1,0,0.0808,0
free_kick_wide,inswinger,near_post,Hybrid,11,7,9,4,1,0,0,1,1,0,1,0,0,0.1369,1
goal_kick,short,edge_box,Man-to-Man,3,1,9,1,0,0,1,0,0,0,1,0,0,0.0621,1
free_kick_wide,inswinger,near_post,Deep Zonal,11,4,3,0,0,0,0,0,0,0,0,0,0,0.0568,0
corner,lofted,edge_box,High Zonal,5,1,5,0,0,0,0,0,0,0,0,1,0,0.0717,1
kick_off,straight,central,Deep Zonal,4,7,6,2,1,1,0,0,0,0,0,1,0,0.1456,1
corner,straight,six_yard,Deep Zonal,11,1,8,2,0,0,0,1,1,1,1,0,0,0.1221,0
corner,outswinger,central,Hybrid,7,5,1,1,0,0,0,1,1,0,1,1,0,0.1277,1
free_kick_wide,short,near_post,Man-to-Man,10,6,10,4,0,0,0,0,0,0,0,0,0,0.1138,1
throw_in,inswinger,central,Deep Zonal,4,6,4,4,0,0,0,1,1,0,1,0,1,0.146,1
free_kick_wide,driven,wide_channel,Hybrid,9,4,5,3,0,0,0,1,0,0,0,0,0,0.0586,0
corner,straight,six_yard,Deep Zonal,6,5,3,3,0,0,1,0,0,0,0,0,0,0.1166,1
free_kick_wide,short,central,Hybrid,9,4,6,2,0,0,0,1,0,0,0,0,0,0.1015,1
corner,driven,central,Man-to-Man,8,6,3,3,0,0,0,1,0,1,1,1,1,0.1425,1
corner,inswinger,near_post,Deep Zonal,3,1,10,1,0,0,0,0,0,0,0,1,0,0.1364,1
free_kick_central,inswinger,central,Hybrid,10,7,4,0,1,0,1,1,0,1,1,0,0,0.2284,1
corner,straight,central,Man-to-Man,5,6,4,2,1,1,1,0,0,0,0,0,1,0.211,0
corner,driven,six_yard,Hybrid,6,7,1,0,1,0,0,0,0,1,1,0,0,0.1636,1
throw_in,inswinger,near_post,High Zonal,10,1,8,0,0,0,1,0,0,1,1,0,0,0.0973,0
throw_in,driven,six_yard,Deep Zonal,10,2,10,2,0,0,0,0,0,1,1,0,0,0.1018,1
corner,short,near_post,Deep Zonal,11,2,6,1,0,0,0,1,0,0,1,0,0,0.0607,1
free_kick_wide,short,six_yard,Man-to-Man,7,3,10,1,0,0,0,1,0,0,0,0,0,0.1533,0
corner,short,far_post,Hybrid,6,6,5,2,1,0,0,0,0,0,1,0,0,0.1231,0
play_restart,inswinger,near_post,High Zonal,10,6,7,4,0,1,0,1,0,0,0,0,0,0.1118,0
corner,outswinger,edge_box,High Zonal,5,5,9,0,0,1,0,0,0,0,1,0,0,0.1337,1
corner,long,central,Man-to-Man,8,3,8,1,0,0,0,1,0,0,1,0,0,0.1519,1
free_kick_central,straight,six_yard,Deep Zonal,5,1,2,1,0,0,1,1,0,1,0,0,0,0.1347,1
corner,short,edge_box,Man-to-Man,4,5,10,1,1,0,0,1,0,1,1,0,0,0.1366,1
corner,lofted,wide_channel,High Zonal,7,1,1,0,1,0,1,1,0,0,0,0,0,0.0662,0
corner,inswinger,six_yard,Man-to-Man,10,2,2,1,1,1,0,1,1,1,0,0,1,0.1678,0
throw_in,straight,central,High Zonal,5,3,3,0,0,1,0,1,0,1,0,0,1,0.1568,0
throw_in,straight,far_post,Hybrid,9,6,8,4,0,0,1,1,1,0,0,0,0,0.1461,1
throw_in,inswinger,edge_box,High Zonal,3,5,9,1,1,0,1,1,1,0,1,1,0,0.1473,1
goal_kick,lofted,central,High Zonal,9,1,6,1,0,0,0,1,1,0,1,1,0,0.0672,1
free_kick_wide,lofted,penalty_spot,High Zonal,6,2,4,3,0,0,0,0,1,1,0,0,0,0.1321,1
kick_off,outswinger,central,High Zonal,3,6,5,2,1,0,0,1,0,0,0,0,0,0.1404,1
throw_in,lofted,edge_box,Deep Zonal,7,5,7,1,0,0,1,1,1,0,0,0,0,0.0822,1
goal_kick,inswinger,central,Man-to-Man,5,5,3,1,0,0,0,1,0,0,1,0,0,0.1252,1
throw_in,lofted,near_post,Hybrid,8,3,3,0,1,1,0,1,1,1,0,0,0,0.1163,1
free_kick_wide,driven,wide_channel,Hybrid,3,6,3,1,1,0,1,1,0,1,0,0,1,0.1678,1
corner,outswinger,six_yard,High Zonal,6,5,5,1,0,1,0,0,1,1,1,0,0,0.1806,0
free_kick_wide,short,central,Deep Zonal,5,1,8,2,1,0,0,1,0,1,0,0,1,0.0921,1
corner,driven,near_post,Hybrid,5,6,6,1,0,0,0,0,1,1,1,1,0,0.1223,1
free_kick_central,outswinger,edge_box,High Zonal,3,3,1,4,1,0,0,1,0,1,0,1,1,0.1522,1
corner,straight,central,Man-to-Man,5,6,3,3,0,0,0,1,0,1,0,0,0,0.1181,1
corner,short,penalty_spot,Deep Zonal,3,5,1,2,1,0,0,0,1,0,0,1,1,0.1531,1
play_restart,inswinger,edge_box,High Zonal,8,2,4,4,1,0,0,1,1,1,0,1,1,0.1297,1
throw_in,inswinger,central,High Zonal,7,1,6,1,0,1,0,0,0,0,1,1,0,0.1251,0
penalty,outswinger,central,Deep Zonal,5,1,3,3,0,0,0,0,0,0,1,0,0,0.7424,0
free_kick_wide,long,near_post,High Zonal,8,2,1,3,0,0,0,1,1,0,0,1,0,0.0903,1
penalty,straight,central,High Zonal,11,1,2,3,0,0,1,1,0,0,0,0,0,0.7777,0
kick_off,short,penalty_spot,Man-to-Man,7,5,7,1,0,0,0,1,0,0,1,0,0,0.1091,1
throw_in,inswinger,near_post,Hybrid,5,2,5,3,0,0,0,1,0,0,0,1,0,0.0715,1
throw_in,inswinger,wide_channel,Man-to-Man,6,4,10,0,0,0,1,1,0,0,0,0,0,0.1017,1
free_kick_central,long,edge_box,Man-to-Man,10,3,6,1,0,1,0,1,1,0,0,0,0,0.1247,0
free_kick_wide,inswinger,central,High Zonal,3,5,4,4,0,1,0,1,0,0,0,0,1,0.1705,1
throw_in,long,penalty_spot,Deep Zonal,5,1,1,3,0,1,0,0,1,1,1,1,0,0.1553,1
play_restart,straight,far_post,Man-to-Man,7,3,8,1,0,0,0,1,0,0,0,0,0,0.0853,0
free_kick_wide,long,far_post,High Zonal,8,6,4,2,0,0,0,1,0,1,0,0,0,0.1191,1
free_kick_wide,straight,penalty_spot,Man-to-Man,8,2,6,2,0,0,0,1,0,0,0,0,0,0.1319,1
free_kick_wide,driven,near_post,High Zonal,9,6,5,2,0,0,1,0,0,0,1,0,0,0.0956,1
free_kick_wide,inswinger,central,Deep Zonal,11,2,1,1,0,0,0,0,1,1,0,0,1,0.1046,0
play_restart,driven,near_post,Man-to-Man,4,5,10,3,0,0,0,1,0,1,0,0,0,0.117,1
throw_in,outswinger,near_post,Hybrid,7,2,2,0,0,1,0,0,1,0,0,0,0,0.0859,1
free_kick_wide,inswinger,edge_box,High Zonal,6,3,7,3,1,0,0,0,1,0,0,0,1,0.142,1
free_kick_wide,short,wide_channel,Man-to-Man,3,4,2,2,1,0,0,1,0,1,0,0,0,0.1055,1
free_kick_wide,outswinger,edge_box,Man-to-Man,4,5,10,2,0,0,0,1,1,0,0,0,0,0.1308,0
corner,straight,wide_channel,High Zonal,8,4,3,3,0,0,1,0,1,1,0,1,0,0.1081,1
free_kick_central,driven,penalty_spot,Man-to-Man,7,5,6,4,0,0,0,0,0,1,1,0,0,0.2141,1
goal_kick,driven,central,High Zonal,5,3,1,2,0,0,0,0,1,0,1,1,0,0.056,1
throw_in,short,six_yard,Man-to-Man,11,5,9,2,1,0,1,1,1,0,0,1,0,0.1352,1
corner,lofted,near_post,High Zonal,5,1,3,2,0,1,0,1,0,1,0,1,1,0.1148,1
throw_in,straight,near_post,High Zonal,8,1,1,2,0,1,1,1,0,0,0,0,0,0.0672,1
throw_in,inswinger,wide_channel,High Zonal,11,2,3,1,1,1,0,1,1,0,0,1,1,0.0864,1
corner,driven,edge_box,Deep Zonal,9,7,6,2,0,0,0,0,0,0,0,1,0,0.0798,1
throw_in,outswinger,wide_channel,High Zonal,9,5,4,0,0,0,0,1,0,0,1,0,0,0.0894,1
throw_in,inswinger,near_post,Deep Zonal,5,3,4,3,1,1,0,0,0,0,1,0,0,0.0958,1
goal_kick,inswinger,edge_box,Hybrid,11,5,1,0,0,0,0,0,1,0,1,1,0,0.0526,1
corner,outswinger,central,Hybrid,7,2,8,4,1,0,0,0,1,0,0,1,0,0.1513,1
corner,outswinger,central,Hybrid,5,6,4,1,0,0,0,0,0,0,1,0,1,0.1332,0
free_kick_central,outswinger,six_yard,Deep Zonal,9,3,9,3,1,1,1,0,1,1,0,1,1,0.2383,1
corner,short,far_post,High Zonal,7,5,5,0,0,0,1,1,0,0,1,0,0,0.0982,1
free_kick_wide,long,edge_box,Deep Zonal,4,2,8,1,0,1,0,0,1,0,0,1,1,0.1448,1
goal_kick,lofted,six_yard,High Zonal,3,1,4,4,0,0,0,0,0,0,0,0,0,0.1266,1
corner,inswinger,six_yard,High Zonal,4,7,1,2,0,0,0,1,1,0,0,1,0,0.1487,1
free_kick_central,inswinger,near_post,Deep Zonal,4,5,7,2,0,0,0,1,0,0,0,0,0,0.1724,0
play_restart,short,near_post,Man-to-Man,5,5,7,1,0,0,0,1,1,1,1,1,0,0.1338,1
free_kick_central,inswinger,wide_channel,Hybrid,6,5,10,3,1,1,0,1,0,1,1,0,0,0.193,1
free_kick_central,straight,penalty_spot,Man-to-Man,5,7,8,3,1,0,0,1,0,0,1,1,0,0.22,1
penalty,short,far_post,Deep Zonal,11,1,7,2,1,0,0,1,1,1,1,0,0,0.7264,1
corner,driven,near_post,Man-to-Man,11,7,1,4,1,0,1,0,0,0,1,1,1,0.0965,1
corner,outswinger,near_post,Hybrid,11,4,9,2,0,1,1,1,0,1,1,0,0,0.1375,1
throw_in,long,wide_channel,Man-to-Man,4,5,2,4,0,1,1,1,0,0,1,0,1,0.0826,1
free_kick_wide,short,far_post,Hybrid,7,7,8,2,0,1,0,1,0,0,0,1,0,0.1001,0
corner,driven,edge_box,Hybrid,3,6,7,2,0,0,0,0,0,0,1,1,0,0.1416,1
corner,outswinger,central,Man-to-Man,9,3,9,2,0,0,0,1,1,1,0,1,1,0.1428,1
goal_kick,long,central,Hybrid,4,7,4,1,0,0,0,1,0,0,0,0,0,0.1405,1
corner,long,penalty_spot,Deep Zonal,5,1,5,3,0,0,0,1,0,0,0,0,1,0.1273,0
goal_kick,outswinger,six_yard,Deep Zonal,4,2,1,2,0,1,1,1,0,1,0,0,1,0.1287,0
free_kick_wide,short,central,High Zonal,7,2,4,1,0,0,1,1,0,0,1,0,0,0.1006,1
throw_in,long,central,High Zonal,6,2,9,1,1,0,1,0,1,0,0,0,1,0.1665,1
corner,outswinger,penalty_spot,Man-to-Man,7,5,3,1,0,1,0,1,1,0,0,0,1,0.2004,1
corner,straight,near_post,Hybrid,4,3,10,4,0,0,0,1,0,1,0,0,0,0.1366,1
free_kick_central,straight,central,High Zonal,7,6,1,1,1,0,1,1,1,0,0,1,1,0.2299,1
throw_in,driven,penalty_spot,Man-to-Man,3,5,4,1,0,0,0,0,0,1,0,0,1,0.1511,1
corner,inswinger,near_post,High Zonal,3,5,4,3,0,1,0,1,0,0,0,0,0,0.1451,0
free_kick_wide,short,penalty_spot,Hybrid,4,6,10,4,1,0,0,1,0,0,0,0,1,0.1911,1
free_kick_central,inswinger,near_post,Man-to-Man,5,3,6,2,1,0,0,0,0,0,0,0,0,0.1964,1
corner,short,edge_box,Deep Zonal,10,3,9,2,0,0,0,0,1,0,0,0,0,0.0453,1
penalty,long,six_yard,Deep Zonal,5,1,9,3,0,0,0,0,0,0,0,0,1,0.7895,1
corner,short,six_yard,Hybrid,7,6,6,3,1,0,1,1,0,1,1,0,0,0.1725,1
free_kick_central,short,edge_box,Deep Zonal,9,2,8,0,0,0,0,1,0,1,0,0,0,0.108,0
corner,outswinger,penalty_spot,High Zonal,9,5,8,4,0,0,0,1,1,0,0,1,0,0.1575,1
free_kick_central,outswinger,central,Man-to-Man,8,6,6,1,0,1,0,0,0,0,0,0,0,0.169,1
free_kick_wide,long,far_post,Man-to-Man,4,3,10,2,0,0,0,1,0,1,1,0,0,0.1524,1
free_kick_central,inswinger,near_post,Man-to-Man,8,2,5,0,0,0,0,1,0,1,0,1,0,0.1393,1
free_kick_wide,driven,edge_box,Deep Zonal,5,5,8,3,1,1,0,1,0,0,1,1,0,0.1546,1
kick_off,long,near_post,Deep Zonal,8,3,4,0,0,1,0,0,0,0,0,1,0,0.0532,1
free_kick_central,driven,far_post,High Zonal,11,6,4,0,0,0,0,0,0,0,0,0,1,0.1321,0
goal_kick,outswinger,far_post,Hybrid,3,4,4,4,1,0,0,0,1,1,1,0,1,0.1309,1
corner,short,edge_box,High Zonal,3,3,2,0,1,0,1,1,0,0,0,0,0,0.1244,1
free_kick_wide,inswinger,central,Deep Zonal,5,6,9,3,0,0,1,0,0,0,0,0,0,0.1561,1
corner,lofted,far_post,High Zonal,6,3,5,2,0,1,1,0,0,0,0,0,0,0.1397,0
free_kick_wide,long,penalty_spot,High Zonal,7,6,7,1,0,0,1,1,0,0,0,0,0,0.189,1
throw_in,short,wide_channel,High Zonal,5,5,2,1,1,1,0,1,1,0,0,1,0,0.0767,1
goal_kick,long,edge_box,Deep Zonal,11,7,7,0,0,0,0,0,0,1,0,0,0,0.0519,0
penalty,outswinger,central,Hybrid,3,4,1,3,0,0,1,1,0,0,0,1,0,0.7142,1
throw_in,short,six_yard,High Zonal,7,1,7,4,0,0,1,1,0,1,0,1,0,0.1425,1
corner,driven,near_post,Hybrid,7,2,5,1,0,0,1,1,1,1,0,0,0,0.1759,1
corner,inswinger,central,Man-to-Man,9,1,2,4,1,1,0,1,0,0,0,0,0,0.1448,0
goal_kick,lofted,near_post,Hybrid,7,6,4,0,1,1,0,1,0,0,0,0,0,0.1033,0
corner,driven,far_post,Man-to-Man,4,2,1,4,0,0,0,0,1,0,0,0,0,0.1032,1
corner,lofted,penalty_spot,Hybrid,5,2,1,3,0,0,0,1,0,0,0,0,0,0.1024,0
play_restart,driven,penalty_spot,Man-to-Man,4,5,9,0,1,1,0,1,0,1,0,0,1,0.1894,0
play_restart,outswinger,six_yard,Hybrid,7,2,9,4,0,0,1,0,0,0,0,0,0,0.0702,1
throw_in,short,penalty_spot,High Zonal,11,7,9,0,0,1,1,0,0,1,0,0,0,0.1293,1
free_kick_wide,inswinger,central,Hybrid,6,7,2,4,0,0,0,1,0,1,0,0,0,0.1414,1
goal_kick,long,penalty_spot,High Zonal,6,4,6,3,0,0,1,1,0,0,1,1,0,0.1177,1
corner,inswinger,edge_box,High Zonal,7,5,7,1,1,0,0,1,0,0,0,0,1,0.1332,1
free_kick_wide,driven,far_post,Man-to-Man,4,3,4,4,0,0,0,1,0,1,0,0,0,0.1322,1
free_kick_wide,outswinger,far_post,Deep Zonal,10,4,6,1,0,1,0,1,1,0,0,0,0,0.0967,0
kick_off,inswinger,far_post,High Zonal,8,4,3,0,1,1,0,0,0,1,0,1,0,0.1056,0
kick_off,inswinger,penalty_spot,Hybrid,9,3,10,1,0,0,0,1,1,0,0,0,0,0.1264,0
throw_in,long,central,Man-to-Man,6,4,3,4,0,0,0,1,1,0,1,0,0,0.109,1
corner,inswinger,six_yard,Deep Zonal,5,2,3,4,0,1,1,1,1,1,0,0,0,0.1823,1
free_kick_central,inswinger,central,Deep Zonal,7,5,8,4,1,0,0,1,1,1,0,1,1,0.2668,1
corner,inswinger,near_post,Man-to-Man,5,1,3,2,1,0,1,1,1,1,0,0,0,0.1723,1
kick_off,outswinger,edge_box,Deep Zonal,3,7,10,0,0,0,0,1,0,1,0,0,0,0.1029,1
corner,lofted,six_yard,Man-to-Man,9,7,7,4,1,0,0,1,0,0,1,0,0,0.1443,1
corner,straight,penalty_spot,High Zonal,10,2,10,2,0,0,1,0,1,0,1,1,0,0.2009,1
throw_in,outswinger,far_post,Deep Zonal,5,1,6,4,0,0,0,1,1,0,0,0,0,0.0894,1
free_kick_central,inswinger,wide_channel,High Zonal,8,4,10,0,0,1,0,1,1,0,0,1,0,0.1711,1
goal_kick,inswinger,central,Deep Zonal,11,1,9,1,0,0,1,0,0,1,1,0,1,0.1094,0
corner,straight,far_post,Deep Zonal,9,3,9,1,1,0,0,0,1,0,1,0,0,0.1068,1
goal_kick,inswinger,penalty_spot,Man-to-Man,10,6,2,2,0,0,0,1,0,0,0,0,0,0.1205,0
corner,inswinger,far_post,Hybrid,11,3,9,4,0,0,0,0,0,0,0,0,0,0.0889,1
corner,inswinger,penalty_spot,Man-to-Man,5,7,4,2,1,0,0,1,1,0,0,1,1,0.1906,0
free_kick_central,outswinger,wide_channel,Hybrid,3,1,9,3,0,0,0,0,0,1,0,1,0,0.1273,1
corner,long,central,Deep Zonal,10,5,1,2,1,0,1,0,1,0,1,1,0,0.0882,1
throw_in,inswinger,near_post,Deep Zonal,10,4,1,4,0,0,1,0,0,1,1,0,0,0.0721,0
corner,long,far_post,Man-to-Man,4,2,8,4,0,0,0,0,1,0,1,0,1,0.1391,1
corner,short,far_post,High Zonal,11,4,1,4,0,0,0,1,0,0,0,0,0,0.0696,1
throw_in,driven,edge_box,Deep Zonal,3,2,4,0,0,1,1,1,0,1,0,0,0,0.1271,1
corner,inswinger,wide_channel,Hybrid,6,5,5,4,0,0,0,1,1,0,1,1,1,0.0664,1
throw_in,driven,edge_box,Deep Zonal,11,7,3,3,0,1,1,0,1,0,1,0,0,0.0752,1
goal_kick,driven,wide_channel,Hybrid,6,4,8,1,1,1,1,0,1,0,1,1,0,0.1179,1
corner,lofted,central,Man-to-Man,9,5,7,1,1,0,0,1,0,0,0,0,0,0.1384,1
goal_kick,driven,central,High Zonal,3,5,7,4,0,0,1,1,0,0,0,1,0,0.1513,1
corner,inswinger,central,Deep Zonal,7,6,3,3,1,0,0,1,1,0,0,0,0,0.1231,1
free_kick_wide,lofted,edge_box,Deep Zonal,10,4,1,1,1,0,0,1,1,0,1,1,0,0.106,1
corner,driven,central,Hybrid,10,4,1,1,1,0,1,0,0,1,1,0,0,0.0853,1
goal_kick,outswinger,central,Deep Zonal,6,1,3,2,0,0,0,0,1,1,1,0,1,0.057,1
penalty,inswinger,far_post,Deep Zonal,3,6,3,2,0,0,0,1,0,0,0,0,0,0.7413,1
free_kick_central,lofted,central,Man-to-Man,7,7,7,4,0,0,0,1,0,1,0,0,0,0.2032,0
play_restart,inswinger,penalty_spot,Hybrid,9,7,9,3,1,0,0,0,0,1,1,1,1,0.1519,1
free_kick_wide,driven,six_yard,Man-to-Man,7,6,3,4,1,1,0,0,1,0,1,1,0,0.212,1
kick_off,straight,near_post,Hybrid,11,3,6,2,0,0,0,1,1,0,0,0,0,0.0351,1
throw_in,long,penalty_spot,High Zonal,5,5,10,4,1,0,0,0,0,1,1,0,0,0.1568,1
play_restart,inswinger,near_post,Hybrid,10,3,5,4,0,1,0,1,0,0,0,0,1,0.1032,1
kick_off,long,central,High Zonal,9,7,3,4,0,1,0,1,0,0,0,0,0,0.1143,1
play_restart,short,central,Hybrid,6,1,5,3,1,1,0,0,1,0,1,1,1,0.106,0
corner,lofted,penalty_spot,Man-to-Man,3,7,1,1,0,1,0,0,1,0,1,0,0,0.179,1
goal_kick,inswinger,penalty_spot,Man-to-Man,6,6,10,0,1,0,1,1,0,0,0,0,0,0.1394,0
goal_kick,inswinger,penalty_spot,High Zonal,9,7,10,2,0,0,1,1,1,0,1,0,0,0.2158,1
throw_in,inswinger,six_yard,Man-to-Man,11,2,1,1,1,1,0,1,0,0,0,0,1,0.1451,0
corner,inswinger,central,High Zonal,7,4,3,0,0,0,0,0,0,0,0,0,1,0.1418,0
play_restart,lofted,edge_box,Man-to-Man,5,2,2,1,0,0,0,1,1,1,0,1,0,0.0856,1
corner,inswinger,edge_box,Deep Zonal,9,5,9,4,0,1,0,1,0,1,1,0,0,0.1211,1
free_kick_central,outswinger,near_post,High Zonal,11,5,9,1,0,0,1,0,0,1,0,1,0,0.1695,1
free_kick_central,driven,central,Deep Zonal,4,5,4,0,0,0,0,0,0,0,0,0,0,0.1432,1
corner,outswinger,near_post,High Zonal,5,6,6,1,0,0,1,1,1,0,0,1,0,0.1695,1
throw_in,outswinger,near_post,High Zonal,10,1,7,0,0,0,0,1,0,0,0,0,1,0.1045,0
corner,long,central,High Zonal,4,3,10,0,0,0,0,0,0,0,0,0,0,0.1179,1
throw_in,straight,central,Deep Zonal,11,2,9,2,1,0,0,1,0,1,1,0,0,0.12,0
goal_kick,driven,wide_channel,Man-to-Man,5,7,7,4,0,0,0,0,1,0,0,0,0,0.0775,1
free_kick_wide,short,six_yard,Man-to-Man,7,4,5,1,0,1,0,1,0,1,0,1,0,0.1455,1
throw_in,outswinger,penalty_spot,High Zonal,7,2,8,4,1,0,0,1,1,0,0,1,0,0.1516,0
corner,short,edge_box,Deep Zonal,6,3,7,4,1,0,0,1,0,1,0,0,0,0.1034,1
goal_kick,driven,wide_channel,Man-to-Man,4,4,6,0,0,1,1,1,0,0,0,0,0,0.0793,0
play_restart,straight,far_post,High Zonal,3,3,3,3,0,0,1,0,0,0,1,0,1,0.1175,1
corner,long,far_post,High Zonal,6,5,1,3,0,1,0,1,0,0,0,1,1,0.1008,1
throw_in,straight,edge_box,High Zonal,5,6,6,3,0,1,1,1,1,0,1,0,0,0.0828,1
free_kick_central,short,wide_channel,High Zonal,11,5,10,1,0,0,0,0,0,0,0,1,0,0.0883,0
free_kick_central,long,edge_box,High Zonal,8,5,10,3,0,0,1,1,0,0,0,0,0,0.1238,1
throw_in,inswinger,near_post,Man-to-Man,3,5,6,2,1,0,0,1,1,1,0,0,0,0.1631,1
free_kick_central,straight,edge_box,Hybrid,9,3,10,1,1,1,1,0,0,0,0,0,0,0.1589,1
throw_in,inswinger,central,Hybrid,8,5,1,0,1,1,0,1,0,1,0,1,1,0.1231,1
corner,long,central,Man-to-Man,4,1,9,1,0,0,1,1,0,1,0,0,0,0.1598,0
free_kick_wide,short,penalty_spot,Deep Zonal,6,6,3,1,1,1,1,1,1,0,0,1,0,0.2024,1
kick_off,outswinger,edge_box,Hybrid,9,3,4,2,0,0,1,0,1,0,0,0,1,0.1018,1
corner,inswinger,near_post,Hybrid,8,6,4,2,1,0,0,1,1,0,1,0,0,0.1288,1
throw_in,lofted,central,Deep Zonal,8,2,3,0,0,0,1,1,0,0,1,0,1,0.0926,0
corner,outswinger,edge_box,High Zonal,7,7,3,3,0,0,0,1,1,1,0,0,0,0.1011,1
goal_kick,outswinger,near_post,Deep Zonal,9,4,6,0,0,0,0,1,0,0,1,0,0,0.0526,1
penalty,inswinger,six_yard,Deep Zonal,10,7,1,2,0,0,1,1,0,1,0,1,0,0.6916,1
free_kick_wide,short,far_post,Man-to-Man,4,3,3,0,0,0,0,1,1,1,0,0,0,0.1126,1
corner,outswinger,penalty_spot,High Zonal,6,4,3,4,1,0,0,0,0,1,1,1,0,0.1378,1
free_kick_wide,driven,near_post,Man-to-Man,10,5,1,1,0,1,1,0,0,1,0,0,1,0.1334,1
play_restart,long,wide_channel,Deep Zonal,7,5,9,0,1,1,1,0,0,0,0,0,0,0.0804,1
free_kick_central,inswinger,wide_channel,Deep Zonal,4,2,5,1,0,0,0,0,1,0,0,1,0,0.1001,1
free_kick_central,short,central,High Zonal,4,3,6,2,0,0,0,0,1,0,1,0,1,0.1692,1
goal_kick,outswinger,edge_box,Man-to-Man,9,2,6,3,0,1,0,1,1,0,0,0,1,0.0773,1
free_kick_wide,inswinger,edge_box,High Zonal,7,5,4,0,0,0,0,1,1,0,0,0,1,0.0733,1
free_kick_wide,short,near_post,Hybrid,10,3,3,1,0,0,1,0,1,1,0,0,0,0.0774,1
free_kick_wide,outswinger,penalty_spot,Man-to-Man,4,1,1,0,0,0,0,1,0,0,0,0,0,0.1183,1
corner,driven,six_yard,Hybrid,8,3,9,1,1,1,0,1,0,0,1,0,0,0.1717,0
throw_in,short,far_post,Man-to-Man,8,3,8,1,0,0,0,0,0,1,1,0,0,0.0864,0
kick_off,outswinger,wide_channel,Hybrid,7,4,7,2,0,0,0,1,0,0,1,0,0,0.0542,0
kick_off,lofted,near_post,High Zonal,6,7,8,0,0,1,0,1,0,1,0,0,1,0.1271,1
kick_off,short,wide_channel,High Zonal,5,7,9,3,1,0,0,0,0,0,0,0,0,0.0852,1
free_kick_central,inswinger,wide_channel,Hybrid,10,5,1,3,0,1,0,1,1,1,0,0,0,0.1427,1
corner,short,near_post,Man-to-Man,5,7,7,4,0,0,0,1,0,1,0,0,0,0.1245,1
throw_in,lofted,far_post,Man-to-Man,6,1,10,2,1,1,0,1,0,0,0,1,0,0.1321,0
play_restart,straight,penalty_spot,Deep Zonal,10,7,9,2,0,1,1,1,1,0,0,0,0,0.1927,1
throw_in,straight,six_yard,Deep Zonal,8,4,3,3,1,0,0,1,0,1,1,1,0,0.1231,1
free_kick_central,straight,near_post,Man-to-Man,3,3,6,4,1,1,0,1,0,0,1,0,1,0.2262,1
throw_in,outswinger,central,Deep Zonal,3,3,3,0,0,0,0,1,1,0,1,0,1,0.12,1
goal_kick,inswinger,edge_box,High Zonal,7,3,2,0,0,0,1,0,0,0,0,1,0,0.0489,1
kick_off,short,far_post,Deep Zonal,9,6,4,1,1,0,1,1,0,0,1,0,1,0.0864,1
goal_kick,driven,penalty_spot,Deep Zonal,7,4,4,0,0,1,0,0,1,0,0,1,0,0.1119,0
free_kick_wide,long,penalty_spot,Hybrid,11,1,10,2,0,0,0,0,1,0,1,1,0,0.0998,1
corner,inswinger,wide_channel,Deep Zonal,10,7,5,0,0,1,1,1,0,0,0,0,0,0.0873,0
free_kick_central,straight,near_post,Deep Zonal,7,5,9,0,1,0,0,0,0,0,1,1,0,0.1554,1
free_kick_wide,inswinger,wide_channel,Man-to-Man,5,3,10,3,1,0,0,0,0,1,0,0,0,0.1369,0
play_restart,outswinger,penalty_spot,High Zonal,3,5,7,0,1,0,1,0,1,0,0,1,0,0.1749,1
free_kick_central,long,wide_channel,Man-to-Man,3,3,5,1,0,1,0,1,0,1,0,1,0,0.1529,1
free_kick_central,outswinger,near_post,High Zonal,8,5,5,0,0,0,0,0,1,0,0,0,0,0.1369,1
free_kick_wide,driven,penalty_spot,Hybrid,6,1,8,3,1,1,0,1,0,0,1,0,1,0.2101,1
throw_in,straight,six_yard,Deep Zonal,4,2,4,4,0,1,1,0,0,0,0,1,0,0.0832,1
free_kick_central,long,edge_box,Deep Zonal,3,3,5,3,1,0,0,1,0,0,0,0,0,0.1329,1
corner,driven,near_post,Deep Zonal,7,6,4,2,0,0,0,1,0,0,0,0,0,0.1218,1
kick_off,long,far_post,Deep Zonal,8,6,3,1,0,0,0,1,1,0,0,0,0,0.0623,1
free_kick_wide,driven,near_post,Man-to-Man,3,6,4,0,0,0,0,1,0,1,0,0,0,0.1639,0
free_kick_wide,driven,near_post,Man-to-Man,6,4,1,1,1,0,1,1,0,0,1,0,1,0.1665,0
corner,short,edge_box,Hybrid,6,3,9,2,1,0,0,1,0,0,1,1,0,0.0911,1
penalty,outswinger,wide_channel,Hybrid,3,4,9,0,1,1,0,1,0,0,0,0,0,0.7851,1
throw_in,outswinger,penalty_spot,Deep Zonal,10,2,7,4,0,0,0,1,0,0,0,1,1,0.0761,1
kick_off,driven,near_post,Man-to-Man,5,4,8,3,1,1,0,1,0,0,0,1,0,0.1638,1
corner,inswinger,central,Deep Zonal,4,5,5,0,0,0,0,1,0,1,0,0,0,0.1774,1
play_restart,lofted,central,Hybrid,4,7,6,4,1,1,0,0,1,0,0,0,1,0.1873,1
throw_in,outswinger,near_post,High Zonal,7,3,10,1,1,0,1,1,0,0,0,1,1,0.1232,1
corner,long,six_yard,Hybrid,9,1,1,3,0,0,0,0,0,1,0,0,0,0.1317,1
corner,outswinger,central,Deep Zonal,5,3,2,4,0,0,0,1,0,1,0,0,0,0.1343,1
corner,lofted,near_post,Man-to-Man,9,6,9,1,1,0,1,1,0,0,0,1,0,0.1437,1
kick_off,inswinger,edge_box,Man-to-Man,5,4,1,4,0,0,0,1,1,0,1,0,0,0.0829,1
corner,straight,near_post,Deep Zonal,4,3,8,4,1,0,1,1,0,0,0,0,0,0.1253,1
free_kick_central,driven,far_post,Hybrid,8,4,4,2,0,0,0,1,0,1,0,1,1,0.1457,0
throw_in,outswinger,far_post,Deep Zonal,9,2,8,3,0,1,0,1,0,1,1,1,0,0.1127,1
kick_off,outswinger,near_post,Man-to-Man,9,6,10,0,0,1,0,1,0,0,1,0,0,0.1147,0
throw_in,driven,penalty_spot,Hybrid,8,5,6,4,0,1,0,1,0,0,0,0,0,0.1156,1
goal_kick,driven,far_post,High Zonal,10,7,1,1,0,1,1,1,0,0,0,0,0,0.067,1
corner,inswinger,edge_box,Hybrid,10,1,6,1,1,1,0,1,1,1,0,0,0,0.1261,0
kick_off,short,central,Hybrid,5,5,1,4,0,1,0,1,1,0,1,1,0,0.1284,1
corner,outswinger,central,Deep Zonal,8,1,10,1,0,1,1,0,0,0,1,0,1,0.1091,1
corner,outswinger,edge_box,Hybrid,3,1,4,3,0,0,1,1,0,1,0,1,0,0.1124,1
play_restart,short,near_post,High Zonal,3,6,10,1,0,0,0,0,0,0,1,0,1,0.1177,1
corner,inswinger,near_post,High Zonal,6,3,10,1,0,0,0,0,1,1,0,0,0,0.1315,0
corner,straight,central,Hybrid,9,3,4,4,1,0,1,1,0,1,1,0,1,0.1182,1
throw_in,outswinger,near_post,Hybrid,8,2,4,0,1,0,0,1,0,0,0,0,0,0.0817,0
free_kick_wide,driven,near_post,High Zonal,4,1,9,3,0,1,1,1,1,0,1,0,0,0.182,1
corner,short,wide_channel,Man-to-Man,9,5,7,0,0,0,0,1,1,0,1,1,0,0.0937,1
throw_in,outswinger,far_post,High Zonal,8,4,6,4,0,1,1,0,1,0,0,1,0,0.1209,1
goal_kick,lofted,penalty_spot,Hybrid,9,5,9,3,1,0,1,0,0,0,0,1,0,0.128,0
goal_kick,driven,central,Hybrid,8,2,3,3,0,1,0,1,1,0,0,1,0,0.1093,1
corner,outswinger,near_post,Deep Zonal,10,7,7,3,1,0,0,0,0,1,0,1,0,0.1563,0
penalty,lofted,edge_box,High Zonal,6,1,4,0,1,0,0,0,0,1,0,0,0,0.7915,0
goal_kick,outswinger,edge_box,High Zonal,3,4,1,1,1,0,0,1,1,1,0,0,0,0.1183,1
corner,outswinger,wide_channel,Man-to-Man,8,4,4,3,1,0,0,1,1,0,0,1,0,0.0944,1
corner,straight,near_post,Hybrid,11,1,2,2,0,0,0,1,0,0,0,0,1,0.0435,1
corner,inswinger,near_post,Man-to-Man,3,5,10,0,0,0,1,1,1,1,0,0,0,0.1985,0
free_kick_central,long,edge_box,Deep Zonal,11,5,3,3,0,0,0,1,0,1,0,0,1,0.082,1
corner,short,central,Man-to-Man,9,4,10,1,0,0,0,1,1,0,0,0,0,0.122,1
throw_in,driven,near_post,Hybrid,3,3,8,3,1,0,0,1,1,0,0,1,0,0.1267,1
play_restart,outswinger,central,Hybrid,7,7,4,3,0,0,0,0,1,0,0,0,0,0.1014,1
corner,inswinger,near_post,High Zonal,5,2,9,1,0,0,1,1,0,1,0,0,0,0.1956,1
throw_in,straight,six_yard,High Zonal,8,6,1,0,0,0,0,1,0,1,0,0,0,0.1446,1
corner,inswinger,six_yard,Deep Zonal,9,3,2,4,0,1,0,0,0,0,0,0,1,0.1391,1
corner,lofted,penalty_spot,Deep Zonal,6,3,9,3,0,1,0,0,1,0,0,0,0,0.18,1
goal_kick,long,far_post,Man-to-Man,7,2,4,0,0,0,1,1,0,0,0,1,0,0.095,1
free_kick_wide,driven,edge_box,Hybrid,3,5,2,0,0,0,1,1,0,1,1,0,0,0.0984,0
play_restart,long,penalty_spot,Man-to-Man,3,2,2,2,0,0,1,1,0,0,0,1,0,0.1476,1
free_kick_central,outswinger,edge_box,Hybrid,9,3,9,4,1,0,0,1,0,0,0,0,0,0.0998,1
corner,inswinger,far_post,Deep Zonal,6,4,5,1,0,0,0,0,0,0,0,0,1,0.126,1
free_kick_central,straight,wide_channel,Man-to-Man,10,1,5,2,0,0,0,0,1,0,1,0,0,0.0988,0
corner,driven,central,Man-to-Man,8,6,4,3,1,0,1,1,0,0,0,0,0,0.148,1
kick_off,outswinger,penalty_spot,Deep Zonal,6,3,1,4,1,0,1,1,1,0,0,0,0,0.1217,1
throw_in,inswinger,six_yard,Man-to-Man,10,7,10,2,0,0,0,1,1,0,1,1,0,0.1422,1
free_kick_wide,long,six_yard,Man-to-Man,3,5,3,2,1,0,0,0,1,0,1,0,1,0.1726,1
free_kick_central,outswinger,wide_channel,Man-to-Man,10,2,4,0,0,0,0,0,0,0,0,1,0,0.0855,0
throw_in,short,far_post,Deep Zonal,3,5,9,2,1,1,0,0,0,1,0,0,0,0.1184,1
goal_kick,inswinger,edge_box,Deep Zonal,11,4,1,2,1,0,0,0,1,0,0,0,0,0.0734,0
corner,short,central,Hybrid,8,4,6,4,0,0,0,1,0,0,1,0,1,0.1265,1
corner,straight,penalty_spot,Man-to-Man,7,6,6,2,0,0,1,0,0,0,0,0,0,0.1651,0
corner,driven,central,High Zonal,8,5,8,3,0,0,0,0,0,1,1,0,0,0.1327,1
free_kick_wide,long,far_post,Man-to-Man,10,7,10,2,0,0,0,0,1,0,0,0,1,0.1315,1
free_kick_central,inswinger,wide_channel,Man-to-Man,5,7,1,2,0,0,0,1,1,0,0,1,0,0.1691,1
corner,driven,six_yard,Hybrid,3,6,4,0,1,0,0,0,1,1,0,0,0,0.1691,1
free_kick_wide,driven,far_post,Hybrid,11,4,4,2,0,0,0,1,1,0,1,1,0,0.0901,1
free_kick_central,long,near_post,Man-to-Man,7,4,9,1,0,1,0,1,0,0,1,0,0,0.1751,0
corner,lofted,far_post,High Zonal,5,7,5,1,0,0,0,1,0,0,1,1,0,0.1335,1
kick_off,driven,near_post,Deep Zonal,11,7,5,4,1,0,0,1,0,0,0,0,0,0.0689,1
throw_in,outswinger,near_post,High Zonal,3,3,3,3,0,1,1,0,0,1,1,0,0,0.1165,1
free_kick_wide,straight,wide_channel,High Zonal,10,5,6,0,0,0,1,1,0,0,0,0,0,0.063,0
free_kick_central,outswinger,far_post,Hybrid,3,5,7,2,0,1,0,1,0,0,1,0,0,0.1909,1
free_kick_wide,short,near_post,High Zonal,8,1,6,2,0,0,0,1,1,0,1,1,0,0.0878,1
goal_kick,lofted,edge_box,High Zonal,3,1,7,3,1,0,1,1,0,0,0,0,0,0.1001,1
penalty,short,near_post,Deep Zonal,4,1,9,1,1,0,0,1,1,1,0,0,1,0.7422,1
free_kick_central,outswinger,far_post,Deep Zonal,5,2,9,3,1,1,1,1,0,0,0,0,1,0.2006,1
kick_off,lofted,central,Man-to-Man,4,7,6,3,1,1,0,0,1,0,1,0,0,0.19,1
goal_kick,long,near_post,Deep Zonal,3,3,10,3,1,0,0,1,0,0,1,0,1,0.1275,1
goal_kick,outswinger,penalty_spot,Hybrid,9,7,4,2,1,1,0,1,1,0,1,0,0,0.1652,1
corner,lofted,edge_box,High Zonal,9,4,1,0,0,0,1,1,0,0,0,1,0,0.0774,0
corner,outswinger,far_post,Hybrid,5,4,8,3,0,0,0,1,1,0,0,0,0,0.1656,0
throw_in,short,six_yard,Hybrid,9,2,8,4,1,0,0,0,0,0,1,1,0,0.0919,1
free_kick_central,straight,wide_channel,Man-to-Man,5,5,1,3,0,0,0,1,0,0,0,0,0,0.1406,0
throw_in,lofted,six_yard,High Zonal,4,5,4,2,0,0,1,1,1,1,1,1,1,0.1617,1
goal_kick,outswinger,wide_channel,Man-to-Man,10,3,3,2,0,1,1,0,0,1,0,0,0,0.1023,0
corner,outswinger,wide_channel,Man-to-Man,7,6,6,0,1,0,0,1,0,1,0,0,0,0.1268,0
corner,long,six_yard,Man-to-Man,3,5,3,4,0,0,0,1,0,0,1,1,1,0.142,1
free_kick_central,driven,central,Deep Zonal,9,5,8,1,0,0,0,1,0,1,0,0,1,0.1274,1
corner,inswinger,near_post,Deep Zonal,6,4,6,3,0,0,0,1,1,0,1,0,0,0.1082,1
throw_in,outswinger,edge_box,Deep Zonal,3,5,9,2,0,0,0,0,0,0,0,0,0,0.1032,1
goal_kick,lofted,six_yard,Man-to-Man,5,3,9,3,1,1,0,0,0,0,0,0,0,0.1372,1
free_kick_central,driven,six_yard,Deep Zonal,5,7,3,0,0,0,0,0,0,0,0,0,0,0.1229,0
throw_in,outswinger,penalty_spot,Deep Zonal,3,4,6,3,1,0,1,0,0,0,0,0,1,0.1438,0
free_kick_central,straight,six_yard,Hybrid,9,2,7,2,0,1,0,0,0,0,0,0,0,0.185,1
throw_in,straight,edge_box,Deep Zonal,4,4,5,2,1,1,0,1,0,0,1,0,0,0.1332,1
corner,long,edge_box,Man-to-Man,4,7,10,3,1,0,1,1,0,1,0,0,0,0.11,1
throw_in,short,near_post,Hybrid,4,7,1,3,0,0,0,1,1,0,0,0,0,0.1012,1
throw_in,driven,far_post,Hybrid,9,3,10,3,0,0,0,0,0,0,0,1,0,0.0916,1
corner,inswinger,near_post,Man-to-Man,7,7,10,3,1,0,1,0,0,1,1,0,0,0.1512,1
penalty,driven,near_post,Deep Zonal,10,3,4,3,0,1,0,1,0,0,0,1,0,0.7158,1
goal_kick,inswinger,penalty_spot,High Zonal,6,2,3,4,0,0,1,1,1,0,0,1,0,0.1694,1
corner,driven,near_post,Hybrid,9,2,1,4,1,1,0,1,1,0,1,0,0,0.1248,1
throw_in,inswinger,wide_channel,Man-to-Man,7,2,2,4,1,1,1,1,0,1,0,0,1,0.1441,0
play_restart,inswinger,far_post,Man-to-Man,8,3,3,2,0,1,0,1,0,1,1,0,0,0.0813,1
kick_off,inswinger,edge_box,Hybrid,10,3,9,2,0,0,0,1,1,1,0,1,1,0.1144,0
free_kick_wide,outswinger,near_post,Deep Zonal,8,3,8,0,1,0,1,1,1,1,1,0,0,0.1458,0
throw_in,straight,six_yard,High Zonal,7,1,9,3,0,0,0,1,0,1,1,0,0,0.1131,1
play_restart,long,far_post,Man-to-Man,10,3,4,3,1,0,0,1,0,0,1,1,1,0.0721,1
penalty,driven,penalty_spot,Hybrid,8,4,3,1,0,1,0,1,0,1,0,1,0,0.8334,0
corner,short,penalty_spot,High Zonal,11,3,9,0,0,1,0,1,0,1,0,0,0,0.1465,0
corner,short,penalty_spot,Hybrid,8,4,6,4,0,0,0,1,1,1,1,1,0,0.1329,1
goal_kick,outswinger,penalty_spot,Man-to-Man,9,2,1,0,0,1,0,1,0,1,0,0,0,0.1282,0
free_kick_wide,driven,edge_box,Man-to-Man,7,1,8,3,0,1,0,1,1,0,0,0,1,0.1028,1
corner,inswinger,six_yard,Hybrid,10,7,1,4,1,0,0,1,0,0,1,1,0,0.1566,1
free_kick_wide,outswinger,central,Deep Zonal,5,7,1,4,0,0,0,1,0,1,1,0,0,0.0975,1
goal_kick,inswinger,wide_channel,Man-to-Man,7,3,10,1,1,1,0,0,1,0,1,0,1,0.1096,1
free_kick_central,outswinger,central,High Zonal,11,6,10,3,0,1,0,1,1,0,1,0,1,0.2255,1
kick_off,short,central,Man-to-Man,4,1,8,4,0,1,0,1,0,0,1,1,0,0.1452,1
throw_in,inswinger,central,High Zonal,6,2,4,3,1,0,1,0,1,0,0,0,0,0.1422,1
play_restart,inswinger,central,High Zonal,3,4,2,1,0,0,0,0,1,0,0,0,0,0.1408,1
kick_off,driven,central,Deep Zonal,8,5,5,0,1,1,1,0,0,0,0,0,0,0.1273,1
corner,inswinger,six_yard,Deep Zonal,6,5,6,2,0,0,1,1,0,1,1,0,0,0.1538,1
throw_in,short,penalty_spot,Hybrid,8,3,1,3,1,1,0,1,0,1,0,0,1,0.1172,1
corner,straight,wide_channel,Hybrid,5,7,7,0,0,0,0,0,1,0,0,0,0,0.1017,1
play_restart,driven,near_post,Hybrid,10,5,1,1,0,0,0,0,0,1,1,1,0,0.0669,0
corner,long,penalty_spot,Man-to-Man,11,3,5,2,1,0,0,1,1,0,1,0,1,0.1437,1
throw_in,inswinger,near_post,High Zonal,7,4,2,2,0,0,1,1,0,0,0,1,0,0.0828,1
goal_kick,driven,far_post,Man-to-Man,8,3,1,0,1,0,0,1,0,1,0,0,0,0.0525,1
corner,straight,far_post,Deep Zonal,7,1,4,1,0,0,1,1,0,1,1,0,0,0.0673,1
goal_kick,outswinger,edge_box,Man-to-Man,5,1,6,4,0,0,0,1,0,0,1,0,0,0.0892,1
corner,long,edge_box,Man-to-Man,7,4,10,1,0,0,0,1,0,0,0,0,0,0.1068,1
free_kick_central,long,central,Hybrid,7,1,1,4,0,0,0,0,1,1,0,0,1,0.1244,1
free_kick_central,outswinger,central,Deep Zonal,10,7,6,4,1,1,0,1,0,1,0,1,1,0.2223,1
free_kick_wide,straight,far_post,Hybrid,9,7,8,4,0,0,0,1,0,0,0,0,0,0.1112,1
throw_in,inswinger,central,Man-to-Man,5,6,4,2,0,0,0,0,1,0,0,0,0,0.144,1
kick_off,short,edge_box,Man-to-Man,8,6,9,1,0,0,0,1,1,1,0,0,1,0.0964,1
free_kick_wide,lofted,far_post,Hybrid,11,5,5,1,1,0,0,1,1,1,0,0,1,0.1238,0
penalty,straight,six_yard,Hybrid,6,6,1,2,0,0,0,1,0,0,1,0,0,0.7331,1
kick_off,lofted,wide_channel,Deep Zonal,10,6,3,3,0,0,1,0,0,1,0,1,1,0.0466,1
goal_kick,inswinger,central,High Zonal,7,4,5,4,0,0,0,1,0,0,0,0,0,0.0902,0
corner,driven,wide_channel,High Zonal,4,6,7,0,0,1,1,1,1,0,0,0,0,0.1417,1
play_restart,lofted,edge_box,Deep Zonal,4,2,2,4,0,0,0,1,1,0,0,0,0,0.0608,1
corner,long,near_post,Man-to-Man,5,7,6,1,1,0,0,1,0,0,0,0,0,0.1496,0
throw_in,inswinger,six_yard,Hybrid,8,5,8,1,0,0,1,1,1,1,0,0,0,0.143,1
penalty,outswinger,far_post,High Zonal,11,1,4,1,0,1,1,0,0,0,0,1,1,0.7488,0
goal_kick,inswinger,edge_box,Deep Zonal,6,2,2,1,0,0,0,0,1,0,1,1,1,0.0514,0
corner,short,edge_box,Hybrid,5,1,7,0,0,1,0,0,0,0,1,1,0,0.1142,1
corner,lofted,six_yard,Hybrid,8,2,7,1,0,0,0,1,1,0,1,0,0,0.0986,0
goal_kick,straight,edge_box,Hybrid,5,6,4,4,1,0,1,1,0,0,0,0,0,0.119,1
corner,inswinger,six_yard,Hybrid,6,6,9,0,0,1,0,1,0,1,1,0,0,0.2118,0
free_kick_central,outswinger,central,High Zonal,4,7,9,3,0,0,0,1,0,0,1,1,0,0.2058,1
throw_in,short,wide_channel,Man-to-Man,5,1,2,4,1,0,1,0,0,1,0,0,0,0.0729,0
throw_in,short,edge_box,Man-to-Man,3,4,6,3,0,1,0,1,1,0,0,0,0,0.1278,1
corner,outswinger,edge_box,Deep Zonal,8,6,7,2,1,0,1,0,0,0,0,0,0,0.0771,1
free_kick_wide,long,six_yard,Hybrid,7,7,3,2,0,0,1,1,0,0,0,0,0,0.147,1
play_restart,inswinger,near_post,Hybrid,4,1,2,2,1,0,0,0,1,0,0,1,0,0.0904,0
free_kick_central,short,central,Deep Zonal,9,5,2,1,0,1,1,0,1,1,0,0,0,0.1165,1
corner,straight,six_yard,Man-to-Man,4,1,4,4,0,1,1,1,0,0,1,0,1,0.1536,1
corner,inswinger,wide_channel,Deep Zonal,8,1,3,3,0,0,0,1,1,0,1,0,0,0.0804,1
free_kick_wide,short,edge_box,Man-to-Man,4,6,8,0,0,1,0,1,0,0,0,0,0,0.139,1
play_restart,long,far_post,Hybrid,3,7,10,3,0,0,0,1,1,0,1,1,0,0.1572,1
free_kick_wide,straight,central,Hybrid,4,2,5,1,0,0,0,1,1,0,0,0,1,0.1513,1
corner,driven,far_post,High Zonal,7,6,9,2,1,0,0,0,1,1,1,1,0,0.1365,1
free_kick_central,short,far_post,Hybrid,4,7,6,0,0,0,0,1,1,0,0,1,0,0.176,1
corner,outswinger,six_yard,Man-to-Man,5,4,10,2,0,0,0,1,1,1,1,1,0,0.2112,1
corner,lofted,penalty_spot,Man-to-Man,7,2,4,0,0,0,1,0,0,1,0,0,0,0.1294,0
play_restart,lofted,far_post,High Zonal,8,6,8,1,0,1,0,1,0,1,0,0,0,0.0963,1
throw_in,inswinger,far_post,Deep Zonal,10,4,9,4,0,1,0,0,0,0,0,1,0,0.0876,0
corner,lofted,wide_channel,Deep Zonal,6,3,10,0,1,0,0,1,0,1,1,0,0,0.0962,1
free_kick_central,driven,penalty_spot,High Zonal,3,7,4,1,1,0,1,1,0,0,1,0,0,0.2227,1
corner,inswinger,central,Hybrid,11,5,4,0,1,1,0,0,1,0,0,1,0,0.1778,1
corner,short,far_post,High Zonal,9,2,1,0,0,0,0,0,1,0,0,0,1,0.0848,0
throw_in,inswinger,far_post,Man-to-Man,10,3,7,3,1,0,1,1,0,1,0,1,1,0.1519,1
free_kick_central,short,central,Man-to-Man,11,3,6,2,0,0,0,1,0,1,0,0,0,0.1509,1
goal_kick,lofted,edge_box,Man-to-Man,9,4,4,1,1,1,0,0,0,0,0,0,0,0.0764,1
kick_off,straight,central,Hybrid,11,2,3,0,1,0,0,1,1,1,1,0,0,0.1128,1
corner,short,far_post,High Zonal,7,5,9,3,0,0,1,1,0,0,1,0,0,0.1023,1
play_restart,outswinger,far_post,High Zonal,8,4,10,1,0,0,0,0,1,0,0,0,1,0.0936,0
free_kick_central,short,far_post,Hybrid,8,1,10,2,0,0,0,0,0,0,1,0,0,0.1134,1
corner,driven,penalty_spot,High Zonal,7,1,5,0,1,1,0,0,0,0,1,0,1,0.2033,0
goal_kick,outswinger,edge_box,Deep Zonal,6,1,8,2,0,0,0,1,1,1,0,1,0,0.0753,0
corner,short,near_post,Man-to-Man,5,2,9,4,0,0,0,1,1,0,1,1,0,0.1548,1
penalty,straight,central,Man-to-Man,10,1,8,3,0,0,0,1,0,0,0,0,0,0.7558,1
throw_in,long,edge_box,High Zonal,5,5,4,2,1,0,1,0,1,0,0,0,0,0.1093,1
corner,long,wide_channel,High Zonal,11,5,9,0,1,0,0,1,1,1,0,0,0,0.1279,0
kick_off,long,near_post,Hybrid,9,1,7,1,1,0,0,1,0,0,0,0,0,0.0818,0
corner,straight,near_post,Man-to-Man,11,3,1,4,1,0,0,1,0,1,0,0,0,0.0899,1
goal_kick,short,wide_channel,Hybrid,8,3,2,4,0,0,0,1,1,0,0,0,0,0.0123,0
corner,long,near_post,Man-to-Man,8,4,5,1,0,1,0,1,0,0,0,1,0,0.1059,1
corner,long,wide_channel,Man-to-Man,6,5,10,3,0,1,1,1,0,0,0,0,0,0.1395,1
free_kick_wide,short,six_yard,Deep Zonal,9,4,8,3,0,0,1,1,1,0,0,0,0,0.1672,1
goal_kick,driven,near_post,High Zonal,8,3,7,2,0,0,1,0,0,1,1,1,0,0.0938,1
corner,outswinger,near_post,Man-to-Man,6,1,7,1,1,0,0,1,0,1,0,1,0,0.1924,1
kick_off,inswinger,wide_channel,Man-to-Man,3,6,10,1,0,1,1,1,0,0,0,0,0,0.1441,1
corner,lofted,central,Deep Zonal,3,6,6,2,0,1,0,1,0,0,0,0,0,0.1765,1
free_kick_central,inswinger,penalty_spot,Hybrid,5,7,5,1,1,0,0,1,0,1,0,1,0,0.2649,1
free_kick_wide,lofted,central,Man-to-Man,9,5,4,2,0,0,0,1,1,0,0,1,1,0.156,1
corner,short,penalty_spot,Man-to-Man,11,3,6,0,0,0,1,1,0,0,1,0,1,0.1682,1
play_restart,lofted,six_yard,Man-to-Man,11,5,3,1,0,1,0,0,0,0,0,0,0,0.1057,1
free_kick_wide,short,edge_box,High Zonal,7,7,10,0,0,1,0,0,1,0,0,1,1,0.1484,1
throw_in,driven,near_post,Hybrid,10,1,10,1,0,0,1,1,1,1,0,0,0,0.1144,1
penalty,long,penalty_spot,High Zonal,3,4,4,1,0,1,0,1,1,1,1,1,0,0.7388,1
free_kick_central,short,edge_box,High Zonal,10,5,8,2,0,0,1,1,0,0,0,0,0,0.1055,1
throw_in,straight,central,Hybrid,11,7,8,4,0,0,1,0,0,0,0,1,1,0.0992,1
kick_off,inswinger,edge_box,High Zonal,6,4,7,4,1,1,0,1,0,1,1,0,0,0.1263,1
throw_in,outswinger,penalty_spot,Man-to-Man,3,7,2,3,0,0,0,0,0,0,1,0,0,0.1441,1
free_kick_central,lofted,near_post,High Zonal,9,6,1,2,1,0,0,1,0,0,0,1,1,0.1366,1
throw_in,outswinger,wide_channel,Man-to-Man,3,6,8,1,1,0,0,0,0,0,0,1,0,0.1677,1
throw_in,long,far_post,High Zonal,8,1,2,0,0,0,1,1,1,0,1,0,0,0.0382,1
free_kick_wide,short,central,Deep Zonal,5,4,9,3,0,0,0,0,1,1,1,0,0,0.1146,1
throw_in,outswinger,near_post,Man-to-Man,7,6,5,1,1,1,0,0,1,0,1,0,1,0.1613,1
free_kick_central,lofted,central,Deep Zonal,11,1,9,0,0,0,0,1,1,1,0,1,0,0.1439,0
goal_kick,inswinger,central,High Zonal,4,7,2,4,0,0,0,0,0,0,0,0,0,0.0702,1
play_restart,short,central,High Zonal,3,5,4,1,0,1,0,1,0,1,0,0,0,0.1504,1
play_restart,straight,edge_box,High Zonal,8,6,2,0,0,0,0,1,1,1,0,1,0,0.095,1
goal_kick,inswinger,penalty_spot,High Zonal,9,5,5,2,0,0,1,1,0,0,0,1,0,0.1334,1
throw_in,outswinger,near_post,Deep Zonal,5,7,1,3,1,0,0,1,1,1,1,0,0,0.1132,1
goal_kick,long,edge_box,High Zonal,4,7,3,1,0,0,0,1,0,1,0,0,0,0.0862,1
corner,inswinger,edge_box,Man-to-Man,9,1,3,1,0,0,0,1,1,0,1,1,0,0.1255,1
free_kick_central,driven,far_post,Hybrid,9,7,6,0,0,0,0,1,1,1,0,0,1,0.1888,1
corner,short,wide_channel,Man-to-Man,11,4,1,2,0,0,0,1,0,0,0,0,0,0.0545,0
corner,inswinger,central,Deep Zonal,10,4,4,2,0,0,1,1,1,0,0,1,1,0.16,1
play_restart,outswinger,near_post,Deep Zonal,9,2,8,1,1,0,0,0,1,0,1,0,0,0.0802,1
kick_off,inswinger,near_post,Hybrid,3,3,5,4,0,0,1,1,0,1,1,0,0,0.1197,1
free_kick_central,driven,central,Hybrid,5,4,6,4,0,1,1,1,0,0,1,0,0,0.1361,1
corner,short,far_post,Man-to-Man,8,4,9,4,0,1,0,1,0,1,1,0,0,0.1859,1
throw_in,inswinger,near_post,High Zonal,7,5,6,2,0,0,0,0,0,1,0,0,0,0.103,1
free_kick_wide,short,penalty_spot,Hybrid,3,5,9,4,0,0,0,0,1,0,1,1,0,0.1917,1
goal_kick,straight,wide_channel,Man-to-Man,8,6,10,1,1,0,0,0,0,1,0,1,1,0.1273,1
play_restart,short,edge_box,High Zonal,9,5,6,3,0,0,1,0,0,0,0,0,0,0.0752,1
free_kick_wide,inswinger,edge_box,Deep Zonal,9,7,5,3,1,1,1,1,0,1,1,1,0,0.1489,1
corner,inswinger,edge_box,Man-to-Man,11,7,4,3,1,1,0,0,1,0,0,0,0,0.1595,1
corner,outswinger,edge_box,Hybrid,4,7,9,0,0,0,0,1,0,0,0,0,1,0.1532,1
corner,long,far_post,Hybrid,11,6,8,0,0,1,0,1,1,0,0,0,0,0.1017,1
free_kick_wide,long,far_post,High Zonal,7,2,2,4,0,0,0,1,1,0,0,0,0,0.0953,1
corner,outswinger,central,Man-to-Man,5,7,7,1,0,0,0,1,0,1,0,0,0,0.1755,1
corner,outswinger,near_post,Hybrid,10,7,3,1,0,0,0,1,1,0,1,1,0,0.102,1
corner,long,penalty_spot,Hybrid,3,3,10,3,1,0,1,1,0,1,0,0,1,0.1809,1
corner,inswinger,far_post,Man-to-Man,3,7,4,4,0,0,0,1,0,1,0,0,1,0.1411,1
throw_in,short,near_post,Hybrid,9,4,1,1,1,0,0,1,0,1,0,1,0,0.0857,0
corner,straight,central,Man-to-Man,9,6,10,4,0,0,0,0,0,0,0,0,0,0.1309,1
kick_off,outswinger,edge_box,Man-to-Man,3,3,7,3,0,0,0,1,1,0,1,0,0,0.1114,1
corner,short,central,Man-to-Man,10,2,10,0,0,0,0,1,0,1,0,0,0,0.1233,0
corner,outswinger,far_post,Hybrid,10,3,9,2,0,0,1,1,0,0,0,0,1,0.1114,0
corner,short,near_post,Deep Zonal,10,2,5,4,1,1,1,1,0,0,0,0,0,0.0827,1
throw_in,inswinger,near_post,Hybrid,6,1,5,4,0,0,0,0,1,0,0,0,0,0.0686,1
corner,straight,edge_box,High Zonal,11,4,9,4,1,0,0,1,0,0,1,0,0,0.0991,1
free_kick_central,short,near_post,Deep Zonal,4,7,4,0,1,0,1,1,0,1,0,0,0,0.1338,1
corner,inswinger,central,Hybrid,10,1,3,4,0,0,0,1,0,1,0,0,0,0.1073,1
play_restart,short,wide_channel,High Zonal,10,3,6,2,0,0,0,1,1,1,0,0,0,0.054,1
corner,long,far_post,Hybrid,7,2,6,2,1,0,0,0,0,0,1,1,0,0.0649,1
free_kick_wide,lofted,penalty_spot,Man-to-Man,6,2,9,2,0,1,0,1,1,1,0,1,0,0.203,0
goal_kick,outswinger,penalty_spot,High Zonal,7,1,2,3,0,0,0,1,1,0,0,0,1,0.0481,1
corner,outswinger,central,High Zonal,3,2,5,2,0,0,0,1,0,0,0,1,0,0.1323,1
corner,outswinger,central,High Zonal,3,4,6,0,1,0,1,1,1,0,1,1,1,0.2033,1
goal_kick,driven,far_post,Deep Zonal,6,3,10,1,1,1,0,0,0,1,0,0,0,0.1349,1
corner,straight,central,Deep Zonal,3,5,3,4,1,1,1,1,0,0,1,1,0,0.2269,1
corner,outswinger,central,Hybrid,8,6,7,0,0,1,0,1,0,1,0,0,0,0.1669,0
free_kick_wide,long,penalty_spot,Hybrid,8,1,6,1,1,1,0,1,0,0,1,0,0,0.1565,1
corner,inswinger,near_post,High Zonal,10,3,10,0,0,0,1,0,0,0,0,0,1,0.0936,1
kick_off,short,near_post,Man-to-Man,5,7,5,3,0,0,1,0,1,1,0,1,0,0.1174,1
throw_in,straight,penalty_spot,Hybrid,10,2,2,4,1,0,0,0,0,0,0,1,0,0.0738,1
throw_in,short,far_post,Man-to-Man,5,1,6,4,0,1,1,0,0,0,0,0,0,0.061,1
corner,long,penalty_spot,High Zonal,7,2,9,0,1,1,1,1,1,0,1,0,0,0.2312,1
throw_in,outswinger,near_post,High Zonal,10,3,2,4,0,0,0,1,1,0,1,1,0,0.0834,1
throw_in,short,edge_box,Man-to-Man,6,2,8,4,1,0,0,1,0,1,1,0,0,0.1069,1
corner,short,six_yard,Hybrid,4,4,6,4,0,0,0,0,0,0,0,0,0,0.1525,0
kick_off,inswinger,far_post,High Zonal,10,2,8,4,0,1,0,0,1,0,1,0,1,0.0699,1
penalty,driven,six_yard,High Zonal,5,5,4,4,1,0,0,1,0,0,0,0,1,0.7222,1
goal_kick,long,far_post,High Zonal,4,7,9,0,0,0,0,0,1,0,0,0,0,0.1406,1
corner,lofted,near_post,Deep Zonal,9,3,2,3,0,0,1,0,0,1,0,1,0,0.0614,1
corner,long,central,Hybrid,7,4,6,4,0,1,0,1,1,0,0,1,0,0.1703,1
throw_in,outswinger,far_post,Hybrid,3,5,6,2,1,1,1,0,1,0,1,0,0,0.1569,1
goal_kick,straight,six_yard,Deep Zonal,11,1,3,4,1,0,1,1,1,0,1,0,0,0.1233,1
free_kick_wide,straight,central,Man-to-Man,7,3,2,0,0,1,0,1,1,0,1,0,0,0.1791,1
corner,inswinger,central,High Zonal,5,5,10,2,0,0,1,1,1,0,0,0,0,0.222,1
goal_kick,straight,six_yard,Man-to-Man,3,2,5,4,0,0,0,1,0,1,0,0,0,0.0911,1
corner,outswinger,central,Man-to-Man,9,3,10,2,0,0,0,1,1,1,1,0,0,0.1747,0
free_kick_wide,inswinger,penalty_spot,Hybrid,9,4,4,2,0,0,1,1,1,0,0,1,1,0.1887,1
throw_in,driven,central,Hybrid,9,7,7,1,1,1,0,1,0,1,0,0,0,0.1619,0
corner,inswinger,wide_channel,High Zonal,8,1,6,3,0,1,0,1,0,0,1,0,0,0.0824,1
corner,short,central,Deep Zonal,10,5,5,4,0,0,0,1,1,0,0,0,0,0.097,1
corner,driven,edge_box,High Zonal,8,7,5,1,0,0,0,0,1,0,0,0,1,0.132,1
kick_off,short,penalty_spot,High Zonal,5,7,3,2,1,1,0,1,0,0,0,1,1,0.1309,1
free_kick_wide,inswinger,wide_channel,High Zonal,4,4,2,2,0,1,1,0,0,0,0,0,0,0.1526,0
throw_in,short,wide_channel,Hybrid,6,3,7,3,0,1,1,1,1,1,0,1,1,0.0803,1
play_restart,long,edge_box,Deep Zonal,9,2,3,2,0,0,0,1,0,0,1,0,0,0.01,1
throw_in,driven,near_post,Man-to-Man,3,2,6,3,0,1,1,0,1,0,0,1,0,0.1253,1
free_kick_central,outswinger,far_post,Man-to-Man,5,6,6,4,1,0,0,1,0,1,0,1,0,0.191,1
free_kick_central,inswinger,six_yard,Hybrid,6,1,10,1,0,0,1,0,1,0,0,1,0,0.1835,0
free_kick_wide,short,penalty_spot,Man-to-Man,8,6,9,1,0,1,0,1,0,0,0,0,0,0.2002,1
throw_in,outswinger,six_yard,Hybrid,4,7,2,2,0,0,0,0,1,0,0,0,0,0.1182,1
play_restart,driven,edge_box,Deep Zonal,3,4,1,2,1,0,0,0,1,1,0,0,0,0.0948,1
goal_kick,long,central,Hybrid,11,6,10,2,1,0,1,1,0,0,1,0,0,0.1221,1
free_kick_wide,driven,central,Hybrid,3,7,1,0,1,0,0,0,1,0,1,0,0,0.1558,0
free_kick_wide,lofted,central,Man-to-Man,3,6,8,0,0,0,1,0,0,1,1,1,0,0.1966,1
kick_off,short,edge_box,Deep Zonal,4,4,8,2,0,0,0,1,0,0,1,0,1,0.0388,1
corner,lofted,far_post,High Zonal,6,4,9,3,0,1,0,1,1,0,1,0,0,0.133,1
goal_kick,short,near_post,High Zonal,4,2,4,2,0,1,0,1,0,0,1,0,0,0.0629,1
corner,inswinger,edge_box,Deep Zonal,10,1,4,3,0,1,0,1,0,0,1,1,0,0.0838,0
throw_in,driven,near_post,Deep Zonal,4,6,3,0,0,0,0,0,1,0,1,0,0,0.0939,1
goal_kick,long,far_post,High Zonal,4,4,2,4,0,0,0,1,0,0,0,1,0,0.0794,1
free_kick_central,lofted,far_post,Hybrid,4,7,3,3,1,0,0,1,0,1,0,0,0,0.1683,1
corner,outswinger,far_post,High Zonal,8,6,3,3,1,0,1,1,0,0,1,0,0,0.1333,0
goal_kick,outswinger,near_post,Deep Zonal,10,2,10,4,1,0,1,1,1,1,0,0,0,0.1006,1
free_kick_wide,driven,edge_box,Deep Zonal,4,7,5,4,0,0,0,1,1,0,0,0,0,0.1207,1
free_kick_wide,inswinger,six_yard,Hybrid,7,1,6,4,0,0,1,1,1,1,0,0,1,0.1778,1
free_kick_central,short,edge_box,High Zonal,6,1,7,2,0,0,0,0,0,0,0,0,1,0.0897,1
free_kick_wide,short,wide_channel,Hybrid,8,5,2,3,1,0,0,1,1,0,1,0,1,0.0994,1
throw_in,inswinger,central,Man-to-Man,8,5,10,2,0,0,1,0,1,0,0,0,0,0.1767,1
corner,inswinger,near_post,Hybrid,5,6,5,0,0,1,1,1,0,0,0,0,0,0.1616,1
free_kick_wide,driven,near_post,Hybrid,8,5,6,4,1,0,1,1,0,1,0,0,0,0.1796,1
kick_off,inswinger,edge_box,Hybrid,3,2,3,3,0,0,0,1,1,0,1,0,0,0.0735,1
corner,long,near_post,Deep Zonal,7,2,3,3,1,0,1,1,1,0,0,0,0,0.1286,1
free_kick_central,long,wide_channel,Man-to-Man,11,7,2,3,0,0,0,0,0,0,0,0,1,0.077,0
throw_in,short,penalty_spot,Deep Zonal,11,3,6,1,0,0,0,0,0,0,0,1,0,0.0705,1
kick_off,straight,six_yard,Hybrid,3,2,10,3,1,1,0,1,1,0,1,1,0,0.185,1
throw_in,inswinger,far_post,High Zonal,3,1,1,1,0,1,0,0,1,1,0,1,0,0.135,1
goal_kick,driven,edge_box,Man-to-Man,10,6,5,3,0,1,0,1,1,1,1,0,0,0.1215,1
corner,inswinger,far_post,High Zonal,4,6,4,4,0,0,0,0,0,1,0,0,0,0.1584,1
free_kick_wide,outswinger,penalty_spot,Deep Zonal,8,7,7,3,0,0,0,1,1,1,0,1,0,0.1858,1
play_restart,lofted,edge_box,Hybrid,7,6,8,2,0,1,1,0,0,1,0,0,0,0.1184,1
kick_off,outswinger,central,High Zonal,6,2,9,3,0,0,0,0,0,0,0,1,0,0.1065,1
penalty,outswinger,six_yard,Hybrid,5,1,3,0,0,0,0,0,1,0,1,0,0,0.7607,0
free_kick_central,lofted,edge_box,Hybrid,9,4,3,4,0,0,1,0,0,0,0,1,0,0.0996,1
free_kick_central,inswinger,edge_box,Deep Zonal,5,4,5,2,1,1,1,1,0,0,0,0,0,0.1657,1
corner,inswinger,central,Deep Zonal,9,1,2,2,0,0,1,0,0,1,0,0,0,0.0999,0
kick_off,straight,near_post,High Zonal,5,7,5,1,1,0,0,1,1,1,0,0,0,0.1293,1
goal_kick,driven,near_post,Hybrid,10,5,3,0,0,0,0,1,0,0,0,1,0,0.0382,1
free_kick_central,driven,penalty_spot,Man-to-Man,9,5,4,1,0,0,0,1,0,1,0,0,1,0.2108,1
corner,long,near_post,Hybrid,7,4,8,4,0,0,1,1,1,1,1,0,1,0.1059,1
free_kick_wide,lofted,wide_channel,Deep Zonal,3,7,2,0,0,0,1,1,1,1,0,0,1,0.1129,1
corner,inswinger,wide_channel,Deep Zonal,4,6,4,3,1,0,0,0,1,0,0,1,0,0.1397,1
throw_in,short,near_post,Man-to-Man,8,5,7,4,0,0,0,1,0,0,0,0,0,0.0707,1
penalty,inswinger,edge_box,Deep Zonal,8,4,5,3,0,0,0,0,1,0,0,1,0,0.7226,1
corner,lofted,central,Deep Zonal,3,6,9,1,0,0,0,1,0,0,0,0,0,0.1566,0
throw_in,lofted,central,High Zonal,3,3,1,1,0,0,0,0,0,1,0,0,0,0.1129,1
play_restart,outswinger,central,Hybrid,8,7,5,1,1,0,1,0,1,1,0,0,0,0.1405,1
corner,driven,six_yard,Deep Zonal,6,1,1,0,0,0,1,1,0,1,0,1,0,0.1174,1
free_kick_central,short,six_yard,Hybrid,7,1,1,2,1,0,0,0,1,0,0,1,1,0.1564,0
free_kick_central,inswinger,near_post,Man-to-Man,8,1,5,3,0,0,1,1,0,0,0,1,0,0.1512,1
corner,short,central,Man-to-Man,10,3,3,2,0,1,1,1,0,1,1,1,1,0.1393,0
free_kick_central,lofted,far_post,Deep Zonal,5,4,2,0,1,0,0,0,1,0,0,0,0,0.1271,0
throw_in,outswinger,far_post,Deep Zonal,9,7,10,4,1,0,0,1,0,0,0,0,0,0.0993,1
corner,inswinger,near_post,Deep Zonal,10,7,8,2,0,0,0,0,1,0,0,1,0,0.0923,0
corner,lofted,six_yard,High Zonal,11,1,5,2,0,0,1,0,0,1,0,1,1,0.1259,1
goal_kick,straight,wide_channel,Man-to-Man,11,6,10,2,0,1,0,0,0,1,1,0,1,0.1086,1
free_kick_wide,straight,far_post,High Zonal,3,2,1,3,0,0,1,1,0,1,1,0,1,0.1254,1
throw_in,long,six_yard,Deep Zonal,3,3,10,0,1,0,0,0,0,0,0,0,0,0.1253,1
throw_in,short,edge_box,Man-to-Man,10,7,9,1,1,1,0,1,1,0,0,0,1,0.1411,1
goal_kick,outswinger,penalty_spot,High Zonal,4,7,5,2,0,0,1,0,0,0,1,0,1,0.1252,1
throw_in,inswinger,six_yard,High Zonal,5,6,8,1,1,0,0,1,1,0,0,1,0,0.1422,1
goal_kick,driven,far_post,High Zonal,7,2,3,0,1,1,0,0,1,1,0,0,0,0.1265,1
throw_in,straight,penalty_spot,Hybrid,8,1,10,4,0,0,1,1,0,0,0,0,0,0.1327,1
free_kick_central,long,central,Hybrid,3,7,5,1,0,0,0,0,1,1,1,0,1,0.156,1
free_kick_wide,driven,edge_box,High Zonal,8,2,3,1,0,0,0,0,0,1,1,0,0,0.0758,1
free_kick_wide,inswinger,near_post,Deep Zonal,3,2,2,4,1,0,1,1,1,0,1,1,0,0.1444,1
free_kick_wide,driven,central,High Zonal,6,4,7,1,0,0,1,1,0,0,0,0,0,0.1513,1
corner,long,far_post,High Zonal,11,2,10,2,0,0,0,0,1,0,1,0,0,0.073,1
free_kick_wide,lofted,far_post,Hybrid,4,5,7,2,1,1,0,1,0,0,1,1,1,0.1724,0
free_kick_wide,outswinger,central,Deep Zonal,3,7,7,4,0,0,0,1,1,0,1,0,0,0.1517,1
corner,outswinger,central,Hybrid,7,3,8,4,1,0,0,0,1,0,0,0,1,0.152,1
corner,long,six_yard,Man-to-Man,5,4,3,2,1,0,0,1,0,0,0,0,0,0.12,1
goal_kick,lofted,penalty_spot,Deep Zonal,5,7,4,0,0,1,0,0,1,0,0,0,0,0.1414,1
penalty,lofted,central,Hybrid,6,7,8,4,1,0,1,1,0,0,0,0,0,0.7863,1
goal_kick,straight,six_yard,High Zonal,4,1,7,3,1,0,0,0,1,1,0,0,0,0.1353,1
penalty,short,six_yard,Deep Zonal,3,6,3,0,0,1,1,1,1,0,0,0,0,0.7854,1
goal_kick,inswinger,near_post,Deep Zonal,11,1,1,0,1,1,0,0,1,0,1,1,1,0.0683,0
goal_kick,long,penalty_spot,Man-to-Man,10,2,8,1,0,1,0,0,1,0,0,1,0,0.1571,0
corner,driven,central,High Zonal,6,5,9,4,1,0,0,1,1,0,1,0,0,0.1691,1
play_restart,driven,penalty_spot,Man-to-Man,10,1,5,1,1,1,0,1,1,0,1,0,1,0.1227,0
corner,outswinger,edge_box,Hybrid,11,2,9,4,1,0,0,0,0,0,0,1,0,0.0567,1
throw_in,lofted,near_post,Hybrid,6,4,9,0,1,0,0,1,1,0,0,0,0,0.1083,0
goal_kick,inswinger,far_post,Hybrid,4,3,8,2,1,1,0,1,1,0,1,0,0,0.1458,1
free_kick_wide,straight,central,Man-to-Man,4,4,10,4,0,0,1,1,1,0,0,0,0,0.1849,1
throw_in,short,penalty_spot,Hybrid,11,7,10,3,0,0,0,1,0,1,0,1,0,0.168,1
free_kick_wide,short,near_post,Man-to-Man,11,3,4,2,0,1,0,1,1,0,0,0,1,0.122,0
corner,long,six_yard,Hybrid,9,3,9,1,0,1,0,0,1,0,0,0,0,0.1461,1
corner,short,penalty_spot,High Zonal,9,2,6,2,1,1,1,0,0,0,0,0,0,0.1483,1
corner,inswinger,central,High Zonal,5,7,4,1,0,0,0,1,0,0,1,0,1,0.1861,1
corner,inswinger,edge_box,Deep Zonal,7,2,3,2,0,0,0,1,0,0,0,1,0,0.0377,1
throw_in,short,near_post,Man-to-Man,6,1,7,0,0,1,1,1,1,0,0,0,0,0.1341,1
free_kick_central,long,penalty_spot,Hybrid,6,4,9,1,1,1,1,1,0,0,0,0,0,0.2034,1
free_kick_central,short,far_post,High Zonal,9,6,3,3,0,1,1,0,0,0,0,1,0,0.144,1
throw_in,straight,near_post,High Zonal,7,1,5,4,1,0,0,1,0,0,1,0,0,0.0772,1
corner,inswinger,central,Hybrid,6,5,9,2,0,0,1,1,0,0,0,0,0,0.1664,1
corner,driven,near_post,Deep Zonal,5,4,10,3,0,0,0,0,1,0,1,0,0,0.1355,1
goal_kick,straight,edge_box,High Zonal,8,6,5,2,0,0,1,0,0,1,0,0,0,0.0939,1
kick_off,short,edge_box,Man-to-Man,7,1,9,0,1,0,0,1,1,1,1,0,0,0.103,1
free_kick_wide,straight,near_post,Hybrid,3,7,9,4,0,0,0,1,1,1,0,1,0,0.1799,1
corner,outswinger,near_post,Hybrid,9,7,3,2,0,0,0,0,1,1,0,0,0,0.1189,0
goal_kick,outswinger,six_yard,Hybrid,6,5,5,0,0,0,0,0,0,1,1,1,0,0.1116,1
kick_off,inswinger,central,High Zonal,6,5,2,0,0,0,0,1,0,0,0,1,0,0.1176,1
free_kick_wide,long,central,High Zonal,11,5,1,1,0,1,0,1,1,0,0,0,0,0.1515,1
corner,outswinger,edge_box,Hybrid,9,2,7,3,0,0,1,0,0,0,1,0,0,0.1138,1
corner,outswinger,near_post,Man-to-Man,3,7,1,1,0,0,1,1,0,1,0,0,1,0.1816,1
throw_in,lofted,wide_channel,High Zonal,9,6,4,2,1,0,1,0,0,0,1,0,0,0.1014,1
kick_off,straight,near_post,Deep Zonal,5,6,2,0,0,0,0,1,1,1,1,0,0,0.0674,1
throw_in,short,six_yard,Hybrid,9,4,3,4,0,1,1,1,0,1,0,1,0,0.1411,0
free_kick_wide,straight,central,Hybrid,6,1,3,4,1,1,1,0,0,1,0,1,0,0.1622,1
throw_in,outswinger,near_post,Hybrid,8,4,6,4,1,0,0,1,1,0,1,0,0,0.0907,0
goal_kick,inswinger,central,Deep Zonal,9,4,8,3,1,0,0,0,1,1,1,0,0,0.1069,1
free_kick_central,driven,wide_channel,Hybrid,4,2,6,0,0,0,0,1,0,0,1,1,1,0.154,1
goal_kick,straight,far_post,High Zonal,4,7,8,0,0,0,0,0,0,0,0,0,0,0.1181,0
free_kick_wide,long,near_post,Hybrid,9,3,6,0,0,0,0,1,0,0,1,0,0,0.0678,0
free_kick_wide,lofted,wide_channel,High Zonal,3,7,7,2,0,0,1,0,0,0,0,1,0,0.1296,1
throw_in,inswinger,near_post,Hybrid,10,7,3,4,0,1,0,1,0,0,1,1,0,0.0795,1
free_kick_central,long,near_post,High Zonal,6,1,4,3,0,0,0,0,1,0,1,1,0,0.1179,1
play_restart,inswinger,near_post,Hybrid,3,2,2,2,0,1,1,0,0,0,0,1,0,0.0988,0
free_kick_central,straight,six_yard,Man-to-Man,9,3,6,3,0,0,0,0,0,0,1,0,0,0.1434,0
free_kick_wide,driven,near_post,Man-to-Man,11,5,2,2,0,0,0,1,0,1,0,0,0,0.1217,1
free_kick_wide,inswinger,near_post,Man-to-Man,3,1,7,3,0,0,0,1,0,0,1,0,1,0.1291,0
penalty,lofted,wide_channel,Deep Zonal,11,2,8,2,0,1,1,0,0,0,0,0,1,0.7877,1
free_kick_wide,short,penalty_spot,Hybrid,6,6,9,3,0,0,1,0,0,1,0,0,0,0.1632,1
throw_in,straight,central,High Zonal,9,4,5,2,0,0,0,0,1,0,0,0,0,0.0953,0
free_kick_wide,inswinger,penalty_spot,Man-to-Man,5,4,10,3,1,0,0,0,0,0,0,1,0,0.1697,0
free_kick_wide,short,central,High Zonal,3,4,5,3,0,0,0,1,0,1,0,0,0,0.1565,1
throw_in,straight,far_post,High Zonal,11,7,8,1,0,0,1,0,0,1,1,1,0,0.085,1
corner,outswinger,central,Man-to-Man,8,1,10,4,0,1,0,0,1,0,1,0,0,0.1837,1
throw_in,straight,penalty_spot,Man-to-Man,5,4,6,2,0,1,0,0,0,0,0,0,0,0.1565,1
free_kick_central,inswinger,edge_box,High Zonal,6,1,10,3,0,0,0,0,0,0,0,1,0,0.1605,1
free_kick_central,lofted,central,Man-to-Man,9,1,6,2,0,0,0,0,0,0,1,0,0,0.1275,1
throw_in,outswinger,near_post,Hybrid,5,4,1,1,0,0,0,0,0,1,0,0,1,0.1122,1
goal_kick,straight,central,Man-to-Man,9,7,5,0,1,0,0,0,0,0,1,0,0,0.1203,0
goal_kick,driven,edge_box,High Zonal,3,3,8,1,0,1,0,0,1,1,0,0,1,0.1519,1
free_kick_wide,long,edge_box,High Zonal,11,6,7,4,0,0,0,0,0,0,0,0,0,0.1008,1
free_kick_wide,driven,edge_box,High Zonal,9,7,3,4,1,0,0,1,0,0,1,0,1,0.136,1
throw_in,lofted,wide_channel,Man-to-Man,6,1,3,0,0,0,0,1,0,0,1,0,0,0.0254,1
throw_in,inswinger,six_yard,High Zonal,8,5,8,2,0,0,0,1,1,0,1,0,1,0.1443,1
throw_in,straight,wide_channel,Deep Zonal,4,7,8,1,1,0,0,0,0,1,1,0,0,0.1,1
penalty,long,penalty_spot,High Zonal,7,7,2,2,1,0,1,1,1,1,0,0,0,0.7366,1
goal_kick,inswinger,central,Deep Zonal,6,6,5,3,0,1,0,0,0,0,0,0,1,0.1302,1
corner,long,penalty_spot,High Zonal,6,7,2,0,0,1,1,1,0,0,1,0,0,0.1527,1
penalty,inswinger,central,Deep Zonal,10,5,3,4,0,0,0,0,0,0,0,0,0,0.802,0
corner,lofted,near_post,Man-to-Man,6,1,10,4,0,0,0,0,0,0,1,1,0,0.1405,1
free_kick_wide,long,central,Hybrid,3,7,1,4,1,0,1,0,0,0,1,0,0,0.1942,1
throw_in,short,central,Deep Zonal,7,7,6,2,1,1,0,1,0,0,0,1,1,0.1397,1
free_kick_central,straight,edge_box,Deep Zonal,3,2,5,3,0,0,0,1,0,0,0,0,1,0.1242,1
free_kick_wide,lofted,central,Hybrid,7,7,4,4,0,0,0,0,1,1,1,1,0,0.146,1
kick_off,long,near_post,Hybrid,9,5,9,0,1,0,0,0,0,1,1,0,0,0.1071,1
goal_kick,driven,wide_channel,Deep Zonal,3,4,9,0,0,0,1,1,0,1,1,0,0,0.0974,0
free_kick_central,driven,penalty_spot,Deep Zonal,3,6,1,4,1,0,0,1,1,0,0,1,0,0.1918,1
play_restart,inswinger,central,Man-to-Man,6,5,3,1,0,0,0,1,1,0,0,1,1,0.1872,1
free_kick_wide,inswinger,central,Hybrid,7,6,3,0,1,0,0,1,0,0,0,1,0,0.1724,0
goal_kick,inswinger,near_post,Man-to-Man,3,3,1,1,0,0,1,0,1,0,0,0,0,0.0769,1
corner,long,wide_channel,Man-to-Man,5,3,6,3,0,0,1,0,1,0,0,0,0,0.0954,1
corner,short,central,High Zonal,9,1,4,1,1,1,0,1,0,1,0,0,0,0.1364,0
free_kick_wide,outswinger,wide_channel,Deep Zonal,8,7,4,1,0,0,0,0,0,0,1,0,0,0.0726,1
corner,lofted,central,High Zonal,7,2,8,4,0,1,0,0,0,0,0,1,0,0.1099,1
free_kick_central,inswinger,edge_box,Deep Zonal,3,1,10,4,0,0,1,1,0,0,1,0,0,0.1451,1
corner,driven,near_post,Hybrid,10,1,7,2,0,0,1,1,1,0,1,1,0,0.1474,1
throw_in,straight,far_post,High Zonal,8,3,7,1,1,0,0,1,0,0,1,1,0,0.1156,0
corner,straight,central,Man-to-Man,6,4,5,4,1,0,1,1,1,0,1,0,0,0.1883,1
corner,inswinger,central,Deep Zonal,8,6,5,3,1,0,0,1,0,1,1,0,0,0.1053,1
play_restart,long,wide_channel,High Zonal,4,5,6,3,0,0,0,0,1,0,0,0,0,0.0418,1
throw_in,driven,edge_box,High Zonal,9,6,3,1,0,1,0,1,1,0,0,0,0,0.0968,1
play_restart,outswinger,central,Man-to-Man,5,1,6,1,1,0,1,0,0,0,1,1,0,0.1176,1
free_kick_central,short,edge_box,Hybrid,3,1,4,0,0,1,0,1,1,0,0,1,0,0.1305,1
corner,short,near_post,Deep Zonal,5,2,4,2,0,1,0,1,0,1,0,0,0,0.0911,1
penalty,straight,wide_channel,Hybrid,6,3,9,0,0,1,1,0,0,0,0,0,0,0.7338,1
penalty,short,far_post,High Zonal,6,1,1,4,1,0,0,0,0,1,0,1,0,0.767,0
corner,straight,central,Man-to-Man,5,7,9,1,0,0,0,1,1,1,0,0,0,0.2194,1
kick_off,driven,central,High Zonal,10,7,2,3,0,1,1,1,1,1,1,0,1,0.1013,1
throw_in,long,near_post,Hybrid,5,4,4,0,1,0,0,1,0,0,1,0,1,0.112,1
goal_kick,inswinger,wide_channel,Hybrid,4,6,8,1,0,0,0,0,0,1,0,1,0,0.0906,1
free_kick_central,driven,central,High Zonal,5,2,10,1,0,0,0,1,0,0,0,0,1,0.1953,0
throw_in,outswinger,near_post,Deep Zonal,6,1,9,4,0,0,1,1,1,0,0,0,0,0.1091,1
corner,lofted,six_yard,Man-to-Man,3,7,8,4,0,0,0,1,1,0,1,0,0,0.1752,0
play_restart,short,central,Man-to-Man,3,6,4,2,1,1,0,1,0,0,0,0,0,0.1541,0
free_kick_wide,inswinger,near_post,Deep Zonal,4,6,4,0,0,0,1,1,1,0,0,0,0,0.156,0
corner,long,edge_box,High Zonal,6,6,4,4,0,1,1,0,0,1,0,0,0,0.114,0
corner,inswinger,near_post,Man-to-Man,11,5,9,1,0,0,0,0,0,1,0,0,1,0.1423,0
throw_in,driven,six_yard,High Zonal,8,6,7,3,0,0,0,1,0,0,0,0,0,0.1467,1
play_restart,lofted,penalty_spot,Deep Zonal,3,7,1,1,0,0,0,1,0,0,0,1,1,0.0995,1
kick_off,long,central,High Zonal,3,7,1,2,0,0,0,0,0,0,1,0,0,0.0772,0
throw_in,short,far_post,Man-to-Man,3,7,2,0,0,1,0,1,1,0,0,0,1,0.0853,1
play_restart,short,central,Deep Zonal,3,4,6,2,0,0,0,1,0,1,0,0,0,0.1349,1
throw_in,straight,penalty_spot,Deep Zonal,7,6,10,3,0,1,0,0,0,0,1,0,0,0.1206,1
free_kick_wide,inswinger,penalty_spot,Hybrid,9,2,5,4,0,0,0,1,1,0,1,0,0,0.1738,1
throw_in,lofted,edge_box,Deep Zonal,6,3,3,4,0,1,1,1,0,0,0,1,1,0.0851,1
corner,outswinger,far_post,Hybrid,6,7,5,4,0,0,0,1,0,0,0,0,0,0.1545,1
corner,outswinger,edge_box,Hybrid,8,3,8,4,0,1,0,0,1,0,1,0,0,0.1071,0
free_kick_wide,inswinger,near_post,High Zonal,6,6,1,2,0,0,0,1,0,1,0,0,0,0.1018,1
corner,lofted,wide_channel,Man-to-Man,10,4,7,1,0,0,0,0,0,1,1,1,0,0.0867,0
play_restart,lofted,central,High Zonal,9,2,10,0,1,0,0,1,0,0,0,0,0,0.1118,1
play_restart,outswinger,six_yard,Man-to-Man,11,3,10,0,0,0,0,1,1,0,0,1,1,0.1351,1
free_kick_wide,outswinger,far_post,High Zonal,3,5,2,0,1,0,0,1,0,1,1,0,0,0.1631,0
throw_in,driven,near_post,Deep Zonal,6,1,10,3,0,0,0,0,0,0,1,0,0,0.0905,1
free_kick_wide,straight,central,Hybrid,10,4,2,1,0,0,0,0,1,0,0,0,0,0.1032,1
corner,lofted,wide_channel,High Zonal,9,1,5,2,1,0,0,1,0,0,1,0,0,0.0654,0
free_kick_wide,lofted,six_yard,Man-to-Man,9,4,4,1,0,0,1,1,0,0,0,0,0,0.1329,1
corner,long,edge_box,Hybrid,7,3,7,2,0,1,1,1,0,0,0,0,0,0.1272,1
free_kick_wide,inswinger,central,Hybrid,6,5,8,2,0,0,0,1,1,1,1,0,0,0.2099,1
corner,long,penalty_spot,High Zonal,9,6,7,2,1,0,0,1,1,1,1,1,0,0.2035,1
corner,lofted,central,Deep Zonal,7,1,8,0,0,1,0,0,1,0,1,0,0,0.1009,1
corner,straight,penalty_spot,Man-to-Man,6,1,10,4,1,0,0,0,1,1,0,0,0,0.1953,1
kick_off,driven,central,Man-to-Man,6,4,6,2,0,0,0,0,0,0,0,0,0,0.0947,0
corner,straight,six_yard,High Zonal,4,6,6,3,1,0,0,1,0,0,0,0,0,0.1664,1
free_kick_wide,lofted,edge_box,Man-to-Man,10,2,6,4,0,1,0,1,0,0,0,0,1,0.1296,1
free_kick_central,long,far_post,High Zonal,10,6,3,0,0,0,0,0,1,0,1,0,0,0.1169,1
free_kick_wide,inswinger,edge_box,Man-to-Man,3,1,5,1,0,0,1,1,0,0,1,0,0,0.1442,1
free_kick_central,straight,central,Man-to-Man,6,3,6,2,0,0,0,0,0,0,1,0,0,0.1477,1
corner,inswinger,near_post,Deep Zonal,9,4,1,3,0,0,0,1,1,0,1,0,0,0.0515,0
throw_in,straight,central,High Zonal,4,5,4,2,1,0,0,1,0,0,1,0,0,0.1195,1
penalty,lofted,central,High Zonal,5,3,3,0,1,1,0,1,1,0,0,0,0,0.7579,1
throw_in,outswinger,central,Man-to-Man,11,7,7,3,0,1,1,0,0,0,0,0,0,0.1464,1
penalty,lofted,edge_box,Deep Zonal,10,4,4,3,0,1,0,0,0,1,0,0,1,0.7843,1
free_kick_wide,inswinger,edge_box,Hybrid,10,5,2,0,1,0,0,1,0,1,0,0,1,0.103,1
free_kick_wide,long,far_post,Hybrid,11,1,6,4,1,0,1,1,0,0,1,0,1,0.0965,0
corner,lofted,wide_channel,Deep Zonal,9,7,5,4,0,0,1,1,0,1,0,1,0,0.1137,1
free_kick_central,long,six_yard,Deep Zonal,5,4,7,1,0,0,1,0,0,1,0,1,0,0.1839,1
corner,driven,near_post,Hybrid,11,4,8,3,1,0,0,1,1,1,0,1,0,0.0782,1
free_kick_wide,lofted,far_post,Man-to-Man,7,2,10,4,0,1,1,1,0,0,1,0,0,0.1064,1
throw_in,short,wide_channel,High Zonal,7,5,7,2,0,0,0,0,0,0,1,0,0,0.0706,1
corner,driven,central,Hybrid,7,1,6,0,0,0,1,1,0,1,0,0,0,0.1425,1
corner,inswinger,central,High Zonal,7,4,3,2,1,0,1,1,0,0,0,0,0,0.1484,1
throw_in,straight,wide_channel,Man-to-Man,7,6,7,1,1,1,0,0,0,0,0,0,0,0.1061,1
free_kick_wide,outswinger,edge_box,High Zonal,9,6,5,4,1,0,0,0,0,0,0,1,0,0.1102,1
goal_kick,driven,six_yard,Deep Zonal,4,5,10,0,1,0,1,1,1,0,0,0,0,0.1693,1
play_restart,long,six_yard,Man-to-Man,6,3,7,4,0,0,0,0,0,0,1,0,0,0.1239,1
play_restart,short,near_post,High Zonal,8,4,3,1,0,0,1,0,0,0,1,0,1,0.0486,0
free_kick_wide,lofted,edge_box,Deep Zonal,8,2,10,1,1,0,1,1,0,0,0,0,1,0.1134,1
corner,inswinger,six_yard,Hybrid,9,5,5,1,1,0,0,0,1,0,0,1,0,0.1495,1
throw_in,lofted,central,Hybrid,6,2,7,0,0,1,0,1,1,0,0,0,0,0.1374,0
throw_in,inswinger,near_post,Hybrid,11,3,8,3,0,1,1,1,0,0,1,0,1,0.1132,1
throw_in,outswinger,near_post,Hybrid,3,6,7,3,1,0,0,1,0,0,0,0,0,0.127,1
free_kick_wide,short,edge_box,Hybrid,9,1,6,1,0,0,1,1,0,0,1,0,0,0.0803,0
corner,outswinger,edge_box,High Zonal,4,3,8,0,1,0,0,0,1,0,1,0,0,0.1501,1
corner,long,six_yard,High Zonal,8,3,9,4,1,0,0,1,1,0,0,0,1,0.1722,1
corner,driven,central,Deep Zonal,3,7,2,3,0,0,0,0,0,1,0,0,0,0.1087,1
corner,driven,penalty_spot,Hybrid,5,6,6,1,0,0,0,1,1,0,0,0,1,0.1676,0
play_restart,inswinger,near_post,Hybrid,6,3,7,3,1,0,0,1,1,0,1,1,0,0.0957,1
corner,inswinger,wide_channel,Deep Zonal,3,5,10,1,0,0,1,1,1,0,0,1,0,0.1569,1
throw_in,inswinger,penalty_spot,High Zonal,5,2,6,3,1,0,1,0,0,1,1,0,1,0.1577,0
play_restart,straight,edge_box,Man-to-Man,8,6,2,2,0,0,1,0,1,1,1,0,0,0.11,1
free_kick_wide,inswinger,central,Deep Zonal,4,3,8,0,0,1,0,1,1,0,0,0,1,0.1898,0
free_kick_central,outswinger,near_post,High Zonal,8,7,9,3,0,1,0,1,0,1,0,0,0,0.2006,1
throw_in,driven,near_post,High Zonal,7,7,9,0,0,0,0,1,1,0,1,0,0,0.1061,1
free_kick_wide,lofted,six_yard,High Zonal,10,2,3,4,1,1,0,1,1,1,0,1,1,0.156,1
free_kick_central,driven,near_post,Deep Zonal,8,3,2,0,0,1,0,0,0,0,0,0,0,0.1082,1
goal_kick,inswinger,six_yard,Man-to-Man,7,7,1,4,0,0,1,1,1,0,0,0,0,0.1281,1
goal_kick,short,central,High Zonal,10,1,5,1,0,0,0,1,1,1,0,0,1,0.0814,0
goal_kick,inswinger,penalty_spot,Deep Zonal,4,5,2,2,1,0,0,1,0,0,0,1,0,0.1063,1
play_restart,straight,central,Hybrid,8,4,8,4,0,0,1,1,0,0,1,1,1,0.1409,1
free_kick_wide,straight,near_post,Hybrid,5,4,6,4,0,0,0,1,1,1,1,0,1,0.1407,1
goal_kick,lofted,penalty_spot,Hybrid,7,5,4,2,1,0,0,0,1,0,1,0,1,0.1459,1
throw_in,short,central,Deep Zonal,7,4,3,1,0,0,1,0,0,0,1,1,0,0.0476,1
throw_in,outswinger,far_post,High Zonal,8,3,5,3,0,0,0,1,1,0,0,0,0,0.1136,1
throw_in,short,penalty_spot,Hybrid,5,4,2,4,0,0,0,0,1,0,0,1,0,0.0989,1
goal_kick,lofted,central,Deep Zonal,8,7,5,1,0,1,0,0,0,1,1,0,0,0.0925,1
kick_off,inswinger,penalty_spot,Deep Zonal,4,1,7,1,0,0,0,1,0,0,0,1,1,0.1142,0
free_kick_wide,driven,edge_box,Deep Zonal,4,2,5,4,0,1,1,0,1,0,0,0,1,0.1139,1
throw_in,outswinger,near_post,High Zonal,3,1,5,1,0,0,1,0,0,0,0,1,0,0.0935,1
corner,inswinger,central,Man-to-Man,7,5,9,2,1,0,0,0,0,0,0,0,0,0.1859,0
throw_in,driven,near_post,High Zonal,6,3,4,1,0,0,1,1,1,0,0,0,0,0.104,0
goal_kick,inswinger,near_post,High Zonal,10,1,2,2,1,0,0,1,0,0,0,0,0,0.0637,0
goal_kick,long,near_post,Hybrid,6,2,6,2,0,0,0,1,0,0,0,1,0,0.0641,0
free_kick_wide,inswinger,penalty_spot,Man-to-Man,8,2,2,2,0,0,0,0,0,0,0,0,0,0.1143,0
free_kick_central,short,near_post,Hybrid,11,1,9,2,0,0,0,0,0,0,1,0,0,0.0829,0
free_kick_wide,short,six_yard,Man-to-Man,8,6,2,1,1,0,0,0,1,1,0,0,0,0.1228,0
corner,driven,edge_box,High Zonal,10,1,8,0,0,0,1,0,1,1,1,0,0,0.1405,1
corner,driven,near_post,Deep Zonal,7,7,5,3,0,0,0,1,0,1,0,0,0,0.1246,1
kick_off,long,penalty_spot,Deep Zonal,4,7,5,1,1,0,0,1,1,0,0,0,1,0.1821,1
free_kick_wide,straight,near_post,Deep Zonal,7,7,9,0,0,1,1,1,0,1,1,0,0,0.1757,1
play_restart,inswinger,near_post,Deep Zonal,9,2,9,2,1,1,1,1,1,0,0,0,0,0.0989,0
corner,short,wide_channel,Deep Zonal,4,2,2,4,0,0,1,1,1,0,1,0,1,0.0833,1
throw_in,straight,far_post,Man-to-Man,7,7,9,3,1,0,1,1,0,0,0,0,0,0.1395,1
penalty,inswinger,near_post,Hybrid,7,5,4,2,0,0,0,1,0,1,1,0,1,0.7744,0
throw_in,lofted,six_yard,Man-to-Man,11,4,4,4,0,0,0,1,0,1,0,0,1,0.1051,1
throw_in,outswinger,wide_channel,Hybrid,11,7,9,3,0,0,0,0,1,0,1,0,0,0.0952,1
throw_in,inswinger,penalty_spot,Hybrid,8,2,2,4,1,1,0,1,0,0,1,1,0,0.1106,1
kick_off,lofted,edge_box,Man-to-Man,4,3,5,4,0,0,0,0,0,0,1,0,1,0.0671,1
penalty,short,edge_box,Deep Zonal,4,2,2,2,0,0,0,0,0,1,0,0,0,0.7559,1
corner,long,edge_box,Man-to-Man,8,6,6,0,0,0,0,0,0,0,1,1,0,0.083,1
corner,inswinger,far_post,High Zonal,4,2,7,2,0,0,1,0,1,0,0,0,0,0.1387,0
throw_in,straight,six_yard,Hybrid,9,1,6,4,0,0,0,1,0,1,0,1,1,0.1287,1
free_kick_central,short,far_post,High Zonal,11,3,10,3,0,0,1,1,1,0,0,1,0,0.1572,1
penalty,outswinger,central,High Zonal,4,4,8,1,1,1,1,1,0,0,0,0,1,0.7638,1
throw_in,long,near_post,Hybrid,11,2,1,4,0,0,1,1,1,0,0,0,1,0.0481,1
free_kick_wide,outswinger,central,High Zonal,3,7,3,4,1,0,0,1,0,0,1,0,0,0.1523,0
goal_kick,outswinger,near_post,Man-to-Man,7,6,5,3,1,0,0,0,1,0,0,1,0,0.1293,1
throw_in,inswinger,near_post,Man-to-Man,6,7,5,0,0,0,0,1,1,0,1,0,0,0.1194,1
throw_in,outswinger,far_post,High Zonal,8,3,2,3,1,1,1,1,1,0,0,0,1,0.1283,1
throw_in,outswinger,wide_channel,Deep Zonal,7,3,6,4,0,0,0,1,0,1,0,0,0,0.0438,1
kick_off,long,near_post,Hybrid,7,4,6,2,0,0,1,0,0,0,1,1,1,0.0815,1
throw_in,short,central,Man-to-Man,4,7,5,3,0,1,0,1,1,0,0,0,0,0.1933,1
play_restart,inswinger,six_yard,Man-to-Man,9,4,9,4,0,0,0,1,0,1,0,0,1,0.1959,0
corner,short,far_post,Man-to-Man,11,3,4,3,0,0,1,0,0,0,0,0,0,0.0743,1
throw_in,outswinger,edge_box,Deep Zonal,7,5,8,3,0,0,1,1,1,1,0,1,0,0.0918,1
throw_in,straight,penalty_spot,Man-to-Man,10,1,7,2,0,0,0,1,1,0,0,0,1,0.1239,1
free_kick_central,driven,penalty_spot,High Zonal,4,7,10,0,1,0,0,1,1,0,0,0,0,0.2751,1
corner,long,near_post,High Zonal,9,5,7,1,1,0,0,1,1,0,1,0,0,0.1362,1
penalty,long,central,Hybrid,5,4,5,2,1,1,1,1,1,1,0,1,0,0.7379,1
free_kick_wide,outswinger,penalty_spot,High Zonal,9,1,1,3,0,1,0,0,0,0,1,0,0,0.1097,1
kick_off,inswinger,near_post,Man-to-Man,8,3,7,1,1,0,0,0,1,1,1,0,0,0.0892,1
free_kick_wide,long,central,High Zonal,3,5,6,1,1,0,0,0,1,0,1,1,1,0.1639,1
corner,short,far_post,Deep Zonal,6,7,9,1,1,0,0,1,1,0,0,0,0,0.13,1
penalty,short,edge_box,Hybrid,6,4,6,1,1,1,0,1,1,1,0,0,0,0.7457,1
free_kick_wide,lofted,far_post,Deep Zonal,10,7,7,3,0,0,0,0,1,0,1,0,0,0.1081,1
corner,outswinger,edge_box,Hybrid,3,4,10,0,1,0,0,1,0,0,0,0,0,0.1576,1
penalty,driven,edge_box,Deep Zonal,11,6,10,3,0,1,1,1,0,1,1,1,0,0.7392,0
free_kick_central,short,near_post,Man-to-Man,3,1,3,0,0,1,1,1,0,1,1,1,0,0.1923,0
corner,outswinger,wide_channel,Man-to-Man,5,6,3,4,0,0,1,1,0,0,1,0,0,0.1264,1
throw_in,inswinger,six_yard,Man-to-Man,4,2,8,3,0,1,1,0,0,0,0,0,1,0.1727,0
penalty,short,central,Deep Zonal,11,3,2,4,1,0,0,0,0,0,0,0,0,0.7994,1
goal_kick,outswinger,far_post,Hybrid,8,3,9,1,0,1,0,1,0,0,1,0,1,0.1146,1
free_kick_wide,long,central,Deep Zonal,9,4,2,2,1,0,0,0,0,1,0,0,0,0.1243,1
corner,long,wide_channel,Hybrid,9,5,4,2,0,0,1,0,0,0,0,0,0,0.0294,0
play_restart,straight,far_post,Deep Zonal,8,3,9,0,0,1,0,1,1,0,0,1,1,0.1328,1
penalty,short,far_post,Hybrid,5,1,2,3,0,0,1,1,1,0,0,1,0,0.8002,1
corner,short,wide_channel,Hybrid,4,5,1,0,1,1,1,1,0,0,0,0,0,0.115,1
goal_kick,straight,penalty_spot,Hybrid,6,3,8,4,0,0,1,0,0,0,0,0,0,0.1295,1
corner,driven,near_post,Deep Zonal,6,6,9,4,0,0,0,1,0,0,1,0,1,0.0924,1
goal_kick,inswinger,penalty_spot,Deep Zonal,6,5,8,1,0,0,1,0,0,0,0,0,0,0.1396,1
throw_in,lofted,edge_box,Deep Zonal,11,3,5,1,0,1,1,0,0,1,1,0,0,0.039,0
play_restart,inswinger,central,Deep Zonal,4,1,8,0,0,0,0,1,1,0,0,1,1,0.1553,1
play_restart,outswinger,far_post,Deep Zonal,8,4,7,1,1,0,1,0,0,0,0,0,0,0.1256,1
corner,long,penalty_spot,Deep Zonal,4,6,4,1,1,0,1,0,0,0,1,0,1,0.1916,1
goal_kick,inswinger,far_post,Man-to-Man,8,6,8,3,0,0,1,0,1,0,0,0,1,0.1565,1
free_kick_wide,outswinger,wide_channel,Hybrid,9,3,2,3,0,0,1,1,0,0,0,1,0,0.0685,1
throw_in,inswinger,far_post,Hybrid,3,2,5,0,1,0,1,0,1,0,0,0,0,0.1431,1
throw_in,long,penalty_spot,Man-to-Man,7,1,9,0,0,0,0,0,0,0,0,1,1,0.1187,0
corner,short,edge_box,Hybrid,5,5,2,3,0,0,0,1,1,0,1,0,0,0.114,1
corner,inswinger,near_post,Hybrid,7,2,5,2,0,0,0,1,0,1,1,0,0,0.1184,0
corner,straight,near_post,Deep Zonal,7,6,7,4,0,0,0,0,0,1,0,0,1,0.0637,1
corner,outswinger,wide_channel,Deep Zonal,7,5,6,3,0,0,0,0,0,0,1,0,0,0.0809,1
corner,lofted,edge_box,Deep Zonal,8,1,10,3,0,1,0,1,1,0,0,0,1,0.0849,1
kick_off,inswinger,far_post,High Zonal,4,5,7,4,0,1,0,0,0,0,0,1,1,0.1662,1
free_kick_central,short,near_post,Deep Zonal,10,2,1,2,0,0,0,1,0,1,0,1,0,0.1007,1
goal_kick,straight,near_post,Deep Zonal,10,7,10,3,0,0,0,0,1,0,0,0,0,0.0779,1
goal_kick,short,near_post,Hybrid,7,1,3,0,1,0,1,1,0,0,1,0,1,0.1076,1
throw_in,lofted,far_post,Deep Zonal,11,3,6,0,0,0,1,1,0,0,0,0,0,0.0617,0
free_kick_wide,outswinger,penalty_spot,Man-to-Man,5,1,9,1,0,1,0,1,0,1,0,0,0,0.1712,1
kick_off,long,near_post,Deep Zonal,4,5,7,1,0,0,0,1,0,0,0,0,1,0.0941,1
goal_kick,straight,penalty_spot,Deep Zonal,5,4,1,1,0,1,1,0,0,0,1,0,0,0.1383,1
goal_kick,long,wide_channel,High Zonal,10,4,4,3,0,0,0,0,0,0,0,0,0,0.0296,1
kick_off,straight,wide_channel,Man-to-Man,4,5,1,1,0,0,0,1,0,0,1,1,0,0.0234,1
throw_in,outswinger,six_yard,High Zonal,5,7,5,3,1,1,1,0,0,1,1,0,0,0.1872,1
free_kick_central,inswinger,far_post,High Zonal,4,3,9,0,0,1,1,0,1,0,1,1,1,0.221,1
kick_off,inswinger,penalty_spot,Man-to-Man,6,4,3,1,0,0,1,1,0,0,0,1,0,0.1369,0
free_kick_central,lofted,far_post,Man-to-Man,5,5,8,2,0,0,0,1,0,0,0,0,0,0.1094,0
goal_kick,driven,near_post,Deep Zonal,10,7,1,4,0,1,1,1,0,1,0,0,0,0.077,1
corner,outswinger,six_yard,Deep Zonal,9,2,3,1,1,0,0,1,0,1,0,1,0,0.1308,1
corner,short,edge_box,Hybrid,10,4,6,2,1,1,0,1,0,0,0,0,1,0.1364,1
free_kick_central,long,penalty_spot,Deep Zonal,6,6,10,2,0,0,0,1,0,0,0,1,0,0.1657,1
corner,straight,central,Deep Zonal,7,2,7,0,0,1,0,0,1,0,0,0,1,0.1194,0
play_restart,straight,near_post,High Zonal,10,3,8,1,1,0,0,0,1,0,0,0,0,0.076,1
corner,long,six_yard,Deep Zonal,9,4,8,1,0,0,1,1,0,1,1,0,0,0.1463,1
throw_in,outswinger,near_post,High Zonal,11,5,2,2,1,0,0,1,0,0,1,0,1,0.0959,1
corner,short,near_post,Deep Zonal,11,5,10,0,0,0,1,0,0,1,0,0,0,0.107,1
play_restart,outswinger,penalty_spot,High Zonal,3,1,5,3,0,0,0,1,1,0,0,1,0,0.1303,1
free_kick_wide,inswinger,edge_box,High Zonal,5,2,4,2,1,0,0,1,0,1,0,0,0,0.112,1
corner,long,near_post,Man-to-Man,9,6,9,0,0,0,0,1,1,0,1,0,0,0.1462,1
corner,long,central,Deep Zonal,3,5,5,1,0,0,1,0,1,0,0,1,0,0.1753,1
penalty,lofted,edge_box,Man-to-Man,3,4,7,2,1,0,1,1,1,0,0,0,0,0.8156,0
play_restart,inswinger,wide_channel,Man-to-Man,4,3,4,1,0,0,0,0,0,0,0,0,0,0.0781,1
play_restart,long,far_post,Man-to-Man,3,7,6,3,0,0,1,1,0,0,1,0,0,0.1123,1
free_kick_wide,lofted,edge_box,Deep Zonal,8,7,2,3,0,0,0,1,0,0,1,0,0,0.0533,1
free_kick_central,short,central,Deep Zonal,5,3,5,3,0,0,0,0,0,1,0,0,0,0.1429,1
corner,lofted,edge_box,Deep Zonal,11,3,5,3,0,0,1,1,0,0,1,1,0,0.061,1
free_kick_central,lofted,penalty_spot,Hybrid,3,7,3,4,1,1,0,0,0,1,0,0,0,0.2172,1
throw_in,driven,six_yard,Deep Zonal,7,3,10,2,1,1,0,1,1,0,0,0,0,0.1787,1
corner,lofted,edge_box,Hybrid,8,3,7,3,1,1,0,0,0,1,1,0,0,0.1276,1
throw_in,short,central,Hybrid,6,7,9,1,0,0,0,0,0,0,0,0,0,0.0993,1
kick_off,straight,near_post,Man-to-Man,9,1,2,3,0,1,0,1,0,1,1,1,0,0.0948,1
corner,lofted,six_yard,Hybrid,10,5,5,2,0,0,0,1,0,0,0,0,0,0.1343,1
corner,driven,near_post,Man-to-Man,8,5,9,4,0,0,1,1,1,0,0,0,0,0.1853,1
corner,inswinger,edge_box,Hybrid,8,3,2,0,0,1,0,0,0,0,0,0,0,0.0763,1
corner,outswinger,far_post,Hybrid,8,2,3,4,0,0,0,0,1,0,0,1,1,0.0869,1
corner,outswinger,near_post,Man-to-Man,11,7,10,1,1,0,1,0,0,0,1,0,0,0.1266,0
throw_in,driven,edge_box,Man-to-Man,10,6,2,4,0,0,0,0,1,1,1,0,0,0.0934,0
corner,outswinger,far_post,Hybrid,3,7,5,1,0,0,0,0,0,1,0,0,0,0.1453,1
throw_in,outswinger,six_yard,High Zonal,9,3,1,3,1,1,1,1,0,1,0,0,0,0.1417,1
kick_off,short,central,Hybrid,4,7,4,1,1,0,0,1,0,1,1,1,0,0.1627,1
play_restart,inswinger,near_post,Man-to-Man,10,6,9,4,0,0,0,1,0,0,1,1,0,0.1249,1
throw_in,lofted,near_post,High Zonal,5,2,4,3,0,0,1,1,0,0,1,1,0,0.0836,1
corner,straight,central,High Zonal,9,4,5,1,1,1,0,1,0,0,0,0,0,0.1519,0
corner,inswinger,edge_box,Hybrid,9,3,10,0,0,0,1,0,0,0,0,0,1,0.1056,0
corner,outswinger,central,Hybrid,6,4,4,4,0,0,0,0,0,0,0,0,0,0.1218,1
play_restart,driven,near_post,Man-to-Man,11,2,7,4,0,0,1,0,0,0,0,1,0,0.1375,1
play_restart,short,wide_channel,Man-to-Man,7,6,6,0,0,0,1,0,0,0,0,0,0,0.0991,1
free_kick_wide,straight,near_post,Hybrid,6,4,8,1,0,1,0,1,0,0,0,0,0,0.1615,1
free_kick_wide,outswinger,central,Hybrid,7,5,6,1,0,0,1,1,1,0,0,0,0,0.1313,0
free_kick_central,lofted,six_yard,Hybrid,5,5,9,1,1,0,0,0,0,0,0,0,0,0.2164,0
corner,driven,edge_box,High Zonal,3,5,9,0,1,0,0,1,0,0,0,1,0,0.1705,1
play_restart,long,central,Hybrid,11,6,10,3,0,0,0,1,0,1,0,1,0,0.1504,0
corner,straight,wide_channel,Man-to-Man,10,5,4,3,0,0,1,1,0,1,0,0,0,0.0589,1
free_kick_wide,lofted,far_post,Hybrid,10,4,2,3,0,1,0,1,0,1,0,0,0,0.0891,0
free_kick_wide,long,near_post,Man-to-Man,11,5,2,2,0,1,1,1,0,0,1,0,0,0.1322,0
corner,straight,near_post,Man-to-Man,8,5,8,4,0,1,0,0,0,0,0,0,0,0.099,1
free_kick_wide,lofted,wide_channel,Hybrid,11,6,9,3,0,0,0,1,1,1,0,0,0,0.1384,0
goal_kick,driven,central,High Zonal,11,4,3,0,1,1,0,1,1,1,0,1,1,0.1603,0
corner,long,six_yard,Hybrid,5,3,5,2,0,0,0,1,0,0,1,0,0,0.1276,1
throw_in,long,near_post,Deep Zonal,6,2,1,0,0,0,0,1,0,0,0,1,0,0.033,0
free_kick_wide,straight,near_post,High Zonal,3,2,6,2,0,1,0,0,0,0,1,0,1,0.1256,1
corner,short,six_yard,Man-to-Man,9,5,8,1,0,1,0,0,1,0,1,1,0,0.1371,1
corner,inswinger,wide_channel,Hybrid,3,6,2,4,1,0,1,1,1,0,0,0,0,0.1322,1
corner,short,near_post,High Zonal,9,3,10,4,0,0,0,1,1,0,0,0,1,0.1372,1
corner,straight,near_post,Hybrid,10,4,9,2,0,0,0,1,0,1,1,0,0,0.1023,1
free_kick_wide,outswinger,edge_box,Deep Zonal,6,3,10,3,0,0,1,0,1,0,1,0,0,0.1329,1
goal_kick,lofted,far_post,Hybrid,8,7,10,3,0,1,0,0,0,0,0,0,1,0.0856,1
throw_in,inswinger,far_post,High Zonal,11,7,1,2,0,0,0,0,1,0,1,0,0,0.034,1
play_restart,driven,central,Man-to-Man,9,7,5,4,1,0,0,1,1,0,0,0,0,0.1716,1
free_kick_wide,outswinger,wide_channel,Man-to-Man,6,7,5,3,1,0,1,1,0,0,0,0,0,0.1243,1
throw_in,inswinger,near_post,Hybrid,11,7,1,1,0,0,0,1,0,0,1,0,0,0.0639,1
throw_in,inswinger,central,Deep Zonal,3,4,10,1,0,0,0,0,0,0,1,0,0,0.1083,0
corner,straight,central,High Zonal,5,4,1,2,0,0,0,0,1,0,0,0,1,0.1309,0
free_kick_wide,straight,near_post,High Zonal,5,3,7,4,0,0,0,0,0,1,0,0,1,0.1621,1
free_kick_central,outswinger,penalty_spot,Deep Zonal,6,6,4,0,0,0,0,1,0,0,0,1,1,0.1586,1
goal_kick,long,central,Hybrid,9,3,6,2,0,0,1,0,0,0,1,0,0,0.0476,1
free_kick_central,straight,penalty_spot,High Zonal,10,3,5,2,1,0,1,0,1,1,1,1,0,0.1662,1
corner,inswinger,central,Hybrid,3,7,3,4,0,0,0,1,0,0,0,0,0,0.152,1
play_restart,outswinger,near_post,Man-to-Man,5,1,5,3,1,0,0,0,0,0,0,0,0,0.0694,1
corner,inswinger,six_yard,Man-to-Man,10,1,8,1,1,1,0,1,1,0,1,1,0,0.1651,0
play_restart,inswinger,far_post,Hybrid,7,6,6,0,0,1,0,1,0,0,0,1,0,0.0796,0
goal_kick,outswinger,central,Hybrid,5,5,3,0,0,0,0,1,1,1,0,1,0,0.1317,1
goal_kick,long,near_post,Man-to-Man,6,6,3,0,1,0,0,1,0,0,0,0,0,0.1141,0
goal_kick,long,penalty_spot,Hybrid,8,4,7,2,0,0,1,1,1,0,0,0,0,0.1063,1
corner,driven,edge_box,Deep Zonal,8,1,3,3,0,0,0,0,0,1,0,0,0,0.0397,0
throw_in,long,edge_box,Hybrid,10,3,6,3,0,0,1,1,0,0,1,0,1,0.0694,1
goal_kick,short,edge_box,Hybrid,11,7,10,3,0,0,1,0,1,1,0,1,0,0.0998,1
goal_kick,outswinger,near_post,Hybrid,10,5,6,2,1,0,0,1,1,0,1,0,0,0.0959,1
corner,inswinger,wide_channel,Man-to-Man,3,7,3,2,0,1,0,1,0,0,0,0,1,0.148,1
corner,short,central,Man-to-Man,6,1,7,4,0,0,1,0,1,0,0,0,0,0.1241,0
free_kick_wide,outswinger,central,Deep Zonal,7,3,10,1,0,1,0,0,0,0,0,0,0,0.1539,1
free_kick_central,outswinger,far_post,Hybrid,8,5,7,2,0,0,1,1,1,0,0,1,0,0.1727,1
penalty,lofted,near_post,Man-to-Man,11,1,6,1,1,0,0,1,0,0,0,1,0,0.7059,0
goal_kick,inswinger,far_post,High Zonal,7,4,7,1,0,0,1,1,0,0,0,0,0,0.0931,0
goal_kick,inswinger,central,Man-to-Man,6,7,1,0,1,0,0,1,0,0,0,0,0,0.1399,1
throw_in,lofted,edge_box,High Zonal,11,2,1,3,0,0,0,1,1,1,0,0,1,0.0676,1
corner,outswinger,edge_box,Man-to-Man,9,1,6,2,1,0,1,1,1,1,1,1,0,0.1136,1
free_kick_central,straight,penalty_spot,Man-to-Man,7,5,5,1,1,0,0,1,1,0,0,0,0,0.199,1
free_kick_wide,inswinger,far_post,Hybrid,11,2,10,3,1,0,1,1,1,0,0,1,0,0.1373,1
corner,straight,central,High Zonal,5,2,5,0,1,0,1,1,0,0,0,0,0,0.1118,0
corner,lofted,six_yard,Deep Zonal,5,4,9,4,1,0,0,1,1,0,0,1,0,0.2025,1
free_kick_wide,long,far_post,Deep Zonal,3,5,7,0,1,1,1,1,0,0,1,0,0,0.1547,1
corner,straight,far_post,Deep Zonal,3,6,4,2,0,0,1,1,0,0,1,1,0,0.1064,1
penalty,outswinger,near_post,Hybrid,10,1,9,1,0,0,0,1,0,0,1,0,0,0.7754,0
corner,straight,central,Man-to-Man,3,6,1,0,1,0,1,0,1,0,0,0,1,0.1673,1
corner,short,central,Deep Zonal,9,5,7,0,0,1,0,1,1,0,1,0,1,0.1668,1
corner,outswinger,edge_box,Hybrid,3,5,5,1,0,0,0,0,1,0,0,0,0,0.1329,1
throw_in,inswinger,six_yard,Man-to-Man,5,2,8,3,0,1,0,0,1,1,0,1,1,0.1819,1
penalty,long,wide_channel,Deep Zonal,6,6,1,3,0,0,1,0,1,1,0,1,0,0.8315,1
free_kick_wide,driven,far_post,Man-to-Man,4,1,3,4,0,0,0,1,0,0,1,1,0,0.1149,1
corner,lofted,far_post,Hybrid,4,5,3,3,1,0,0,0,0,0,1,0,1,0.0828,1
play_restart,driven,edge_box,Deep Zonal,11,1,6,2,0,1,1,0,0,0,0,0,1,0.0622,0
throw_in,short,central,Man-to-Man,6,5,10,3,1,0,1,1,1,0,0,0,0,0.1552,0
throw_in,driven,penalty_spot,High Zonal,6,4,10,4,0,0,0,0,0,0,0,0,0,0.1203,1
free_kick_central,lofted,edge_box,High Zonal,9,2,7,2,1,1,1,0,0,0,1,0,0,0.158,1
goal_kick,inswinger,central,High Zonal,11,2,2,2,1,0,0,0,0,1,0,0,0,0.123,1
kick_off,straight,central,Deep Zonal,5,4,8,0,1,0,1,0,1,0,1,0,0,0.111,1
free_kick_wide,outswinger,central,Man-to-Man,7,3,9,0,0,0,0,0,1,0,1,1,1,0.1698,1
throw_in,lofted,penalty_spot,High Zonal,7,4,6,4,1,0,0,1,1,1,0,0,0,0.1572,1
corner,lofted,central,Hybrid,5,4,1,4,0,0,0,0,1,0,0,1,0,0.1584,1
throw_in,driven,central,High Zonal,4,1,2,1,0,0,0,0,1,1,0,0,1,0.1097,0
free_kick_wide,outswinger,near_post,Man-to-Man,11,4,9,4,0,0,0,1,1,1,1,0,1,0.1797,0
corner,lofted,six_yard,High Zonal,9,3,2,0,1,1,1,1,0,0,0,0,0,0.1142,0
play_restart,inswinger,six_yard,High Zonal,9,3,4,4,1,0,1,1,0,0,0,0,0,0.1152,1
kick_off,inswinger,wide_channel,Man-to-Man,5,2,8,2,1,0,0,0,1,1,0,0,0,0.1205,1
corner,short,six_yard,Man-to-Man,8,2,2,2,0,0,1,0,1,1,1,0,0,0.0794,1
play_restart,driven,near_post,Man-to-Man,4,1,5,3,0,1,1,1,0,0,0,1,0,0.1289,1
free_kick_wide,driven,near_post,Hybrid,4,5,7,1,0,1,0,1,0,0,0,0,1,0.1357,1
free_kick_central,outswinger,far_post,Man-to-Man,11,4,5,2,0,0,0,0,1,0,1,0,0,0.0939,1
goal_kick,straight,far_post,Hybrid,5,6,9,1,1,0,0,1,0,0,0,0,0,0.1468,1
free_kick_wide,straight,edge_box,Deep Zonal,9,2,2,3,0,0,0,0,0,1,0,0,0,0.0665,1
free_kick_central,inswinger,central,Deep Zonal,5,3,6,2,0,0,0,1,1,0,0,0,0,0.1713,0
throw_in,driven,wide_channel,Deep Zonal,8,2,4,2,0,0,0,0,1,0,1,1,0,0.0653,1
corner,outswinger,central,Deep Zonal,8,7,6,3,0,0,1,0,0,0,1,1,1,0.1492,1
free_kick_wide,inswinger,penalty_spot,Hybrid,9,6,2,4,0,0,1,0,1,0,1,0,0,0.1638,1
free_kick_wide,straight,six_yard,Man-to-Man,11,2,7,4,0,1,0,1,0,0,0,0,0,0.1452,0
throw_in,long,far_post,Hybrid,6,6,3,3,0,0,1,1,1,1,0,0,1,0.109,1
corner,driven,edge_box,Deep Zonal,10,7,9,0,1,0,0,0,0,0,1,0,0,0.0861,1
corner,outswinger,edge_box,Hybrid,5,5,9,3,1,1,1,0,0,0,1,1,0,0.1533,1
throw_in,inswinger,edge_box,High Zonal,11,7,4,3,0,0,0,1,0,1,0,0,0,0.0472,0
corner,lofted,six_yard,Deep Zonal,7,2,8,0,0,1,0,1,0,0,1,0,0,0.1388,0
free_kick_wide,short,far_post,High Zonal,10,3,6,0,0,0,1,0,1,0,1,0,0,0.1228,1
throw_in,straight,central,Hybrid,10,5,9,2,1,0,0,1,1,0,1,0,1,0.1214,1
goal_kick,inswinger,six_yard,Deep Zonal,8,4,10,1,0,0,0,1,0,0,0,1,0,0.1136,1
corner,lofted,penalty_spot,Hybrid,11,5,9,3,1,0,0,1,1,0,0,1,1,0.1291,1
goal_kick,long,penalty_spot,Deep Zonal,9,7,3,3,0,0,0,0,0,0,0,0,0,0.0747,1
throw_in,outswinger,far_post,High Zonal,8,2,6,1,1,0,0,1,0,0,0,0,1,0.154,1
free_kick_wide,inswinger,central,Deep Zonal,5,7,1,0,1,0,1,1,0,1,0,1,0,0.1755,1
goal_kick,inswinger,far_post,Deep Zonal,6,1,4,1,0,0,0,0,0,0,1,0,0,0.0612,0
throw_in,outswinger,wide_channel,Man-to-Man,3,4,4,4,0,1,1,1,1,0,1,0,0,0.1157,1
throw_in,inswinger,central,Deep Zonal,9,4,5,4,0,0,0,0,0,0,0,0,1,0.0985,1
penalty,outswinger,central,Man-to-Man,8,6,9,2,0,0,0,1,0,0,1,0,0,0.8162,1
throw_in,inswinger,near_post,Man-to-Man,9,3,1,4,0,0,0,1,0,1,0,1,0,0.0902,1
play_restart,straight,far_post,High Zonal,8,6,5,2,1,1,1,1,1,0,0,1,0,0.1132,1
penalty,straight,central,Man-to-Man,5,2,9,4,0,0,0,0,0,0,0,0,0,0.7538,1
goal_kick,straight,edge_box,Man-to-Man,11,7,3,0,1,0,0,0,0,0,0,0,1,0.0759,0
goal_kick,driven,near_post,Deep Zonal,6,2,9,2,0,0,0,0,0,0,1,0,1,0.0903,1
goal_kick,outswinger,central,Hybrid,9,5,1,0,0,0,0,1,1,0,0,1,0,0.0814,1
play_restart,driven,near_post,High Zonal,4,4,6,0,1,0,0,1,1,0,1,0,0,0.1446,1
corner,lofted,near_post,Hybrid,8,1,10,0,0,1,0,1,0,1,0,1,0,0.1658,0
corner,lofted,six_yard,Deep Zonal,6,4,4,0,0,0,0,1,0,1,0,0,0,0.109,0
throw_in,inswinger,wide_channel,Deep Zonal,11,7,7,4,0,1,1,1,0,0,1,1,0,0.1092,1
free_kick_central,outswinger,edge_box,Man-to-Man,9,4,2,3,0,0,0,0,0,0,0,1,0,0.1023,1
penalty,short,six_yard,Man-to-Man,11,5,5,2,0,0,0,0,1,0,0,0,0,0.7563,0
goal_kick,inswinger,near_post,Man-to-Man,5,7,1,4,0,0,0,1,0,0,0,0,0,0.0835,1
play_restart,inswinger,six_yard,Man-to-Man,8,3,2,2,0,0,1,1,0,0,1,0,0,0.1049,0
free_kick_wide,inswinger,far_post,Deep Zonal,8,1,4,2,1,1,0,1,0,0,0,1,0,0.1361,1
throw_in,short,edge_box,Hybrid,5,5,10,2,0,0,0,1,0,0,0,0,0,0.0817,1
corner,driven,penalty_spot,Man-to-Man,5,6,10,2,0,0,1,1,0,1,0,0,0,0.2164,1
free_kick_central,outswinger,central,High Zonal,9,1,1,2,0,0,0,1,1,0,0,0,1,0.1532,1
corner,lofted,central,Hybrid,4,3,1,4,1,0,1,0,1,0,0,0,0,0.1448,0
free_kick_central,driven,near_post,Hybrid,6,3,7,4,0,0,0,1,1,1,0,1,0,0.1362,1
penalty,inswinger,far_post,High Zonal,9,6,10,0,1,0,1,1,0,0,0,0,0,0.8047,0
throw_in,straight,far_post,Hybrid,10,7,6,3,0,0,0,1,0,1,0,0,1,0.0804,0
throw_in,inswinger,wide_channel,Man-to-Man,8,6,6,0,0,1,1,1,0,1,0,1,0,0.1011,1
free_kick_wide,lofted,near_post,Hybrid,9,3,7,3,1,0,0,1,0,0,0,1,0,0.1537,1
corner,long,penalty_spot,Deep Zonal,10,5,5,4,0,0,0,1,0,0,0,0,0,0.1288,1
corner,long,far_post,High Zonal,5,2,8,3,0,1,0,1,0,0,1,0,0,0.1034,1
play_restart,long,near_post,High Zonal,9,5,2,2,0,0,1,0,1,1,0,0,0,0.0412,1
play_restart,outswinger,central,High Zonal,9,7,1,4,0,0,0,0,1,0,0,0,0,0.0923,1
free_kick_wide,lofted,far_post,Hybrid,10,5,1,3,1,0,0,1,0,0,1,0,1,0.13,0
corner,lofted,far_post,Deep Zonal,8,6,3,3,1,0,1,0,1,0,0,0,0,0.0893,1
free_kick_wide,long,central,Hybrid,4,6,6,4,0,0,0,1,0,0,0,1,0,0.1431,1
throw_in,straight,near_post,High Zonal,3,4,3,2,1,0,0,1,0,0,1,1,0,0.0916,1
free_kick_wide,inswinger,central,Deep Zonal,8,1,6,4,0,1,0,1,1,0,1,0,0,0.1471,1
corner,inswinger,six_yard,Hybrid,5,7,1,4,0,0,0,1,1,0,0,0,0,0.1489,1
free_kick_wide,inswinger,six_yard,Deep Zonal,6,3,5,2,0,0,0,0,0,0,0,0,0,0.1017,1
corner,short,central,Hybrid,7,7,2,3,1,1,0,0,0,1,0,0,0,0.1131,1
free_kick_wide,driven,penalty_spot,High Zonal,9,6,3,3,0,0,0,1,0,0,0,0,1,0.1503,1
corner,lofted,wide_channel,Hybrid,6,5,7,4,1,0,0,0,0,1,1,1,0,0.1287,1
throw_in,inswinger,near_post,Man-to-Man,8,4,1,3,1,0,0,1,1,1,0,1,1,0.1185,1
free_kick_central,outswinger,near_post,Hybrid,7,2,8,3,0,0,0,1,0,0,1,0,0,0.1463,1
corner,inswinger,near_post,High Zonal,3,1,3,4,1,0,0,1,1,1,0,1,0,0.1516,1
penalty,lofted,near_post,Hybrid,9,7,9,0,0,1,0,0,0,0,0,0,1,0.7603,1
free_kick_central,driven,six_yard,Deep Zonal,7,7,8,0,1,0,0,1,1,0,0,1,1,0.2433,1
goal_kick,straight,six_yard,High Zonal,4,5,10,1,0,1,0,0,0,0,0,0,0,0.1562,1
play_restart,short,penalty_spot,High Zonal,9,7,7,3,0,0,1,1,0,0,0,0,0,0.1286,1
corner,short,central,High Zonal,3,2,5,2,1,0,1,0,0,0,0,1,1,0.1547,1
kick_off,outswinger,six_yard,Man-to-Man,5,4,2,4,0,0,1,1,1,1,0,0,1,0.1467,1
throw_in,inswinger,central,High Zonal,5,2,1,0,1,1,0,0,0,0,1,1,0,0.1264,1
throw_in,outswinger,near_post,Hybrid,8,4,8,1,0,0,0,1,0,0,0,1,0,0.0584,0
free_kick_wide,outswinger,near_post,High Zonal,11,7,7,0,1,0,0,1,0,1,0,1,0,0.1808,0
free_kick_wide,short,six_yard,High Zonal,10,3,2,3,0,1,1,1,0,0,0,0,0,0.1009,1
corner,outswinger,edge_box,Hybrid,4,3,1,1,0,0,0,1,1,0,0,0,0,0.1171,1
play_restart,long,penalty_spot,Hybrid,3,4,8,1,1,0,1,0,1,0,1,1,0,0.1471,1
throw_in,short,edge_box,Man-to-Man,10,4,1,3,0,1,1,0,0,0,0,0,0,0.0474,1
free_kick_wide,short,near_post,Hybrid,8,7,6,0,1,1,0,1,1,0,0,0,0,0.1534,0
penalty,lofted,far_post,Man-to-Man,6,3,4,4,1,1,0,1,1,1,1,1,0,0.7222,1
corner,outswinger,six_yard,High Zonal,10,2,8,0,1,0,1,1,0,0,0,0,1,0.1256,0
corner,short,wide_channel,Deep Zonal,4,3,1,1,1,0,1,0,0,1,1,0,0,0.0885,1
throw_in,inswinger,far_post,Hybrid,4,3,1,2,0,0,0,1,0,0,0,0,0,0.0641,1
free_kick_central,long,near_post,Man-to-Man,7,3,2,0,1,0,0,1,0,0,0,0,0,0.1463,0
goal_kick,short,wide_channel,Man-to-Man,5,7,8,0,1,0,0,1,0,1,0,1,0,0.1494,1
throw_in,outswinger,far_post,High Zonal,5,4,8,4,1,1,0,1,1,1,0,0,1,0.1668,1
throw_in,inswinger,central,Man-to-Man,8,3,8,2,1,0,0,1,1,0,1,0,0,0.1538,1
goal_kick,long,near_post,High Zonal,5,1,6,0,0,0,0,0,0,0,0,0,0,0.0393,1
corner,long,near_post,Man-to-Man,8,7,2,1,0,1,0,1,0,0,0,0,0,0.1242,1
throw_in,long,penalty_spot,High Zonal,8,2,3,1,1,0,0,0,0,0,1,1,1,0.0841,0
throw_in,straight,penalty_spot,Deep Zonal,10,3,2,0,1,0,0,0,0,0,1,0,1,0.0759,0
corner,short,central,Man-to-Man,11,5,2,2,0,0,0,1,0,0,0,0,0,0.0997,1
corner,short,near_post,High Zonal,8,1,8,1,0,0,0,1,0,1,0,0,0,0.0715,0
corner,outswinger,far_post,Man-to-Man,5,3,5,3,0,0,0,1,1,0,1,1,0,0.1117,1
corner,short,far_post,Deep Zonal,8,7,5,3,0,0,0,1,0,0,0,0,0,0.0932,1
free_kick_central,short,central,Man-to-Man,7,1,2,2,0,0,0,0,0,1,1,0,0,0.118,1
corner,driven,central,Man-to-Man,7,2,7,1,0,0,0,1,0,0,0,1,1,0.1445,1
throw_in,straight,six_yard,Hybrid,6,1,9,3,0,1,0,1,0,1,0,0,1,0.1735,0
corner,straight,wide_channel,Hybrid,3,5,1,3,1,0,1,0,0,0,0,1,0,0.0776,1
corner,lofted,central,High Zonal,5,1,10,1,0,0,0,1,1,1,0,1,0,0.1409,1
free_kick_wide,driven,edge_box,Deep Zonal,8,1,2,4,1,0,1,1,0,1,0,0,0,0.0972,1
corner,outswinger,six_yard,High Zonal,3,4,10,1,0,0,0,1,0,1,0,1,0,0.2281,1
play_restart,lofted,near_post,Deep Zonal,4,6,8,3,1,1,0,0,0,0,1,1,1,0.1532,1
free_kick_wide,inswinger,wide_channel,Man-to-Man,8,7,9,1,1,1,0,1,0,0,1,0,0,0.1579,1
corner,driven,far_post,High Zonal,11,2,2,3,0,1,1,0,1,0,0,0,1,0.114,0
corner,inswinger,penalty_spot,Deep Zonal,4,5,6,4,0,0,0,1,1,1,0,0,0,0.1631,1
free_kick_wide,straight,penalty_spot,Hybrid,3,6,1,3,1,0,0,1,0,0,0,0,0,0.1815,1
throw_in,lofted,central,High Zonal,6,6,5,1,1,0,0,1,1,1,0,0,0,0.1381,0
goal_kick,inswinger,edge_box,High Zonal,3,7,2,2,0,0,1,1,0,0,1,0,0,0.0952,1
free_kick_wide,driven,edge_box,Deep Zonal,11,1,1,1,1,0,1,1,1,0,0,1,1,0.1211,0
throw_in,straight,near_post,Hybrid,10,1,9,2,0,1,0,0,0,0,0,0,1,0.0858,1
free_kick_central,inswinger,penalty_spot,Man-to-Man,4,5,8,3,0,1,0,0,1,0,1,1,1,0.2604,1
goal_kick,lofted,wide_channel,High Zonal,3,3,4,0,0,0,1,0,1,1,0,0,0,0.066,0
penalty,short,six_yard,Man-to-Man,7,6,5,1,1,0,1,0,0,0,0,1,0,0.7593,0
corner,driven,penalty_spot,High Zonal,6,6,6,4,0,0,0,0,0,0,0,1,0,0.1545,1
throw_in,driven,central,Hybrid,9,4,7,4,1,1,0,0,1,0,1,1,0,0.1498,1
goal_kick,inswinger,central,High Zonal,11,7,6,4,0,0,1,0,1,0,1,0,1,0.1205,1
free_kick_central,outswinger,near_post,Man-to-Man,6,7,4,3,0,0,1,1,0,0,1,0,0,0.1398,1
play_restart,outswinger,six_yard,Deep Zonal,10,3,4,3,0,1,0,1,0,1,0,1,0,0.1162,1
kick_off,short,edge_box,Man-to-Man,5,1,10,2,1,1,0,1,0,0,0,0,1,0.1142,1
corner,inswinger,wide_channel,Deep Zonal,5,7,1,3,0,0,0,0,1,1,1,1,1,0.1256,1
goal_kick,straight,near_post,Man-to-Man,11,7,5,1,1,0,1,1,1,1,0,0,0,0.091,1
throw_in,driven,wide_channel,Hybrid,5,7,3,2,0,0,1,1,1,1,0,0,0,0.0857,1
free_kick_central,inswinger,wide_channel,Hybrid,4,1,3,2,1,1,0,1,1,1,0,0,0,0.1471,1
free_kick_central,long,edge_box,Man-to-Man,8,6,2,0,0,0,0,1,0,0,0,0,0,0.0698,1
goal_kick,straight,six_yard,Hybrid,8,7,1,1,0,0,0,0,0,0,1,0,1,0.0945,1
throw_in,inswinger,far_post,High Zonal,7,3,10,1,0,0,0,0,0,0,0,1,0,0.0875,1
free_kick_central,inswinger,central,Man-to-Man,3,6,9,3,0,1,1,1,0,1,0,0,0,0.2429,1
corner,inswinger,near_post,Man-to-Man,4,4,8,1,1,0,0,0,0,1,0,1,0,0.1657,1
free_kick_central,short,near_post,Deep Zonal,9,4,10,1,0,0,0,1,0,1,0,0,0,0.1032,1
kick_off,inswinger,near_post,Deep Zonal,4,6,9,3,1,0,1,1,0,0,1,0,0,0.1245,1
throw_in,driven,edge_box,Deep Zonal,5,5,2,2,0,0,0,1,0,0,0,1,0,0.0839,1
corner,driven,central,Man-to-Man,10,5,9,3,1,0,1,1,0,0,0,0,1,0.144,1
kick_off,inswinger,near_post,Man-to-Man,6,2,9,1,0,0,1,1,0,0,1,1,0,0.1014,1
goal_kick,driven,near_post,Hybrid,6,3,1,1,1,1,0,0,0,0,0,0,0,0.0925,0
penalty,lofted,edge_box,Man-to-Man,11,5,9,2,1,0,0,1,0,0,0,0,0,0.7556,0
corner,inswinger,wide_channel,Hybrid,10,4,8,1,1,1,0,0,0,0,0,0,0,0.1226,1
penalty,lofted,far_post,Hybrid,9,3,10,4,0,0,1,0,1,0,1,0,0,0.7684,0
corner,outswinger,edge_box,Man-to-Man,4,6,5,4,0,0,0,1,0,0,0,0,0,0.1532,1
free_kick_wide,long,wide_channel,High Zonal,5,3,8,4,1,0,0,1,1,1,1,0,0,0.116,1
throw_in,inswinger,edge_box,Deep Zonal,8,4,8,3,1,0,0,1,1,0,0,0,0,0.1174,1
kick_off,driven,edge_box,High Zonal,10,3,7,0,0,0,0,0,1,1,1,0,0,0.0778,0
free_kick_wide,driven,penalty_spot,Deep Zonal,7,4,10,4,0,0,0,1,0,0,0,0,0,0.168,1
kick_off,lofted,wide_channel,Hybrid,9,4,2,1,0,0,0,0,0,0,1,0,0,0.0536,1
kick_off,lofted,central,Deep Zonal,5,3,4,1,0,0,0,0,0,0,0,0,1,0.0634,1
corner,inswinger,edge_box,Hybrid,6,6,1,2,0,0,1,0,0,0,0,1,1,0.0992,1
corner,long,far_post,Deep Zonal,8,2,7,2,0,0,1,0,0,0,0,1,0,0.0796,1
throw_in,outswinger,near_post,Man-to-Man,8,6,1,4,0,0,0,0,1,0,1,1,0,0.1118,1
goal_kick,inswinger,edge_box,High Zonal,4,1,4,2,0,1,0,1,0,0,0,0,0,0.0577,1
free_kick_wide,inswinger,six_yard,Man-to-Man,6,2,8,2,0,1,0,1,0,1,1,1,0,0.2151,1
throw_in,lofted,six_yard,High Zonal,10,3,9,0,0,0,0,1,1,0,0,0,0,0.0744,1
throw_in,long,wide_channel,Deep Zonal,7,3,3,3,1,0,0,0,0,0,0,0,0,0.0401,0
throw_in,inswinger,edge_box,Hybrid,9,5,3,1,1,0,0,1,0,1,0,0,0,0.0639,0
throw_in,lofted,far_post,High Zonal,10,7,1,3,0,1,0,1,0,1,0,0,0,0.0873,1
corner,driven,wide_channel,Hybrid,5,6,4,2,1,0,0,1,1,0,0,0,0,0.1113,1
corner,outswinger,central,Hybrid,5,4,8,3,0,0,0,1,0,1,0,1,1,0.1699,1
corner,straight,near_post,High Zonal,8,1,9,3,1,0,0,1,0,1,0,0,0,0.1285,0
play_restart,long,far_post,Deep Zonal,7,7,5,2,0,0,0,0,1,0,1,0,1,0.11,1
kick_off,long,penalty_spot,Hybrid,11,3,2,2,1,1,0,0,0,1,0,0,1,0.0778,1
goal_kick,straight,edge_box,Deep Zonal,4,5,4,3,0,0,0,1,0,0,0,0,0,0.0585,1
corner,short,six_yard,Hybrid,6,6,5,0,1,0,0,1,1,0,0,0,1,0.1643,0
penalty,inswinger,near_post,Hybrid,3,5,7,4,0,0,0,1,0,0,0,0,0,0.7756,1
corner,short,six_yard,High Zonal,6,1,6,2,0,0,1,1,0,1,0,0,0,0.1356,1
free_kick_wide,outswinger,penalty_spot,Man-to-Man,8,2,9,4,1,0,0,0,1,0,0,0,0,0.1617,1
corner,outswinger,wide_channel,Hybrid,10,7,6,2,0,0,0,1,1,1,0,0,0,0.1323,0
goal_kick,outswinger,central,Man-to-Man,10,6,5,0,1,0,0,1,0,1,0,0,1,0.1483,0
corner,short,penalty_spot,Hybrid,3,5,2,3,0,0,1,1,1,0,0,0,0,0.1617,1
throw_in,straight,edge_box,Man-to-Man,10,4,10,2,0,1,1,0,0,0,0,1,0,0.1527,1
play_restart,straight,far_post,Man-to-Man,9,7,1,4,0,0,0,0,1,0,0,0,1,0.0783,0
throw_in,inswinger,near_post,High Zonal,4,6,4,4,1,1,0,1,1,1,0,0,1,0.1923,1
corner,lofted,near_post,Hybrid,4,6,5,1,0,0,0,1,0,0,0,0,0,0.1073,1
kick_off,outswinger,near_post,Hybrid,9,7,9,3,1,1,1,0,1,0,0,1,0,0.1449,1
throw_in,straight,far_post,Deep Zonal,9,7,5,2,0,0,1,1,0,0,1,0,0,0.0713,1
free_kick_central,inswinger,penalty_spot,High Zonal,4,7,5,2,0,0,0,1,0,0,1,1,1,0.2158,1
throw_in,long,penalty_spot,Man-to-Man,6,5,10,2,0,0,0,1,0,1,1,1,0,0.1763,1
kick_off,straight,edge_box,Hybrid,10,2,4,3,0,0,0,1,0,0,1,0,1,0.0322,1
free_kick_central,straight,near_post,Man-to-Man,3,2,8,3,0,1,0,1,0,1,1,0,0,0.1961,1
free_kick_central,driven,near_post,Hybrid,7,2,1,4,1,1,0,1,0,0,0,1,0,0.1375,0
free_kick_central,long,edge_box,Man-to-Man,10,6,6,4,1,0,1,1,0,0,1,1,1,0.1389,1
corner,short,edge_box,Deep Zonal,3,3,8,1,0,0,0,0,0,1,0,0,0,0.0832,1
goal_kick,straight,edge_box,Deep Zonal,7,2,3,2,0,0,0,0,1,1,0,0,0,0.0232,1
corner,lofted,edge_box,Hybrid,8,6,8,4,0,0,0,0,0,1,0,0,0,0.12,1
free_kick_wide,lofted,wide_channel,Man-to-Man,5,4,10,4,1,0,1,0,0,0,1,1,0,0.1481,1
free_kick_wide,long,wide_channel,Man-to-Man,7,2,1,2,0,0,0,1,1,1,1,1,0,0.083,1
corner,long,penalty_spot,Hybrid,9,3,2,0,1,1,0,1,1,1,0,0,1,0.167,0
free_kick_wide,driven,central,Hybrid,5,4,2,1,0,1,1,1,1,0,0,0,0,0.1699,1
throw_in,lofted,near_post,Hybrid,7,6,10,4,0,0,0,0,0,0,1,0,0,0.0734,1
free_kick_wide,inswinger,penalty_spot,Deep Zonal,7,1,3,3,1,0,0,1,1,0,0,1,0,0.1389,0
corner,lofted,far_post,High Zonal,3,6,10,3,0,0,1,0,0,1,1,1,0,0.1612,1
kick_off,long,near_post,Man-to-Man,4,1,4,3,1,0,0,1,1,0,0,0,0,0.115,0
play_restart,short,central,Deep Zonal,8,7,10,0,0,0,1,0,1,1,0,1,0,0.1038,1
free_kick_central,straight,wide_channel,Hybrid,7,1,6,2,0,0,0,1,1,1,0,0,0,0.1053,1
free_kick_wide,outswinger,near_post,High Zonal,11,2,3,3,1,0,1,0,1,0,0,0,0,0.1274,1
corner,driven,edge_box,Hybrid,10,3,6,0,0,0,1,0,0,0,0,0,1,0.0785,1
corner,long,wide_channel,Man-to-Man,4,7,2,2,0,0,0,1,0,1,0,0,0,0.1237,1
free_kick_wide,outswinger,edge_box,High Zonal,11,3,2,1,1,0,1,1,0,1,0,0,0,0.1077,1
play_restart,short,near_post,High Zonal,10,6,7,4,1,0,0,0,1,0,0,0,0,0.1089,1
throw_in,inswinger,six_yard,High Zonal,6,2,8,1,1,0,0,1,0,0,0,0,1,0.1439,0
free_kick_wide,straight,edge_box,Hybrid,8,3,5,1,1,0,0,1,1,1,0,1,0,0.0915,1
play_restart,short,central,Man-to-Man,5,4,9,4,0,0,0,0,0,0,1,1,0,0.1162,0
free_kick_wide,short,penalty_spot,Man-to-Man,3,1,4,3,1,0,0,1,0,1,1,0,0,0.1691,1
corner,inswinger,near_post,Man-to-Man,5,1,4,4,0,0,0,0,0,0,0,0,0,0.1236,0
free_kick_wide,inswinger,edge_box,Deep Zonal,9,3,6,2,0,1,0,0,0,0,0,0,0,0.0706,0
corner,outswinger,wide_channel,High Zonal,8,6,4,0,0,0,1,1,1,0,0,0,0,0.0994,0
kick_off,short,far_post,Man-to-Man,6,1,7,1,0,0,0,1,1,0,0,0,0,0.0669,1
free_kick_wide,lofted,wide_channel,High Zonal,7,6,10,0,0,0,0,1,0,0,1,1,0,0.1526,1
throw_in,driven,far_post,High Zonal,10,5,4,4,1,0,1,1,1,0,1,1,0,0.1148,1
free_kick_wide,long,six_yard,Hybrid,9,2,5,0,1,0,0,1,0,1,0,0,1,0.1455,0
kick_off,outswinger,edge_box,High Zonal,8,1,4,3,0,0,0,0,0,0,0,1,0,0.0395,1
throw_in,inswinger,near_post,Hybrid,7,4,6,2,0,0,1,0,1,1,0,0,0,0.0711,1
free_kick_central,driven,wide_channel,High Zonal,3,4,7,2,0,0,0,1,1,0,1,1,0,0.1652,1
corner,short,wide_channel,Deep Zonal,6,1,5,4,0,0,1,1,0,0,1,1,0,0.0577,1
kick_off,inswinger,central,Man-to-Man,4,5,1,4,1,0,0,1,0,0,0,1,0,0.1114,1
penalty,short,edge_box,High Zonal,9,6,10,1,1,1,0,0,0,1,1,0,0,0.7547,1
corner,long,central,Hybrid,6,4,7,4,0,0,1,1,0,0,0,0,1,0.1768,1
kick_off,outswinger,near_post,Hybrid,5,4,8,4,1,0,1,1,0,0,0,1,0,0.1307,1
corner,inswinger,central,High Zonal,7,7,8,4,0,1,0,1,1,0,0,1,0,0.2001,1
free_kick_wide,short,far_post,High Zonal,7,3,1,0,1,0,0,1,0,1,0,1,0,0.1334,0
free_kick_central,inswinger,near_post,Hybrid,11,2,9,0,0,1,0,0,0,0,1,1,1,0.173,0
free_kick_wide,straight,near_post,Deep Zonal,4,6,1,0,1,0,0,0,0,0,0,0,0,0.0971,0
free_kick_central,driven,wide_channel,High Zonal,10,4,8,4,0,0,0,1,1,1,0,0,0,0.1388,1
corner,lofted,far_post,Hybrid,4,7,10,4,0,1,0,1,1,0,0,0,1,0.1935,1
corner,straight,six_yard,Deep Zonal,10,7,6,1,0,0,0,1,0,0,1,0,0,0.102,1
corner,inswinger,central,Deep Zonal,7,6,8,2,0,0,1,1,0,0,1,1,0,0.2075,0
corner,straight,near_post,Man-to-Man,7,3,9,2,0,0,1,0,1,0,0,0,1,0.1587,1
play_restart,outswinger,edge_box,Man-to-Man,9,6,6,1,1,0,0,1,0,0,1,0,1,0.0956,1
penalty,driven,central,Hybrid,3,4,5,4,0,0,1,0,1,0,0,0,0,0.703,0
free_kick_central,long,far_post,Hybrid,10,6,9,4,0,0,0,1,1,0,1,0,1,0.1414,1
free_kick_wide,straight,wide_channel,Hybrid,9,7,8,1,1,0,1,1,1,0,0,0,0,0.153,1
throw_in,long,central,Hybrid,4,6,1,2,0,0,1,1,1,0,0,1,1,0.1295,1
corner,outswinger,far_post,Man-to-Man,3,4,1,0,0,0,0,0,0,1,1,1,1,0.1144,0
corner,short,penalty_spot,Man-to-Man,9,7,8,0,0,0,1,1,0,1,0,0,0,0.176,1
throw_in,lofted,near_post,Deep Zonal,3,7,8,4,0,0,0,1,0,0,0,0,1,0.1228,1
free_kick_central,outswinger,edge_box,Man-to-Man,8,2,9,4,0,1,1,0,0,0,0,0,0,0.1533,1
goal_kick,outswinger,far_post,High Zonal,5,7,1,0,1,0,0,1,0,0,1,0,0,0.1,1
kick_off,driven,near_post,Deep Zonal,9,4,2,2,1,0,0,1,0,1,0,0,1,0.0954,1
goal_kick,straight,far_post,Deep Zonal,11,2,1,0,0,1,0,0,0,0,0,0,0,0.0459,0
corner,outswinger,far_post,Man-to-Man,10,3,3,2,0,0,0,1,1,0,0,0,0,0.16,0
corner,inswinger,penalty_spot,Hybrid,9,6,6,1,1,0,0,1,0,0,0,1,0,0.1862,0
corner,straight,wide_channel,Deep Zonal,8,3,4,2,1,0,1,1,0,0,0,0,0,0.0709,0
goal_kick,short,edge_box,Man-to-Man,3,5,2,3,0,0,0,1,0,0,0,1,1,0.0673,1
kick_off,straight,far_post,Deep Zonal,11,4,6,0,0,0,0,1,0,0,1,1,0,0.0617,0
play_restart,outswinger,wide_channel,Deep Zonal,11,7,4,2,1,1,0,0,0,0,1,0,0,0.0575,1
corner,straight,edge_box,Man-to-Man,3,1,3,1,1,0,0,1,0,0,1,0,0,0.0898,1
goal_kick,short,near_post,High Zonal,10,5,8,1,0,0,0,0,0,0,0,0,1,0.0403,0
free_kick_central,driven,near_post,Hybrid,3,3,4,4,0,0,0,1,0,0,0,0,0,0.1401,1
goal_kick,short,central,High Zonal,8,6,6,4,0,1,1,1,0,0,0,0,0,0.095,1
penalty,short,near_post,High Zonal,5,7,1,3,1,1,0,1,1,0,0,1,1,0.7513,1
corner,driven,far_post,Hybrid,4,3,8,3,1,0,0,0,0,0,0,0,0,0.1014,1
corner,inswinger,central,High Zonal,5,7,6,1,0,0,1,0,1,1,1,0,0,0.2014,1
play_restart,outswinger,wide_channel,Deep Zonal,5,5,8,3,0,0,1,1,1,1,1,1,0,0.1383,1
free_kick_wide,inswinger,far_post,Deep Zonal,6,1,4,2,1,1,0,0,0,0,1,0,0,0.1061,0
free_kick_wide,outswinger,central,Hybrid,5,6,5,1,1,0,1,1,1,0,0,1,0,0.149,1
free_kick_wide,lofted,wide_channel,High Zonal,7,4,5,3,1,1,1,0,1,0,0,0,0,0.1703,1
free_kick_wide,outswinger,far_post,Deep Zonal,8,7,10,4,0,0,0,1,0,1,1,0,1,0.1385,1
play_restart,driven,near_post,Deep Zonal,7,4,2,1,1,1,0,1,0,0,1,0,0,0.1145,1
corner,inswinger,near_post,Hybrid,8,2,3,1,0,0,0,1,1,0,0,0,0,0.0728,1
corner,straight,edge_box,Man-to-Man,6,2,10,2,1,0,1,1,1,1,0,0,1,0.1973,0
goal_kick,straight,far_post,High Zonal,5,1,1,4,1,0,1,1,0,1,1,1,0,0.0484,1
penalty,outswinger,penalty_spot,Hybrid,4,5,3,3,0,0,0,0,0,1,0,0,0,0.7927,1
corner,straight,six_yard,High Zonal,5,7,4,1,0,0,0,1,1,0,0,1,1,0.1997,0
corner,long,edge_box,Man-to-Man,4,5,8,3,0,0,0,1,0,0,1,1,0,0.1051,1
corner,straight,six_yard,Deep Zonal,7,5,8,4,0,1,1,1,0,0,0,0,1,0.1861,1
corner,driven,edge_box,High Zonal,8,1,9,1,0,0,0,1,1,1,0,1,1,0.142,1
corner,lofted,edge_box,High Zonal,10,1,1,4,1,0,0,0,0,0,1,0,0,0.0669,1
corner,straight,near_post,Hybrid,5,4,3,4,0,0,0,1,0,0,0,0,0,0.1227,0
throw_in,lofted,far_post,Hybrid,4,4,5,1,1,0,0,0,0,0,1,0,1,0.0787,0
goal_kick,inswinger,far_post,Man-to-Man,10,3,8,3,0,0,0,1,1,0,1,1,1,0.1422,0
kick_off,outswinger,penalty_spot,Hybrid,9,7,6,1,0,0,1,1,0,0,0,0,1,0.1268,1
free_kick_wide,straight,far_post,Hybrid,5,3,6,3,1,0,0,0,0,1,0,1,0,0.1416,1
free_kick_wide,short,penalty_spot,Deep Zonal,11,7,9,0,0,0,1,1,0,1,0,0,0,0.1821,0
play_restart,short,far_post,Hybrid,8,2,2,3,0,1,0,0,0,0,0,0,0,0.0488,1
goal_kick,short,penalty_spot,Man-to-Man,9,3,9,1,1,0,0,0,0,0,1,0,0,0.1595,0
free_kick_central,driven,far_post,High Zonal,6,3,7,2,0,0,1,1,0,0,0,0,1,0.1235,1
corner,outswinger,wide_channel,Man-to-Man,6,6,3,2,0,0,0,1,1,0,1,0,0,0.1424,1
free_kick_wide,driven,central,High Zonal,6,3,5,4,1,0,0,1,1,0,1,0,0,0.1537,1
free_kick_central,short,edge_box,Man-to-Man,9,4,3,0,0,0,0,0,0,0,0,0,1,0.0706,1
penalty,straight,penalty_spot,Deep Zonal,10,1,4,2,0,0,0,1,1,0,0,1,1,0.6858,0
corner,outswinger,far_post,High Zonal,10,3,7,0,0,0,1,1,0,0,0,0,1,0.0863,1
play_restart,outswinger,six_yard,Man-to-Man,5,2,4,3,1,0,1,0,0,0,0,1,1,0.1251,1
penalty,straight,wide_channel,Deep Zonal,9,6,9,2,1,0,1,0,1,0,1,0,1,0.7208,1
throw_in,long,edge_box,Deep Zonal,9,6,1,0,0,0,0,1,1,0,1,0,0,0.0644,1
corner,straight,wide_channel,High Zonal,3,2,2,0,0,1,0,0,1,0,1,0,0,0.0923,0
goal_kick,inswinger,far_post,High Zonal,10,7,10,0,0,1,0,1,0,1,0,1,1,0.1198,0
throw_in,long,wide_channel,Hybrid,4,3,8,3,1,0,0,1,0,0,0,0,0,0.0801,1
corner,long,six_yard,Man-to-Man,4,6,5,4,1,1,1,1,0,0,0,0,1,0.2029,1
throw_in,lofted,edge_box,Deep Zonal,3,2,3,1,0,0,0,1,0,1,1,0,1,0.0496,1
throw_in,short,six_yard,Man-to-Man,7,7,3,1,0,0,0,0,0,0,0,0,0,0.0882,1
goal_kick,long,edge_box,Man-to-Man,3,1,2,0,0,1,0,0,0,0,0,0,0,0.0917,0
corner,straight,far_post,High Zonal,7,3,9,0,0,0,0,1,0,1,0,0,0,0.1325,0
kick_off,long,penalty_spot,Hybrid,9,3,4,0,0,0,0,0,0,0,0,0,0,0.0831,0
free_kick_central,straight,far_post,Man-to-Man,7,2,10,4,0,0,0,1,0,0,1,1,1,0.1493,1
corner,inswinger,edge_box,Deep Zonal,5,7,8,1,0,0,0,1,0,0,0,0,0,0.0979,1
corner,lofted,central,Deep Zonal,6,3,4,3,0,0,1,0,1,0,1,0,0,0.1522,1
corner,long,edge_box,High Zonal,9,3,8,0,1,0,0,1,1,0,0,0,0,0.0975,0
corner,short,far_post,Deep Zonal,6,1,5,0,0,1,0,1,1,0,0,1,0,0.0762,1
free_kick_central,straight,central,Deep Zonal,8,5,5,1,0,1,0,1,0,0,0,0,0,0.1634,0
goal_kick,long,near_post,High Zonal,9,2,8,0,1,1,1,1,0,1,1,0,0,0.1232,1
corner,inswinger,central,Man-to-Man,7,2,8,1,1,0,1,1,0,0,1,0,0,0.156,0
play_restart,outswinger,penalty_spot,Deep Zonal,6,7,3,1,1,0,0,1,1,0,0,1,0,0.1218,1
corner,inswinger,central,Deep Zonal,3,7,5,2,0,1,0,0,1,0,1,0,0,0.1483,1
throw_in,inswinger,near_post,Man-to-Man,9,1,10,0,0,0,0,0,1,0,0,1,0,0.1126,0
play_restart,inswinger,central,High Zonal,5,5,3,2,0,1,0,0,1,0,0,1,0,0.1296,0
goal_kick,long,central,High Zonal,7,6,8,1,0,0,1,1,1,0,1,0,0,0.1655,1
throw_in,outswinger,central,High Zonal,3,7,9,3,1,1,0,1,0,1,1,1,0,0.2239,1
throw_in,driven,central,Man-to-Man,9,2,7,2,0,0,0,1,0,1,0,0,0,0.1206,1
corner,lofted,edge_box,Man-to-Man,11,3,1,4,0,0,0,0,1,0,0,0,0,0.061,0
corner,inswinger,edge_box,High Zonal,10,2,9,3,1,1,0,0,1,0,1,0,0,0.1596,1
free_kick_wide,long,wide_channel,Man-to-Man,5,4,10,3,0,0,0,1,0,1,0,1,1,0.1682,1
corner,straight,near_post,Hybrid,3,5,7,4,1,1,0,0,1,0,1,1,0,0.1984,1
free_kick_wide,lofted,central,High Zonal,3,2,8,0,0,0,0,1,0,1,0,1,0,0.1887,1
corner,straight,near_post,High Zonal,6,1,1,4,1,0,0,1,0,1,1,0,0,0.0972,1
kick_off,straight,penalty_spot,Hybrid,3,1,8,2,1,0,1,0,0,1,0,0,0,0.1807,1
kick_off,outswinger,near_post,Deep Zonal,4,2,9,3,0,1,1,1,1,1,0,1,0,0.1436,1
goal_kick,lofted,central,Deep Zonal,8,5,6,3,0,0,0,0,1,0,0,0,0,0.088,1
throw_in,outswinger,penalty_spot,Man-to-Man,3,2,6,1,0,0,0,1,1,0,0,1,1,0.1541,1
corner,driven,central,High Zonal,8,6,9,2,1,0,0,1,0,1,0,0,1,0.1707,1
corner,inswinger,penalty_spot,Deep Zonal,10,5,7,1,0,0,0,1,0,0,0,0,1,0.1376,1
throw_in,short,penalty_spot,Deep Zonal,11,2,1,0,1,0,0,0,0,0,0,1,0,0.0401,0
throw_in,straight,six_yard,Hybrid,11,7,2,4,0,0,1,0,0,0,1,0,0,0.0771,1
free_kick_wide,inswinger,far_post,Man-to-Man,5,5,6,3,1,1,0,1,1,1,0,0,1,0.2292,1
free_kick_central,inswinger,central,Deep Zonal,8,7,7,0,0,0,0,1,1,1,1,0,1,0.2071,1
free_kick_central,outswinger,penalty_spot,Man-to-Man,3,5,3,0,0,0,0,1,0,0,0,0,1,0.2066,1
corner,long,near_post,Deep Zonal,5,5,2,0,0,0,1,1,1,0,0,0,0,0.0812,0
free_kick_wide,long,near_post,Deep Zonal,10,4,7,1,1,0,0,1,1,0,0,0,0,0.1595,0
free_kick_wide,outswinger,far_post,Man-to-Man,4,5,4,1,0,0,0,0,0,1,0,1,0,0.1185,1
throw_in,straight,central,Deep Zonal,5,6,7,3,0,0,0,1,1,0,1,0,0,0.1223,1
play_restart,inswinger,near_post,Man-to-Man,6,7,7,2,0,1,1,1,1,0,0,0,0,0.1716,1
free_kick_central,long,edge_box,Deep Zonal,5,5,3,4,1,0,1,1,1,1,0,1,0,0.1671,1
throw_in,driven,six_yard,Man-to-Man,9,6,8,2,0,0,1,0,0,0,0,0,1,0.1461,0
goal_kick,driven,near_post,Deep Zonal,11,7,2,4,0,0,0,1,0,0,0,0,0,0.0412,1
corner,driven,penalty_spot,Hybrid,7,5,4,0,0,0,0,1,1,0,0,0,0,0.1312,0
throw_in,outswinger,wide_channel,Deep Zonal,8,6,6,4,0,0,0,1,1,0,0,0,0,0.0562,1
free_kick_central,outswinger,central,High Zonal,9,2,9,1,1,0,0,1,1,0,0,1,1,0.1433,1
penalty,driven,edge_box,Deep Zonal,6,7,10,1,0,0,0,1,1,0,0,1,1,0.7685,1
corner,inswinger,near_post,High Zonal,7,7,7,2,1,0,0,0,1,0,0,0,0,0.2023,1
kick_off,inswinger,wide_channel,Deep Zonal,11,3,7,2,0,0,1,1,0,1,0,1,0,0.0932,1
play_restart,outswinger,near_post,Hybrid,6,7,6,1,0,0,1,1,1,1,1,0,0,0.1537,1
corner,long,central,High Zonal,5,6,5,0,1,0,0,0,1,0,0,0,1,0.1789,1
corner,long,wide_channel,High Zonal,3,2,6,2,1,0,0,1,1,1,0,0,0,0.1324,1
corner,lofted,edge_box,Deep Zonal,3,7,10,2,0,0,1,0,0,1,0,0,0,0.143,1
goal_kick,straight,central,Deep Zonal,9,5,7,0,1,0,1,1,1,1,1,0,0,0.1256,1
throw_in,outswinger,edge_box,High Zonal,5,2,9,3,1,0,0,1,1,1,0,0,0,0.1135,1
corner,straight,six_yard,Man-to-Man,9,1,6,0,1,0,1,1,1,1,1,0,1,0.1291,0
goal_kick,driven,far_post,Man-to-Man,3,4,8,0,1,0,0,0,1,0,0,0,0,0.1313,1
free_kick_wide,outswinger,near_post,Man-to-Man,10,4,9,1,0,0,1,1,0,0,0,0,0,0.1293,1
free_kick_central,lofted,central,Deep Zonal,6,7,5,1,1,0,0,0,0,0,1,0,0,0.1647,1
free_kick_wide,short,wide_channel,Hybrid,10,4,7,1,1,0,0,0,1,1,0,0,0,0.0992,0
free_kick_central,driven,near_post,Man-to-Man,10,3,5,4,0,0,0,0,1,0,1,0,0,0.1357,1
free_kick_central,driven,central,Hybrid,8,3,6,2,1,0,0,1,1,0,1,1,0,0.187,1
corner,straight,near_post,High Zonal,11,4,3,0,0,1,0,1,0,0,1,0,1,0.0926,0
free_kick_wide,long,near_post,Man-to-Man,11,2,9,2,0,0,0,1,0,0,0,0,1,0.1102,1
kick_off,straight,far_post,Deep Zonal,9,6,9,1,0,0,0,1,0,0,1,0,0,0.0743,1
free_kick_central,driven,far_post,High Zonal,7,1,10,4,0,1,0,1,0,1,1,1,0,0.1662,1
kick_off,driven,near_post,High Zonal,11,6,3,4,0,0,0,1,1,1,0,1,0,0.0859,1
penalty,short,near_post,High Zonal,11,2,10,2,1,0,0,0,0,1,1,0,0,0.7398,1
goal_kick,outswinger,near_post,High Zonal,6,2,8,1,0,1,0,1,0,0,1,0,1,0.1552,0
corner,lofted,near_post,Deep Zonal,5,7,4,0,0,0,0,0,0,0,0,0,1,0.0801,1
goal_kick,lofted,near_post,Hybrid,5,3,9,4,0,0,0,0,0,0,0,0,1,0.1044,1
corner,short,edge_box,Deep Zonal,11,5,6,0,1,0,0,1,0,0,1,1,0,0.0865,1
corner,lofted,near_post,High Zonal,4,3,6,1,0,1,0,0,0,0,0,0,0,0.1117,1
corner,short,central,Man-to-Man,3,7,8,2,1,0,0,1,0,0,0,1,0,0.2024,0
corner,straight,penalty_spot,High Zonal,7,2,2,1,0,0,1,0,1,0,1,0,1,0.1439,1
play_restart,straight,edge_box,Hybrid,11,4,5,3,0,0,0,1,1,1,0,0,0,0.0421,1
play_restart,inswinger,edge_box,Deep Zonal,5,1,1,0,1,0,0,1,1,1,0,1,0,0.0774,1
goal_kick,short,wide_channel,High Zonal,7,4,5,4,1,0,1,0,0,0,1,0,1,0.0559,1
corner,long,central,Deep Zonal,3,6,7,0,1,0,0,1,0,0,0,1,0,0.1715,1
kick_off,inswinger,near_post,Hybrid,10,4,10,1,1,0,0,1,0,0,1,0,0,0.1122,1
goal_kick,outswinger,near_post,Hybrid,11,6,3,2,0,0,0,0,0,0,1,0,1,0.0423,1
free_kick_wide,long,near_post,Deep Zonal,8,6,9,4,0,0,1,1,1,0,0,1,1,0.159,1
free_kick_central,driven,wide_channel,Hybrid,4,7,1,3,0,0,0,1,1,0,0,1,0,0.1339,1
throw_in,lofted,penalty_spot,High Zonal,3,7,1,4,1,1,0,0,1,1,0,0,0,0.1825,1
corner,outswinger,edge_box,Deep Zonal,9,7,4,2,0,0,0,1,1,0,1,0,1,0.1072,1
free_kick_central,driven,wide_channel,Deep Zonal,4,4,3,4,1,0,1,1,0,0,0,0,0,0.1469,1
throw_in,inswinger,six_yard,High Zonal,3,7,6,2,1,0,0,1,1,0,1,1,0,0.1778,1
corner,inswinger,far_post,Deep Zonal,11,5,2,0,0,0,1,0,0,1,0,1,0,0.0556,1
free_kick_central,long,six_yard,Deep Zonal,7,1,6,1,0,0,1,1,0,0,0,0,0,0.1389,1
free_kick_central,straight,far_post,Man-to-Man,8,1,10,1,0,0,1,0,0,0,1,0,1,0.1475,0
throw_in,driven,near_post,Deep Zonal,9,3,2,3,0,0,0,1,0,0,1,1,0,0.0151,1
play_restart,outswinger,penalty_spot,High Zonal,6,4,5,1,0,0,0,1,0,0,1,1,0,0.1208,1
goal_kick,outswinger,wide_channel,Deep Zonal,5,1,7,1,0,0,0,0,0,0,1,0,0,0.0175,0
throw_in,short,edge_box,Hybrid,7,5,5,3,0,0,0,1,0,1,0,0,0,0.0522,1
throw_in,inswinger,far_post,High Zonal,3,5,5,0,0,0,0,1,0,0,1,0,0,0.0928,1
throw_in,outswinger,six_yard,Hybrid,5,5,1,4,0,1,1,0,1,0,0,1,0,0.1542,1
penalty,inswinger,far_post,High Zonal,8,7,5,4,0,0,0,1,0,1,1,0,1,0.7203,1
corner,outswinger,edge_box,High Zonal,11,3,10,4,0,0,1,1,0,0,0,0,0,0.1122,1
throw_in,long,central,High Zonal,8,1,9,4,0,0,0,1,1,0,0,1,0,0.1363,1
throw_in,inswinger,central,Deep Zonal,9,7,8,0,1,1,1,0,1,1,0,0,1,0.2073,1
free_kick_central,short,central,Deep Zonal,5,4,1,1,0,1,1,1,0,0,0,0,1,0.1638,1
kick_off,short,six_yard,Hybrid,3,5,2,4,0,1,0,1,1,0,1,1,0,0.1553,1
throw_in,short,wide_channel,Man-to-Man,6,4,6,1,0,1,0,0,0,1,0,1,0,0.0814,1
free_kick_wide,straight,central,Man-to-Man,9,4,3,3,0,1,0,1,0,0,0,0,0,0.1358,1
corner,long,near_post,Hybrid,3,2,2,2,1,1,0,1,1,0,0,1,1,0.1695,1
corner,driven,near_post,High Zonal,10,4,2,1,1,0,0,0,0,0,1,0,0,0.092,1
free_kick_wide,inswinger,edge_box,High Zonal,5,6,2,2,0,0,1,1,0,0,0,0,0,0.1075,1
free_kick_central,driven,far_post,Hybrid,9,1,1,2,1,0,1,0,0,0,0,0,0,0.0857,0
corner,inswinger,penalty_spot,Hybrid,10,3,7,4,0,1,1,0,0,0,1,0,1,0.1729,1
corner,straight,near_post,High Zonal,8,7,5,2,1,0,1,1,0,0,0,1,0,0.1474,0
corner,short,near_post,High Zonal,4,3,7,2,0,0,0,1,1,1,1,0,0,0.1317,1
goal_kick,inswinger,wide_channel,Deep Zonal,5,2,3,3,0,0,1,1,0,1,0,0,0,0.0692,1
goal_kick,inswinger,penalty_spot,High Zonal,7,7,7,0,0,0,1,0,0,0,0,1,0,0.1244,1
free_kick_wide,inswinger,central,Man-to-Man,11,1,2,1,0,1,0,0,0,1,1,1,0,0.135,1
corner,inswinger,central,Man-to-Man,9,2,10,2,1,0,1,0,0,0,0,0,0,0.157,1
corner,short,central,Deep Zonal,8,4,2,3,0,1,1,0,0,0,0,1,1,0.0946,1
corner,inswinger,near_post,High Zonal,10,3,8,0,0,0,1,1,1,1,1,1,0,0.1377,1
free_kick_wide,driven,near_post,Deep Zonal,4,3,7,1,0,0,1,1,0,1,0,1,0,0.1707,1
corner,driven,edge_box,Hybrid,3,6,2,2,0,1,0,0,0,1,1,0,0,0.1129,1
free_kick_wide,outswinger,central,Man-to-Man,8,4,1,0,0,0,0,1,1,0,0,1,0,0.14,0
play_restart,inswinger,far_post,Hybrid,8,4,7,2,0,0,0,0,1,0,0,0,0,0.1044,1
free_kick_central,straight,penalty_spot,Man-to-Man,5,5,1,4,0,0,0,1,1,0,1,0,0,0.1678,1
goal_kick,driven,central,High Zonal,8,5,7,4,0,1,1,0,1,0,0,1,0,0.1927,1
corner,straight,far_post,High Zonal,4,5,7,3,1,0,0,1,1,1,0,1,1,0.1928,1
corner,inswinger,six_yard,High Zonal,4,4,7,1,0,0,0,0,1,1,0,0,1,0.1707,1
play_restart,lofted,central,Man-to-Man,11,4,10,3,1,0,0,1,0,0,1,1,0,0.1357,1
free_kick_wide,straight,edge_box,High Zonal,3,2,5,3,0,0,0,1,1,0,0,1,0,0.0232,1
throw_in,outswinger,central,Deep Zonal,8,3,6,0,1,0,1,1,0,0,1,0,1,0.1282,0
play_restart,driven,central,Hybrid,10,2,10,0,1,1,1,0,1,0,0,0,1,0.2091,0
penalty,lofted,near_post,High Zonal,9,1,9,4,0,0,0,1,1,0,0,0,0,0.7607,1
free_kick_wide,straight,edge_box,High Zonal,6,6,5,4,1,1,0,0,1,1,1,0,0,0.1428,1
free_kick_central,outswinger,far_post,Deep Zonal,5,6,5,2,0,0,0,0,0,0,0,0,0,0.1317,1
corner,straight,edge_box,Hybrid,3,2,8,1,0,1,0,1,0,0,0,0,0,0.0878,0
corner,outswinger,near_post,Hybrid,4,4,6,0,1,0,0,0,0,0,1,0,0,0.1483,0
corner,straight,penalty_spot,Deep Zonal,8,7,5,1,0,0,0,0,0,0,1,1,1,0.1258,1
kick_off,outswinger,near_post,Deep Zonal,7,4,9,0,1,0,0,1,1,0,0,1,0,0.0936,0
throw_in,short,central,Man-to-Man,6,1,8,0,0,0,1,0,0,0,0,0,0,0.0903,0
corner,long,penalty_spot,Hybrid,5,5,5,4,0,0,0,1,1,0,1,1,0,0.1637,1
corner,lofted,near_post,High Zonal,3,7,4,3,0,0,0,0,0,1,0,0,0,0.1494,1
throw_in,driven,central,Hybrid,4,2,7,3,1,0,0,0,0,1,0,0,0,0.131,0
kick_off,inswinger,penalty_spot,Hybrid,5,7,1,0,1,0,0,1,0,0,0,1,0,0.1489,1
corner,outswinger,edge_box,Deep Zonal,11,6,8,1,1,1,1,0,0,0,0,0,0,0.1247,1
free_kick_wide,short,edge_box,Man-to-Man,5,1,5,3,1,1,0,0,0,0,0,0,0,0.0844,1
goal_kick,outswinger,near_post,Man-to-Man,4,7,9,2,1,1,0,0,1,0,1,1,0,0.186,1
kick_off,inswinger,near_post,High Zonal,8,5,6,1,0,0,0,0,0,0,0,1,0,0.0915,0
kick_off,long,central,Deep Zonal,4,2,4,2,1,0,0,0,0,1,0,0,0,0.0863,1
corner,straight,central,High Zonal,6,6,2,3,0,0,1,1,1,0,0,1,0,0.1773,1
corner,inswinger,central,High Zonal,9,6,1,4,0,0,1,1,0,1,0,0,0,0.1383,1
free_kick_wide,short,central,Deep Zonal,3,5,7,4,1,0,1,0,0,0,0,1,0,0.168,1
corner,lofted,far_post,Man-to-Man,11,7,2,3,1,1,0,0,0,1,0,0,0,0.0971,1
kick_off,long,far_post,Man-to-Man,8,7,9,1,0,0,1,0,0,0,1,0,0,0.1251,1
corner,inswinger,near_post,High Zonal,11,3,5,4,0,0,0,1,0,0,0,0,0,0.1215,1
throw_in,short,central,Hybrid,9,1,9,3,0,0,0,1,0,0,0,0,0,0.0555,0
kick_off,lofted,central,High Zonal,11,6,5,3,0,0,0,1,0,0,0,1,0,0.0685,1
play_restart,inswinger,central,Deep Zonal,7,7,4,1,0,0,1,0,1,0,1,1,1,0.1387,1
throw_in,short,edge_box,Man-to-Man,3,3,2,2,1,1,0,1,1,1,1,0,0,0.1554,0
play_restart,long,central,Hybrid,3,4,5,2,0,0,0,0,0,1,0,0,0,0.1343,1
corner,long,near_post,Hybrid,4,4,9,3,0,0,0,0,0,1,0,1,1,0.1385,1
free_kick_wide,inswinger,six_yard,High Zonal,3,3,9,0,0,0,0,0,1,1,0,1,0,0.1926,0
corner,lofted,far_post,Deep Zonal,10,4,5,2,0,1,0,1,1,0,0,0,1,0.0934,1
play_restart,outswinger,central,Hybrid,11,4,10,1,0,0,1,0,0,0,1,0,0,0.1179,1
kick_off,inswinger,edge_box,High Zonal,8,7,1,0,1,0,0,1,1,0,1,0,0,0.0688,1
corner,inswinger,edge_box,Hybrid,4,3,1,3,0,0,0,1,0,1,0,0,1,0.1318,1
corner,straight,wide_channel,Man-to-Man,11,2,1,2,1,1,0,0,0,0,1,1,0,0.0799,0
free_kick_wide,inswinger,six_yard,Man-to-Man,5,4,1,1,1,0,0,0,0,0,0,0,0,0.119,1
corner,driven,edge_box,Man-to-Man,10,1,1,3,0,0,0,0,0,0,0,0,0,0.0553,1
goal_kick,driven,near_post,Hybrid,9,2,1,0,0,0,0,0,0,0,0,1,1,0.0463,1
corner,inswinger,far_post,Man-to-Man,6,5,8,4,0,1,1,0,1,0,1,0,0,0.1419,1
goal_kick,driven,near_post,Deep Zonal,10,6,5,1,1,0,0,0,0,1,1,0,0,0.0682,0
penalty,lofted,penalty_spot,Man-to-Man,8,1,8,0,0,0,1,0,0,0,1,0,0,0.7473,1
free_kick_wide,inswinger,wide_channel,Man-to-Man,11,3,8,3,0,1,0,0,1,0,1,0,1,0.1281,1
corner,long,near_post,Man-to-Man,8,2,7,4,1,1,0,1,1,1,0,0,1,0.167,1
play_restart,lofted,six_yard,High Zonal,6,4,1,4,0,0,0,1,0,0,1,0,0,0.0949,1
throw_in,driven,penalty_spot,Hybrid,3,5,2,3,0,0,0,1,0,0,1,0,0,0.1029,1
free_kick_wide,short,near_post,Deep Zonal,11,7,7,4,0,0,1,1,0,0,1,0,0,0.0924,1
free_kick_wide,driven,six_yard,Man-to-Man,10,7,10,1,1,0,0,0,1,1,1,0,0,0.2019,1
kick_off,long,penalty_spot,Man-to-Man,3,7,2,3,1,0,0,0,1,0,0,0,0,0.1357,1
goal_kick,outswinger,far_post,High Zonal,8,3,7,0,1,0,0,1,0,0,0,1,0,0.1107,1
goal_kick,outswinger,far_post,Hybrid,10,6,1,4,0,1,0,0,0,1,0,0,0,0.0464,1
throw_in,short,near_post,High Zonal,9,3,2,4,1,0,0,0,1,0,0,1,0,0.0721,1
kick_off,straight,near_post,Hybrid,5,1,6,3,0,0,0,0,1,1,0,0,0,0.0827,1
corner,outswinger,edge_box,Hybrid,4,7,7,4,1,0,0,1,0,1,0,0,0,0.1649,1
throw_in,inswinger,six_yard,Man-to-Man,11,7,6,2,0,0,0,0,0,0,0,0,0,0.1261,0
free_kick_wide,driven,edge_box,Hybrid,6,2,5,1,0,0,0,0,1,0,0,0,1,0.0842,1
throw_in,long,six_yard,Hybrid,10,2,3,2,0,0,0,0,0,0,0,1,1,0.0925,0
play_restart,outswinger,six_yard,Hybrid,7,7,8,0,1,0,0,0,1,0,1,0,0,0.1393,0
play_restart,outswinger,near_post,Hybrid,9,4,4,4,1,0,1,1,1,0,1,0,0,0.0938,1
free_kick_central,inswinger,edge_box,Hybrid,5,6,8,2,0,0,0,1,0,0,0,0,0,0.1467,0
penalty,inswinger,edge_box,Hybrid,8,7,4,0,1,0,0,0,0,1,0,0,0,0.7312,0
kick_off,short,central,Hybrid,8,4,6,3,1,0,1,1,1,0,0,0,0,0.1398,1
play_restart,inswinger,far_post,High Zonal,4,1,10,2,0,0,1,1,1,0,0,0,0,0.1421,0
goal_kick,lofted,edge_box,Deep Zonal,9,5,4,4,0,1,0,1,0,1,1,0,1,0.0979,1
corner,outswinger,wide_channel,Deep Zonal,7,1,9,3,0,1,0,0,0,1,1,1,1,0.1175,0
free_kick_wide,inswinger,wide_channel,Hybrid,8,5,1,1,0,0,0,1,1,0,1,0,0,0.1064,1
kick_off,driven,far_post,Deep Zonal,3,5,6,0,0,1,0,1,0,1,0,1,0,0.1186,1
goal_kick,straight,edge_box,Deep Zonal,4,4,6,2,1,0,0,0,1,1,0,1,0,0.0412,1
goal_kick,outswinger,far_post,Hybrid,9,4,10,4,0,0,1,1,0,0,0,1,1,0.1372,0
throw_in,inswinger,six_yard,Man-to-Man,11,7,3,3,0,0,1,1,1,0,1,1,1,0.1583,1
free_kick_wide,long,penalty_spot,Man-to-Man,4,3,6,4,0,0,0,0,1,0,0,0,0,0.1794,1
free_kick_wide,straight,wide_channel,Hybrid,3,6,6,4,0,0,1,1,0,1,0,0,0,0.0804,1
goal_kick,driven,wide_channel,Hybrid,5,6,2,2,1,0,0,0,1,1,0,0,1,0.1212,0
corner,short,central,Man-to-Man,3,7,10,4,1,0,0,0,1,0,1,1,1,0.2381,1
throw_in,driven,wide_channel,Hybrid,5,7,5,4,1,0,1,1,0,0,0,0,0,0.149,1
throw_in,short,edge_box,High Zonal,9,5,5,0,0,1,0,0,1,1,1,0,0,0.0616,0
goal_kick,driven,central,Man-to-Man,10,7,9,0,0,0,0,1,1,0,0,0,1,0.1041,1
free_kick_wide,long,near_post,High Zonal,8,5,1,1,0,0,0,1,1,0,0,1,0,0.0882,1
goal_kick,straight,edge_box,Hybrid,6,1,7,4,0,0,0,1,1,0,1,0,0,0.0664,0
corner,long,central,High Zonal,4,1,1,4,0,1,1,1,0,0,1,1,0,0.1559,1
corner,long,central,Man-to-Man,7,5,10,0,0,0,0,0,0,0,1,0,0,0.1303,0
free_kick_wide,inswinger,penalty_spot,Hybrid,11,4,9,4,1,0,0,0,0,0,0,0,1,0.1688,1
corner,long,near_post,Man-to-Man,4,7,6,0,1,0,1,0,1,0,0,0,0,0.1594,1
play_restart,outswinger,far_post,High Zonal,7,4,4,3,1,0,0,0,1,0,0,0,0,0.0915,1
kick_off,short,edge_box,Deep Zonal,6,2,10,2,0,0,1,1,1,0,0,0,0,0.0697,1
corner,inswinger,near_post,Hybrid,6,6,3,3,0,0,0,1,1,0,0,0,1,0.1062,1
goal_kick,inswinger,penalty_spot,Hybrid,7,4,8,3,1,1,0,0,0,1,1,0,0,0.1492,1
free_kick_central,inswinger,near_post,Hybrid,4,7,5,4,0,1,1,0,0,0,1,0,0,0.1848,1
throw_in,inswinger,six_yard,Hybrid,4,1,9,3,0,0,1,0,1,1,1,0,0,0.1412,1
kick_off,inswinger,far_post,Deep Zonal,3,1,8,2,1,0,0,0,0,0,1,0,0,0.0717,1
penalty,inswinger,six_yard,Hybrid,9,1,10,2,0,0,0,0,0,1,0,0,0,0.7731,0
corner,short,edge_box,High Zonal,11,7,7,4,0,1,0,1,0,0,1,0,1,0.0754,1
corner,straight,six_yard,Deep Zonal,7,1,4,3,0,0,0,1,0,0,0,0,0,0.1155,1
free_kick_central,lofted,far_post,Deep Zonal,8,5,9,3,0,0,0,0,0,0,0,0,0,0.1481,1
play_restart,driven,far_post,Deep Zonal,11,5,7,3,0,1,0,0,1,0,1,0,0,0.0802,1
penalty,inswinger,near_post,Hybrid,9,7,8,1,1,0,0,1,0,0,0,1,1,0.7664,1
free_kick_wide,straight,penalty_spot,Hybrid,5,5,3,4,0,1,1,1,0,0,1,0,0,0.1832,1
corner,straight,far_post,Hybrid,9,1,6,3,0,0,0,0,1,1,0,0,0,0.1071,1
kick_off,straight,penalty_spot,Hybrid,6,1,9,0,0,0,0,1,0,0,0,1,0,0.1093,1
free_kick_wide,straight,near_post,High Zonal,11,1,4,3,0,0,1,1,0,0,0,0,0,0.1031,1
throw_in,long,penalty_spot,Hybrid,11,5,6,4,0,0,0,1,0,0,0,0,0,0.1085,1
throw_in,short,far_post,Hybrid,3,4,3,3,0,0,0,0,0,0,0,0,1,0.0578,1
corner,straight,penalty_spot,Man-to-Man,10,1,2,4,1,0,0,1,0,0,0,0,1,0.1043,0
corner,long,edge_box,High Zonal,5,1,8,3,1,0,0,0,0,0,1,0,0,0.0767,0
free_kick_wide,outswinger,central,Man-to-Man,7,2,5,4,0,0,0,1,1,0,1,0,1,0.119,1
free_kick_wide,driven,far_post,Man-to-Man,9,4,3,2,0,0,1,1,0,1,0,1,0,0.1208,0
throw_in,lofted,far_post,High Zonal,4,7,2,1,1,0,1,1,0,1,0,0,0,0.1349,0
goal_kick,outswinger,edge_box,High Zonal,3,6,2,2,1,0,0,0,1,1,0,1,0,0.0964,1
corner,driven,edge_box,Hybrid,6,4,5,4,0,1,1,1,1,0,0,0,0,0.1256,1
free_kick_central,driven,central,High Zonal,8,3,4,3,1,0,1,1,0,0,0,0,0,0.1526,0
corner,straight,central,Deep Zonal,8,6,1,0,0,0,0,0,0,0,0,0,0,0.1021,1
corner,inswinger,edge_box,Man-to-Man,11,7,5,1,1,1,1,0,1,1,0,0,1,0.1713,1
goal_kick,driven,edge_box,Hybrid,5,3,10,0,1,1,0,1,1,1,0,0,1,0.1609,0
goal_kick,straight,near_post,Deep Zonal,9,4,10,4,1,1,1,0,0,1,0,0,0,0.1095,0
goal_kick,outswinger,far_post,High Zonal,4,1,6,1,0,0,0,0,1,0,0,1,0,0.0789,1
corner,short,central,Hybrid,7,1,6,0,0,0,0,1,1,0,0,0,0,0.1093,0
penalty,straight,edge_box,Hybrid,7,7,10,4,0,0,0,1,1,1,0,1,0,0.7363,1
free_kick_wide,inswinger,near_post,Hybrid,6,2,8,4,1,1,0,1,0,1,0,0,0,0.1652,1
play_restart,lofted,edge_box,Deep Zonal,4,2,2,4,0,0,0,0,0,0,0,0,0,0.0301,1
throw_in,outswinger,edge_box,Man-to-Man,4,3,6,1,0,0,1,1,1,0,0,0,0,0.0869,1
play_restart,short,six_yard,High Zonal,10,3,4,2,0,0,0,0,0,1,0,0,1,0.0728,1
corner,long,wide_channel,Man-to-Man,11,2,2,2,0,1,0,0,0,0,0,0,0,0.0439,1
free_kick_central,inswinger,far_post,Man-to-Man,3,5,10,3,1,0,0,1,0,1,0,0,1,0.2043,1
goal_kick,long,edge_box,Man-to-Man,5,5,6,4,1,0,0,1,0,0,0,1,0,0.1291,1
free_kick_wide,short,edge_box,Man-to-Man,11,5,7,2,0,0,0,1,0,1,1,1,0,0.12,1
throw_in,straight,six_yard,Hybrid,4,7,8,2,0,0,0,0,1,0,0,0,0,0.1384,1
free_kick_central,short,far_post,Hybrid,7,7,1,0,1,0,1,0,0,1,0,0,0,0.1432,1
play_restart,lofted,near_post,High Zonal,5,2,4,0,0,0,0,1,0,0,1,0,1,0.082,1
corner,lofted,wide_channel,Man-to-Man,11,7,9,3,0,0,0,0,0,1,0,0,0,0.0958,1
play_restart,inswinger,near_post,Man-to-Man,9,5,3,2,0,0,1,1,0,0,0,0,1,0.1216,1
free_kick_wide,straight,wide_channel,Man-to-Man,9,2,2,0,0,0,0,1,0,0,0,0,1,0.0463,0
free_kick_central,short,central,Man-to-Man,3,3,7,0,0,1,1,1,0,0,0,1,0,0.1987,1
free_kick_central,lofted,far_post,High Zonal,4,2,3,3,0,0,0,0,0,1,0,1,0,0.1333,1
corner,driven,wide_channel,Deep Zonal,10,6,9,4,1,0,1,1,0,0,0,0,1,0.0951,1
play_restart,straight,edge_box,Hybrid,5,5,8,1,1,0,0,0,0,0,1,0,0,0.0985,1
kick_off,driven,penalty_spot,High Zonal,6,6,8,2,1,0,1,1,1,0,0,0,0,0.198,1
play_restart,straight,central,Hybrid,3,2,8,1,0,0,1,1,0,1,0,0,0,0.1541,1
play_restart,outswinger,central,High Zonal,3,4,2,4,1,0,0,1,1,0,0,0,0,0.1547,1
throw_in,short,near_post,Hybrid,9,4,7,3,1,1,0,1,1,0,1,1,0,0.1028,1
free_kick_central,straight,penalty_spot,High Zonal,4,5,2,1,0,0,0,0,1,0,0,0,1,0.1779,1
goal_kick,short,far_post,High Zonal,4,3,1,2,0,0,1,1,0,1,0,1,0,0.1011,1
corner,straight,central,Man-to-Man,10,1,10,2,1,0,0,1,1,1,1,1,1,0.1512,1
goal_kick,driven,far_post,Hybrid,9,7,3,4,1,0,1,0,0,0,1,0,0,0.0594,1
free_kick_central,lofted,wide_channel,High Zonal,4,3,7,2,0,0,0,1,0,0,0,1,1,0.1408,1
throw_in,outswinger,six_yard,Deep Zonal,10,7,4,3,0,0,0,1,1,0,0,0,0,0.1,0
free_kick_wide,short,far_post,Deep Zonal,11,3,8,2,0,0,0,1,1,0,1,1,1,0.1161,1
free_kick_wide,long,wide_channel,Hybrid,6,2,5,1,0,0,0,1,0,0,0,0,0,0.0916,0
corner,inswinger,far_post,Deep Zonal,7,4,5,3,0,0,0,0,1,0,0,1,0,0.1014,1
free_kick_wide,driven,central,High Zonal,8,1,1,3,0,1,0,0,1,0,0,1,0,0.125,1
free_kick_wide,short,far_post,Hybrid,4,4,5,4,0,0,0,1,0,0,0,0,0,0.0939,1
corner,inswinger,six_yard,High Zonal,11,7,7,0,1,0,0,1,0,0,1,0,1,0.1443,0
corner,driven,central,Deep Zonal,4,2,8,4,0,1,0,0,1,0,1,1,0,0.1474,1
throw_in,straight,central,High Zonal,9,2,9,3,0,1,1,1,1,1,0,1,0,0.1351,1
free_kick_wide,inswinger,wide_channel,Deep Zonal,8,1,6,1,1,1,1,1,0,1,1,0,0,0.1162,0
goal_kick,inswinger,edge_box,Hybrid,4,2,10,1,0,0,0,1,0,1,1,1,0,0.0939,1
corner,driven,edge_box,High Zonal,6,3,7,3,0,0,0,1,0,0,0,0,0,0.1133,0
penalty,lofted,edge_box,Man-to-Man,5,2,8,1,0,0,0,1,0,1,0,1,0,0.8329,1
corner,straight,edge_box,Man-to-Man,11,5,2,1,1,0,1,1,0,0,1,1,0,0.1102,1
free_kick_central,inswinger,near_post,Man-to-Man,7,3,3,2,0,0,0,0,1,1,0,1,1,0.1717,0
penalty,inswinger,edge_box,High Zonal,6,3,6,3,0,0,0,1,1,0,0,0,0,0.7811,1
throw_in,long,central,Deep Zonal,5,2,6,4,0,0,0,0,1,0,0,0,1,0.0993,1
free_kick_wide,straight,near_post,High Zonal,4,5,5,4,1,0,0,1,0,0,1,1,0,0.1905,1
free_kick_central,straight,wide_channel,Hybrid,7,3,10,1,0,0,1,1,1,1,0,0,1,0.1724,1
corner,outswinger,near_post,Hybrid,7,5,5,0,0,1,0,1,0,1,1,0,0,0.125,1
free_kick_central,straight,near_post,Deep Zonal,11,1,1,4,1,0,0,0,1,0,1,0,0,0.0758,1
free_kick_wide,short,central,Man-to-Man,8,5,6,4,0,0,0,1,0,0,0,1,0,0.1175,1
throw_in,short,six_yard,High Zonal,7,6,3,2,1,1,1,1,0,0,0,0,0,0.146,1
free_kick_wide,inswinger,wide_channel,Hybrid,6,5,1,3,0,0,1,0,1,1,1,1,0,0.0831,1
goal_kick,straight,near_post,Hybrid,5,2,3,1,1,1,1,0,1,1,0,0,0,0.1152,1
free_kick_wide,straight,far_post,High Zonal,8,5,1,3,0,1,1,1,0,1,0,0,0,0.0761,1
corner,short,edge_box,Man-to-Man,4,6,7,3,1,0,1,1,1,1,0,1,1,0.2023,1
corner,inswinger,penalty_spot,High Zonal,3,4,5,1,0,1,0,0,0,0,0,0,1,0.1776,1
corner,inswinger,central,Man-to-Man,11,5,10,3,0,0,0,1,1,0,0,0,0,0.2078,1
free_kick_central,short,central,Man-to-Man,3,6,1,1,0,1,0,0,0,1,0,0,0,0.1792,0
goal_kick,outswinger,penalty_spot,Deep Zonal,5,4,5,2,0,0,0,0,1,0,0,0,0,0.1007,1
goal_kick,short,near_post,Deep Zonal,8,2,10,0,0,1,0,0,0,0,1,1,0,0.0495,1
free_kick_wide,straight,edge_box,Man-to-Man,4,7,6,0,1,0,0,1,1,1,0,1,0,0.1687,1
corner,outswinger,central,High Zonal,9,3,4,3,0,0,0,0,1,0,0,1,0,0.1552,1
kick_off,long,six_yard,High Zonal,7,3,7,4,1,0,1,0,0,0,0,1,0,0.1267,0
corner,straight,edge_box,Deep Zonal,3,5,3,2,0,0,1,1,0,1,0,1,1,0.1441,1
free_kick_wide,inswinger,penalty_spot,Deep Zonal,7,2,9,4,0,0,1,0,0,1,0,0,0,0.1523,1
goal_kick,driven,edge_box,Deep Zonal,10,3,7,4,0,1,0,0,0,0,0,1,0,0.0879,1
free_kick_wide,straight,near_post,Deep Zonal,6,5,3,3,0,0,1,1,1,0,0,1,0,0.139,1
corner,lofted,central,High Zonal,9,6,1,4,1,0,0,0,1,0,1,0,0,0.1105,1
corner,inswinger,far_post,Man-to-Man,8,1,7,3,0,0,0,1,0,1,1,0,0,0.1263,1
throw_in,driven,edge_box,Hybrid,7,6,9,4,0,1,1,0,1,0,1,0,0,0.1506,1
corner,driven,six_yard,Deep Zonal,8,2,10,1,0,1,0,1,1,0,0,0,0,0.1163,0
throw_in,inswinger,far_post,Man-to-Man,7,7,7,1,0,0,1,1,0,0,0,0,0,0.1146,1
free_kick_wide,short,edge_box,High Zonal,3,7,10,2,0,0,1,1,1,1,0,0,0,0.1349,1
free_kick_wide,long,central,Deep Zonal,6,5,9,2,1,0,0,0,0,1,0,0,1,0.1759,1
corner,straight,near_post,Deep Zonal,6,7,4,3,0,0,0,1,1,0,0,0,0,0.1251,1
goal_kick,straight,central,Hybrid,10,2,9,2,0,0,1,1,0,0,1,0,0,0.0911,1
free_kick_wide,lofted,wide_channel,Deep Zonal,9,4,2,0,0,0,1,0,0,0,0,0,1,0.0556,1
throw_in,long,penalty_spot,Man-to-Man,8,1,9,1,0,1,0,0,0,0,0,1,0,0.1353,1
free_kick_central,lofted,far_post,High Zonal,6,4,10,3,0,0,0,0,1,0,1,1,0,0.1685,1
corner,driven,edge_box,Hybrid,8,5,6,0,0,0,0,1,1,0,1,1,0,0.1596,1
free_kick_central,driven,near_post,Man-to-Man,11,4,10,0,0,0,1,1,1,0,1,1,0,0.174,0
free_kick_central,long,near_post,High Zonal,10,1,2,4,0,0,1,1,1,0,0,0,0,0.118,1
free_kick_central,short,near_post,Deep Zonal,5,1,1,4,1,0,0,0,1,0,0,1,0,0.1214,1
goal_kick,driven,near_post,Man-to-Man,5,7,4,2,0,0,0,0,1,0,0,0,0,0.128,1
kick_off,short,far_post,Deep Zonal,7,2,1,0,0,1,0,1,0,0,1,0,0,0.0392,0
goal_kick,inswinger,central,Hybrid,8,4,3,1,0,1,0,0,1,1,0,0,0,0.1258,0
throw_in,short,edge_box,Man-to-Man,9,5,2,3,1,1,0,1,1,0,0,1,1,0.1076,1
penalty,inswinger,six_yard,Man-to-Man,10,2,5,3,0,1,1,1,1,0,0,0,0,0.7355,0
throw_in,lofted,wide_channel,Deep Zonal,7,3,7,1,0,0,1,1,1,0,0,1,1,0.1431,1
corner,short,central,Hybrid,10,5,2,0,0,0,0,1,0,1,1,0,0,0.0983,1
goal_kick,short,far_post,Man-to-Man,3,2,4,4,1,0,1,0,1,0,1,0,0,0.1316,1
goal_kick,inswinger,near_post,Man-to-Man,4,6,8,3,0,0,0,1,0,1,0,0,0,0.1307,0
corner,short,central,Man-to-Man,7,5,3,3,0,0,0,1,0,0,0,0,0,0.0948,1
kick_off,outswinger,penalty_spot,Man-to-Man,7,7,4,4,0,0,0,0,0,0,0,0,0,0.0845,1
goal_kick,long,far_post,Hybrid,11,4,8,2,1,0,0,1,0,0,0,0,0,0.0642,1
free_kick_wide,short,edge_box,High Zonal,8,6,4,0,1,1,1,0,0,0,0,1,0,0.086,1
kick_off,straight,six_yard,Man-to-Man,6,3,3,0,0,0,0,1,1,0,1,1,0,0.1403,1
corner,outswinger,near_post,High Zonal,8,5,9,4,0,0,0,0,0,0,0,0,0,0.109,1
corner,short,wide_channel,Deep Zonal,4,7,10,3,0,0,0,0,1,1,1,0,0,0.114,1
free_kick_wide,straight,near_post,Deep Zonal,6,6,10,3,0,0,0,1,0,0,0,0,0,0.1061,0
penalty,driven,wide_channel,High Zonal,3,6,5,1,0,0,0,0,0,1,1,0,0,0.7853,1
free_kick_wide,driven,penalty_spot,Man-to-Man,4,4,1,0,0,0,0,1,0,0,1,0,0,0.1278,0
play_restart,long,near_post,Deep Zonal,6,5,5,3,0,0,0,0,0,0,1,0,1,0.0951,1
corner,outswinger,far_post,Deep Zonal,3,5,8,3,1,0,0,0,0,0,0,0,1,0.1518,1
corner,inswinger,central,Hybrid,4,2,10,3,0,0,0,1,1,0,0,1,0,0.168,1
throw_in,lofted,edge_box,Deep Zonal,11,2,1,2,0,0,0,0,1,0,0,0,0,0.005,1
corner,lofted,central,High Zonal,10,5,2,3,1,0,0,1,0,0,0,1,1,0.1345,1
throw_in,inswinger,six_yard,Hybrid,8,5,3,1,0,1,0,1,0,1,0,0,0,0.1586,0
free_kick_wide,long,central,High Zonal,11,5,2,1,0,0,0,1,1,1,1,0,1,0.1681,1
play_restart,straight,wide_channel,Hybrid,3,5,2,0,0,0,0,1,1,0,0,0,0,0.12,0
throw_in,inswinger,central,Man-to-Man,11,5,5,0,0,0,1,1,1,0,1,0,0,0.1373,1
corner,lofted,edge_box,Deep Zonal,7,4,3,2,0,0,1,1,1,0,0,0,0,0.0743,1
corner,lofted,six_yard,Man-to-Man,6,5,6,2,0,0,0,1,0,0,1,0,1,0.162,1
corner,lofted,central,Hybrid,10,3,10,2,0,1,0,0,1,0,1,1,0,0.1341,1
play_restart,inswinger,near_post,Hybrid,7,2,6,2,0,0,1,0,0,0,1,0,0,0.1093,1
throw_in,straight,penalty_spot,Deep Zonal,8,5,6,1,1,0,1,0,1,1,1,0,0,0.1679,1
free_kick_wide,driven,edge_box,High Zonal,5,3,10,3,0,1,1,1,1,0,0,0,0,0.1655,1
corner,long,six_yard,High Zonal,7,6,7,2,0,0,0,1,0,0,0,1,0,0.1634,1
kick_off,straight,central,Hybrid,4,7,10,2,1,0,0,1,0,0,0,1,0,0.1786,1
corner,short,six_yard,Man-to-Man,4,3,10,2,0,0,1,0,0,0,0,0,1,0.139,1
throw_in,inswinger,wide_channel,Man-to-Man,8,1,1,2,0,1,0,0,0,0,0,1,0,0.0787,1
goal_kick,short,edge_box,Man-to-Man,11,1,10,2,0,1,0,1,0,0,0,0,0,0.0682,1
corner,driven,near_post,Hybrid,4,5,2,2,0,0,0,1,0,0,1,0,0,0.101,1
free_kick_central,inswinger,near_post,Man-to-Man,8,7,3,1,1,0,0,0,0,0,0,1,0,0.1348,1
corner,inswinger,wide_channel,Deep Zonal,3,7,6,2,1,0,0,0,0,0,0,1,1,0.1347,0
free_kick_wide,short,edge_box,High Zonal,7,7,8,3,1,0,0,1,1,1,0,0,0,0.1588,1
play_restart,short,penalty_spot,Deep Zonal,10,1,10,4,0,0,0,1,0,0,0,1,0,0.1296,1
throw_in,outswinger,wide_channel,Hybrid,6,1,5,0,0,0,0,1,0,0,1,0,0,0.0299,0
goal_kick,inswinger,near_post,High Zonal,10,7,3,0,0,0,1,1,1,0,0,1,1,0.1395,1
penalty,long,edge_box,High Zonal,6,5,4,0,0,0,0,1,1,0,0,1,0,0.7602,1
corner,outswinger,edge_box,Hybrid,11,7,4,0,1,0,0,1,0,0,1,0,0,0.0846,1
throw_in,short,six_yard,Man-to-Man,8,7,3,4,0,0,0,0,0,1,1,1,0,0.1309,1
free_kick_central,short,edge_box,High Zonal,5,6,3,1,0,1,0,1,0,0,1,0,0,0.1102,1
corner,straight,far_post,High Zonal,5,3,8,1,0,1,0,1,0,1,1,0,0,0.1842,1
free_kick_wide,short,near_post,High Zonal,10,5,10,1,1,1,1,1,0,0,0,0,1,0.1602,0
throw_in,long,wide_channel,High Zonal,7,5,6,4,0,0,0,0,1,0,1,0,0,0.0508,1
throw_in,short,edge_box,Deep Zonal,6,7,2,3,0,0,0,1,0,0,1,0,0,0.0463,1
corner,short,central,Hybrid,8,7,7,0,1,0,1,0,0,1,1,0,1,0.1611,1
kick_off,straight,wide_channel,Hybrid,3,2,6,4,0,0,0,1,0,1,0,0,0,0.0475,1
free_kick_wide,straight,central,Deep Zonal,4,7,5,4,0,0,0,1,0,0,1,1,0,0.1705,0
corner,straight,central,Deep Zonal,7,5,1,3,0,0,0,1,0,0,1,0,0,0.1026,1
corner,straight,wide_channel,Hybrid,5,6,8,2,0,0,0,0,1,1,0,0,0,0.1163,1
goal_kick,straight,edge_box,Deep Zonal,7,3,7,4,0,0,0,1,0,0,0,0,0,0.0257,1
free_kick_wide,outswinger,six_yard,High Zonal,6,4,3,0,0,0,0,0,0,1,0,0,0,0.1488,0
free_kick_central,long,six_yard,Man-to-Man,6,7,4,0,0,0,0,1,1,0,0,0,0,0.2068,1
corner,inswinger,penalty_spot,Deep Zonal,10,1,6,3,1,1,0,1,0,1,0,0,0,0.1602,0
throw_in,lofted,central,Hybrid,10,4,6,0,0,0,0,1,1,0,1,0,0,0.1,0
goal_kick,short,six_yard,Hybrid,5,7,7,0,0,0,1,0,0,1,1,0,1,0.1261,1
free_kick_wide,inswinger,far_post,Hybrid,6,6,1,0,0,0,1,0,0,0,0,1,0,0.1183,0
play_restart,long,penalty_spot,Hybrid,8,2,6,2,0,0,0,0,0,0,1,0,0,0.0891,1
corner,straight,penalty_spot,Man-to-Man,11,2,1,3,1,1,0,1,0,0,0,0,0,0.1486,1
corner,lofted,near_post,Man-to-Man,7,4,2,2,1,0,0,0,1,0,1,0,0,0.1245,1
throw_in,lofted,near_post,High Zonal,3,2,1,2,0,0,0,0,0,0,0,0,1,0.041,1
throw_in,driven,penalty_spot,High Zonal,8,7,7,0,1,0,1,0,1,1,0,1,1,0.1996,1
corner,short,edge_box,High Zonal,9,6,9,1,0,1,0,1,1,0,0,0,1,0.125,1
penalty,lofted,far_post,Hybrid,11,7,10,4,1,0,0,0,0,1,0,0,0,0.8028,1
free_kick_wide,short,central,Deep Zonal,11,3,8,1,1,0,1,1,1,1,0,0,0,0.1128,1
penalty,driven,far_post,Man-to-Man,9,2,8,1,0,1,0,1,1,0,0,1,0,0.7701,0
throw_in,inswinger,edge_box,Deep Zonal,7,4,2,4,0,1,0,1,0,0,1,0,0,0.0347,1
play_restart,lofted,near_post,Hybrid,4,1,1,0,1,1,0,0,0,0,0,0,0,0.0818,1
free_kick_central,long,penalty_spot,Deep Zonal,10,6,4,0,0,0,0,0,1,0,0,0,0,0.1619,1
throw_in,outswinger,edge_box,Hybrid,7,7,4,4,1,1,0,0,0,0,0,0,0,0.1001,1
penalty,lofted,far_post,Man-to-Man,9,2,5,1,0,0,0,1,0,0,0,0,0,0.8056,1
free_kick_wide,long,penalty_spot,High Zonal,9,2,7,1,1,0,0,1,0,1,1,0,0,0.1297,1
corner,lofted,six_yard,Deep Zonal,3,3,1,2,0,0,0,1,0,0,0,1,0,0.1638,1
play_restart,inswinger,central,Deep Zonal,6,6,2,0,0,0,1,1,0,0,1,0,1,0.1232,0
corner,short,near_post,Man-to-Man,9,3,9,2,0,1,0,1,1,0,1,1,1,0.1521,1
goal_kick,long,near_post,Deep Zonal,7,6,6,0,0,0,1,1,1,0,0,1,0,0.1008,1
corner,inswinger,edge_box,High Zonal,8,7,4,3,1,0,0,0,0,0,0,0,0,0.0724,0
goal_kick,long,wide_channel,Hybrid,8,4,9,4,0,0,0,1,0,0,0,0,0,0.0186,1
corner,long,edge_box,Hybrid,3,1,7,3,1,1,1,1,1,0,0,1,0,0.1349,1
play_restart,outswinger,wide_channel,Deep Zonal,5,7,9,0,0,0,0,1,1,0,0,0,0,0.0823,1
throw_in,long,edge_box,Hybrid,6,3,7,4,0,1,0,1,1,1,0,0,1,0.0982,1
corner,inswinger,central,High Zonal,6,5,6,3,1,1,1,0,0,0,0,0,1,0.1889,1
throw_in,driven,central,Deep Zonal,3,7,10,4,0,0,0,1,0,0,0,1,0,0.1723,1
throw_in,driven,edge_box,High Zonal,3,7,10,4,1,0,1,0,0,1,1,0,0,0.18,1
free_kick_wide,straight,edge_box,Deep Zonal,5,6,8,1,0,0,0,1,1,0,1,0,0,0.1082,1
corner,short,far_post,Man-to-Man,10,3,7,4,0,0,0,0,0,1,0,0,0,0.0792,1
throw_in,straight,far_post,Hybrid,11,5,1,4,1,0,1,0,1,0,1,1,0,0.0844,1
goal_kick,outswinger,far_post,Hybrid,10,3,9,2,0,0,0,0,0,0,1,0,0,0.06,1
free_kick_wide,driven,central,Hybrid,11,4,2,3,0,0,0,1,1,1,0,0,0,0.123,1
kick_off,outswinger,penalty_spot,Man-to-Man,11,3,1,2,0,0,0,1,1,1,1,0,0,0.1089,1
corner,straight,edge_box,Deep Zonal,9,6,5,4,1,0,0,1,0,0,0,0,0,0.1022,1
corner,outswinger,six_yard,Hybrid,4,6,1,0,1,0,1,1,0,0,0,0,0,0.1773,1
throw_in,long,central,High Zonal,6,7,1,2,0,1,0,1,0,1,0,0,0,0.1336,0
corner,driven,six_yard,Hybrid,9,2,5,0,1,0,1,1,0,1,0,0,1,0.1735,0
corner,inswinger,central,Hybrid,6,7,4,0,0,1,0,1,0,0,0,0,1,0.1129,0
free_kick_central,outswinger,central,High Zonal,5,2,2,4,1,0,0,1,0,0,0,0,0,0.1624,1
corner,inswinger,six_yard,Man-to-Man,3,5,10,3,0,0,1,0,0,1,0,1,1,0.2264,1
corner,inswinger,wide_channel,Hybrid,6,2,3,2,0,1,0,1,1,0,1,0,0,0.0805,1
throw_in,straight,wide_channel,Man-to-Man,6,6,3,4,1,0,0,1,0,1,0,1,0,0.1231,1
penalty,driven,near_post,Hybrid,10,6,9,0,1,0,1,1,0,0,1,0,0,0.7595,1
goal_kick,short,central,Deep Zonal,10,6,8,4,0,1,0,0,1,1,0,0,0,0.0715,1
throw_in,inswinger,edge_box,Man-to-Man,4,2,4,2,0,0,0,0,0,1,0,0,0,0.0862,0
free_kick_central,short,six_yard,Hybrid,7,6,3,0,1,0,1,1,1,0,0,1,1,0.1445,1
corner,driven,far_post,High Zonal,11,2,10,1,0,0,0,1,0,0,0,1,0,0.1052,0
goal_kick,straight,near_post,Man-to-Man,7,6,1,2,1,0,0,1,1,0,0,0,0,0.1266,1
corner,outswinger,far_post,Hybrid,11,4,7,4,1,0,1,0,0,1,1,0,0,0.1123,1
corner,long,near_post,Deep Zonal,3,2,1,4,0,0,1,1,0,0,0,1,0,0.081,1
goal_kick,inswinger,central,Hybrid,5,7,1,0,0,1,1,0,0,0,0,1,0,0.154,1
goal_kick,driven,edge_box,Man-to-Man,11,6,2,2,0,1,0,1,0,0,1,0,0,0.0282,1
throw_in,driven,near_post,Deep Zonal,9,2,6,2,1,0,0,1,0,1,0,0,0,0.0942,0
corner,driven,edge_box,Deep Zonal,5,3,3,2,1,0,1,0,0,0,1,0,0,0.0924,1
corner,inswinger,penalty_spot,Deep Zonal,11,6,7,2,0,1,1,1,1,0,0,1,0,0.1457,0
free_kick_central,inswinger,far_post,Deep Zonal,6,2,10,4,1,0,0,1,1,1,0,0,0,0.1665,1
goal_kick,driven,central,Man-to-Man,10,4,1,1,1,1,0,1,0,0,0,1,1,0.1285,0
free_kick_central,straight,wide_channel,Man-to-Man,5,1,7,2,1,0,1,1,1,0,1,1,0,0.1673,1
corner,straight,penalty_spot,Deep Zonal,6,1,10,1,0,0,0,1,1,1,1,0,0,0.1856,1
corner,short,six_yard,Man-to-Man,5,2,2,0,1,0,0,1,0,0,0,0,0,0.1216,0
throw_in,inswinger,far_post,Man-to-Man,6,5,5,1,0,1,0,1,0,1,0,0,0,0.1271,1
throw_in,short,penalty_spot,Hybrid,8,4,1,0,0,0,1,1,0,1,0,1,0,0.0918,1
corner,lofted,wide_channel,Hybrid,10,3,2,3,0,0,0,0,0,0,0,1,0,0.0254,1
corner,long,near_post,Man-to-Man,8,2,10,2,0,0,1,1,1,0,0,0,0,0.1741,1
corner,straight,central,High Zonal,3,6,3,2,0,0,0,0,0,0,1,0,1,0.1606,1
corner,lofted,wide_channel,Deep Zonal,8,5,2,2,0,1,0,1,1,0,0,0,1,0.062,1
penalty,long,far_post,Deep Zonal,6,7,9,2,0,0,0,1,1,0,1,0,0,0.7685,1
corner,inswinger,central,Deep Zonal,3,7,3,4,0,0,0,0,0,0,0,0,0,0.1214,1
throw_in,long,wide_channel,Hybrid,5,5,3,2,1,0,0,1,0,0,1,0,1,0.0815,1
goal_kick,inswinger,near_post,Man-to-Man,11,1,9,3,0,0,1,0,0,0,0,1,1,0.0415,1
play_restart,outswinger,penalty_spot,Hybrid,6,7,8,4,0,0,0,1,1,1,1,1,0,0.1352,1
play_restart,short,edge_box,High Zonal,9,1,6,0,1,1,0,0,1,0,1,0,0,0.0725,0
corner,outswinger,edge_box,Man-to-Man,4,5,9,4,1,1,0,0,1,1,0,0,0,0.1926,1
corner,inswinger,far_post,Man-to-Man,10,2,3,4,0,0,1,1,0,0,0,0,0,0.0935,0
free_kick_wide,short,near_post,Hybrid,10,6,8,3,1,0,0,1,0,0,0,0,0,0.0895,1
throw_in,outswinger,six_yard,Deep Zonal,4,6,7,0,1,0,0,0,1,0,0,1,0,0.1585,1
corner,short,six_yard,Man-to-Man,9,6,6,0,1,0,0,1,1,1,0,0,0,0.159,1
free_kick_wide,outswinger,central,Deep Zonal,11,2,4,0,0,0,0,1,1,0,1,0,0,0.0907,0
corner,long,central,Man-to-Man,11,5,2,3,1,0,0,1,1,0,0,0,0,0.1105,1
corner,driven,far_post,High Zonal,9,2,6,2,1,0,1,1,0,1,0,1,0,0.1643,0
throw_in,inswinger,near_post,Man-to-Man,9,7,9,1,0,0,0,1,0,1,0,0,1,0.1326,1
throw_in,driven,six_yard,Deep Zonal,7,2,1,2,1,0,0,1,1,0,0,0,1,0.1311,1
free_kick_central,inswinger,wide_channel,Hybrid,4,6,2,2,0,1,0,0,0,0,1,0,0,0.1273,0
kick_off,outswinger,central,High Zonal,3,2,9,1,0,1,0,1,1,0,0,0,1,0.1266,0
corner,straight,wide_channel,High Zonal,5,3,9,3,0,0,0,0,1,1,1,0,1,0.1253,1
corner,outswinger,six_yard,Man-to-Man,5,6,6,2,0,0,0,1,0,1,1,0,0,0.1807,1
free_kick_wide,inswinger,edge_box,Deep Zonal,11,7,5,2,0,1,0,0,0,0,0,0,0,0.0636,1
throw_in,long,wide_channel,Deep Zonal,10,5,1,4,1,0,0,1,1,0,1,0,0,0.0624,0
throw_in,driven,central,Hybrid,5,3,10,4,0,0,0,0,1,1,0,0,0,0.1324,1
corner,lofted,wide_channel,Hybrid,6,3,6,3,0,0,0,0,0,0,1,1,0,0.0983,1
play_restart,lofted,near_post,High Zonal,9,5,1,4,1,1,0,1,1,0,1,0,0,0.1159,1
free_kick_wide,straight,far_post,Man-to-Man,9,4,4,1,0,0,1,1,0,0,0,0,0,0.0935,1
free_kick_wide,inswinger,penalty_spot,Man-to-Man,10,2,9,1,0,1,1,1,0,1,0,0,0,0.1801,1
throw_in,inswinger,near_post,Hybrid,9,5,10,4,1,0,0,1,0,0,0,0,1,0.1599,1
play_restart,short,edge_box,High Zonal,9,4,7,4,1,0,0,0,1,0,0,1,0,0.0952,1
throw_in,driven,far_post,Hybrid,9,7,2,0,1,0,1,0,0,0,0,1,1,0.1088,1
play_restart,outswinger,far_post,Man-to-Man,11,1,2,0,0,0,0,1,0,0,0,0,1,0.07,0
corner,inswinger,penalty_spot,Hybrid,6,6,4,0,0,1,0,0,0,1,1,0,0,0.1856,1
throw_in,straight,near_post,Man-to-Man,5,6,8,3,1,0,0,1,0,1,0,1,1,0.1804,1
goal_kick,driven,central,Hybrid,11,6,8,1,0,0,0,1,0,1,0,0,0,0.1422,0
free_kick_central,straight,central,High Zonal,4,5,8,4,0,0,1,1,1,0,1,0,0,0.2343,1
free_kick_wide,long,wide_channel,High Zonal,5,7,3,1,0,1,1,1,1,0,0,0,0,0.1802,1
play_restart,straight,edge_box,Man-to-Man,4,3,4,0,0,1,0,0,0,1,1,0,1,0.0981,1
corner,straight,far_post,Deep Zonal,10,3,4,0,0,0,1,1,1,0,0,0,0,0.0721,0
free_kick_wide,straight,edge_box,High Zonal,11,7,8,4,1,0,0,0,0,1,1,0,0,0.1558,1
kick_off,long,penalty_spot,Man-to-Man,6,1,8,1,1,1,1,1,0,0,0,0,0,0.1638,1
kick_off,long,central,Hybrid,3,6,1,4,0,0,0,0,1,0,0,0,0,0.0917,1
play_restart,straight,near_post,Man-to-Man,5,6,8,2,0,0,1,0,1,0,1,0,0,0.1223,1
kick_off,outswinger,penalty_spot,Man-to-Man,8,5,4,0,0,0,1,1,0,1,1,1,0,0.1461,1
corner,inswinger,central,Man-to-Man,6,1,4,1,0,0,0,0,1,1,0,0,0,0.125,1
play_restart,inswinger,six_yard,Deep Zonal,9,5,6,0,0,1,0,0,0,1,0,1,0,0.1106,1
free_kick_wide,inswinger,central,Man-to-Man,10,4,5,0,1,0,0,0,0,1,0,0,1,0.1577,1
throw_in,inswinger,penalty_spot,Hybrid,6,1,10,4,0,0,0,0,0,0,1,0,0,0.1236,1
free_kick_wide,long,far_post,High Zonal,8,6,6,3,1,0,1,1,0,0,0,0,0,0.1431,1
goal_kick,driven,edge_box,Deep Zonal,3,6,9,0,0,0,0,1,0,0,0,1,1,0.0908,1
penalty,long,wide_channel,High Zonal,4,4,9,2,1,0,0,1,1,0,0,0,1,0.7689,0
goal_kick,long,far_post,Hybrid,6,2,10,1,0,0,0,0,1,1,0,0,0,0.1074,1
corner,lofted,near_post,Man-to-Man,4,3,7,3,1,0,0,1,0,1,1,0,1,0.1614,1
corner,lofted,edge_box,Man-to-Man,3,4,10,0,1,0,0,1,1,0,0,0,0,0.1964,0
free_kick_central,outswinger,near_post,Man-to-Man,9,4,6,1,1,1,0,1,0,0,0,1,0,0.1817,0
corner,inswinger,near_post,Man-to-Man,3,5,4,3,1,0,1,1,1,0,1,0,1,0.1807,1
throw_in,inswinger,edge_box,Hybrid,5,2,9,3,0,1,0,1,0,0,1,0,0,0.0765,1
corner,driven,near_post,High Zonal,9,6,9,4,0,0,1,0,0,0,0,1,0,0.1164,1
penalty,inswinger,near_post,Man-to-Man,4,1,4,4,1,0,0,1,1,1,0,0,0,0.7628,1
corner,outswinger,far_post,Hybrid,5,7,10,3,1,0,0,1,0,0,0,0,1,0.166,1
corner,short,far_post,High Zonal,9,3,5,1,0,0,0,1,1,1,0,0,0,0.0654,1
throw_in,short,wide_channel,Man-to-Man,3,6,3,4,0,0,0,1,0,0,1,0,0,0.0743,1
free_kick_wide,short,central,High Zonal,5,1,7,3,0,0,1,1,1,1,0,0,1,0.1667,0
corner,driven,far_post,High Zonal,7,5,3,4,0,0,0,1,1,0,0,0,0,0.0869,1
corner,short,edge_box,Deep Zonal,3,7,5,3,0,0,0,1,1,0,0,0,0,0.1004,1
corner,driven,six_yard,Hybrid,8,7,6,4,1,0,1,0,1,0,0,0,0,0.1543,1
throw_in,inswinger,central,Deep Zonal,6,4,5,2,0,0,0,1,1,0,1,0,0,0.1177,1
corner,driven,penalty_spot,Deep Zonal,5,3,2,4,0,0,0,1,0,0,0,1,0,0.1155,1
free_kick_wide,short,penalty_spot,Hybrid,8,7,2,1,0,0,0,1,1,0,1,0,0,0.1547,1
throw_in,outswinger,central,Hybrid,3,5,1,0,0,0,0,1,0,0,0,0,0,0.0657,1
free_kick_central,lofted,near_post,Man-to-Man,8,7,7,1,1,0,0,1,0,0,0,0,0,0.1977,1
throw_in,lofted,edge_box,High Zonal,7,2,10,2,0,0,0,1,0,0,1,0,0,0.0502,1
corner,driven,central,Hybrid,3,4,7,3,1,0,0,0,0,0,0,1,0,0.1776,1
play_restart,lofted,central,Deep Zonal,10,3,6,2,0,0,0,0,0,1,0,0,1,0.0552,1
free_kick_wide,straight,penalty_spot,Man-to-Man,7,3,9,2,1,1,0,1,1,1,1,0,0,0.2206,1
corner,outswinger,near_post,Man-to-Man,3,7,1,0,0,0,1,0,0,1,0,0,1,0.1666,1
kick_off,inswinger,central,Deep Zonal,6,7,1,4,0,1,0,1,1,0,0,0,1,0.1208,1
throw_in,driven,far_post,Man-to-Man,9,5,10,1,1,0,0,1,1,0,1,1,1,0.1579,1
throw_in,driven,six_yard,Man-to-Man,7,1,9,0,0,0,0,0,1,0,0,0,0,0.111,0
kick_off,lofted,edge_box,High Zonal,6,4,6,0,0,1,0,1,1,0,1,1,0,0.1282,1
corner,driven,central,High Zonal,3,4,1,0,1,0,0,1,0,0,0,1,0,0.1353,1
goal_kick,short,central,Hybrid,3,5,2,4,0,0,0,1,0,0,1,1,0,0.0782,0
throw_in,inswinger,wide_channel,High Zonal,5,2,8,1,0,0,1,0,0,0,0,0,1,0.0914,1
free_kick_wide,inswinger,edge_box,Deep Zonal,5,5,3,3,0,0,0,1,0,1,1,0,1,0.1268,1
corner,straight,edge_box,Deep Zonal,8,6,6,2,1,1,0,1,1,0,0,1,1,0.1263,1
corner,long,near_post,Deep Zonal,7,4,8,4,0,0,0,1,0,1,0,1,0,0.1086,1
play_restart,inswinger,near_post,Deep Zonal,4,6,5,3,0,0,0,0,1,0,0,1,1,0.109,1
corner,lofted,central,Hybrid,8,2,5,1,1,0,0,0,0,0,1,1,0,0.1379,1
corner,long,six_yard,High Zonal,11,5,10,0,1,0,0,0,1,1,1,1,1,0.191,0
throw_in,outswinger,wide_channel,Hybrid,10,4,10,0,0,0,1,1,1,1,1,0,1,0.085,0
throw_in,driven,central,Man-to-Man,11,3,5,2,0,1,0,1,0,0,0,0,0,0.0556,1
corner,short,edge_box,Hybrid,7,3,3,0,0,0,0,1,1,0,0,0,0,0.0368,0
goal_kick,long,six_yard,Man-to-Man,6,4,1,4,0,0,0,1,1,0,0,0,0,0.1316,0
free_kick_central,straight,six_yard,Hybrid,3,4,2,1,0,0,0,0,0,0,1,1,0,0.1863,1
goal_kick,straight,far_post,High Zonal,9,5,6,4,0,0,1,0,0,0,0,0,0,0.063,1
corner,inswinger,central,Man-to-Man,6,7,10,0,1,0,0,1,0,0,0,0,0,0.1871,1
corner,short,wide_channel,Man-to-Man,8,5,6,4,1,0,1,0,1,1,1,1,0,0.1233,1
throw_in,long,central,Hybrid,5,4,10,4,0,0,1,0,0,1,0,0,0,0.1355,1
corner,lofted,central,High Zonal,4,7,8,2,0,1,0,0,0,0,0,0,0,0.1982,0
free_kick_central,driven,central,Man-to-Man,9,2,1,2,1,0,1,0,0,0,1,0,0,0.1734,1
corner,inswinger,penalty_spot,Man-to-Man,6,2,4,4,0,0,1,1,0,0,0,0,1,0.1363,0
goal_kick,lofted,near_post,High Zonal,7,1,6,4,0,0,0,1,1,0,0,0,1,0.0701,1
kick_off,inswinger,penalty_spot,Man-to-Man,11,2,1,2,1,0,1,0,0,1,0,0,0,0.106,1
goal_kick,inswinger,wide_channel,Deep Zonal,5,1,1,1,1,0,0,1,0,0,1,0,0,0.0782,1
play_restart,long,far_post,Deep Zonal,4,2,4,0,1,1,0,1,0,0,0,0,0,0.1038,1
kick_off,lofted,wide_channel,Man-to-Man,9,5,9,4,1,0,0,0,0,0,0,0,0,0.0765,1
free_kick_central,lofted,wide_channel,Man-to-Man,8,5,7,4,1,1,1,1,0,0,0,1,0,0.1688,1
free_kick_wide,driven,edge_box,Man-to-Man,6,5,6,4,1,0,0,1,0,0,1,1,0,0.1199,0
kick_off,outswinger,penalty_spot,Deep Zonal,8,7,6,0,0,1,0,1,0,1,0,0,1,0.1242,0
play_restart,inswinger,six_yard,Hybrid,11,7,6,2,0,0,0,0,0,0,0,0,1,0.0941,0
play_restart,inswinger,penalty_spot,High Zonal,4,3,9,1,0,1,1,0,0,0,0,0,0,0.193,0
goal_kick,short,central,Deep Zonal,10,2,4,2,0,0,1,0,0,0,0,0,0,0.0686,1
corner,straight,wide_channel,Deep Zonal,7,3,3,0,0,0,0,0,0,0,0,0,0,0.0586,0
play_restart,inswinger,far_post,Deep Zonal,10,7,3,2,1,0,1,0,1,0,0,1,0,0.0883,1
play_restart,straight,wide_channel,Deep Zonal,11,7,6,2,0,0,0,0,1,0,0,0,0,0.0417,1
throw_in,short,far_post,Hybrid,4,2,3,1,1,0,1,1,0,1,1,0,1,0.1615,0
goal_kick,long,central,High Zonal,4,2,10,2,0,1,0,0,0,0,1,0,0,0.141,1
penalty,straight,edge_box,Man-to-Man,3,6,7,2,0,0,0,0,0,1,0,0,0,0.7605,1
play_restart,outswinger,penalty_spot,Deep Zonal,4,7,4,3,0,0,0,1,1,0,0,0,0,0.1146,1
corner,long,far_post,High Zonal,6,7,3,1,0,0,0,0,1,0,0,0,0,0.1225,1
kick_off,long,six_yard,High Zonal,5,7,5,0,0,0,0,1,0,0,0,0,0,0.1245,1
corner,outswinger,far_post,Deep Zonal,10,2,9,1,0,0,0,0,1,0,0,1,0,0.0715,1
free_kick_wide,inswinger,near_post,Deep Zonal,9,6,10,0,1,0,1,1,0,0,1,0,0,0.1618,0
corner,lofted,edge_box,Deep Zonal,6,5,6,3,0,1,0,0,1,0,1,0,0,0.0879,1
free_kick_central,long,near_post,Man-to-Man,8,3,2,1,1,0,0,0,1,1,0,1,0,0.1831,0
corner,outswinger,far_post,Deep Zonal,5,1,1,1,0,0,1,0,0,1,0,0,1,0.0784,0
play_restart,short,central,Hybrid,7,5,6,0,0,0,0,1,0,0,0,0,1,0.1191,1
penalty,short,central,Deep Zonal,5,3,7,2,1,0,0,1,1,0,1,0,0,0.7604,1
kick_off,inswinger,wide_channel,Hybrid,10,3,4,0,1,1,0,1,0,1,1,1,0,0.0679,1
corner,inswinger,near_post,Hybrid,5,1,9,2,0,0,0,0,0,1,1,1,1,0.1422,1
corner,lofted,edge_box,Man-to-Man,11,1,1,1,0,0,0,1,0,0,0,0,0,0.0913,0
goal_kick,short,penalty_spot,High Zonal,11,2,4,3,0,0,1,1,0,0,1,1,1,0.1211,1
throw_in,inswinger,central,Hybrid,4,1,8,4,0,0,0,1,0,0,0,0,0,0.078,1
penalty,driven,wide_channel,Hybrid,8,7,3,2,1,1,0,0,0,0,1,0,1,0.7567,1
goal_kick,straight,central,Man-to-Man,10,1,2,4,1,0,0,0,0,1,0,0,0,0.1057,1
goal_kick,short,far_post,Deep Zonal,10,3,8,0,0,1,1,0,0,0,0,0,0,0.0811,0
throw_in,outswinger,edge_box,Man-to-Man,6,7,9,1,0,0,1,1,1,0,0,0,1,0.1547,1
play_restart,inswinger,edge_box,Man-to-Man,7,1,2,4,0,1,0,0,0,0,0,0,0,0.0996,1
throw_in,inswinger,central,Hybrid,4,5,5,1,1,0,1,0,0,0,0,1,1,0.1594,0
throw_in,lofted,six_yard,Man-to-Man,5,2,10,4,1,1,0,0,1,1,1,0,1,0.2484,1
free_kick_wide,short,wide_channel,Hybrid,5,3,2,4,0,0,0,1,1,1,0,0,1,0.0725,1
corner,driven,far_post,Hybrid,5,4,2,3,0,1,0,1,1,1,0,0,0,0.146,1
corner,inswinger,edge_box,Hybrid,6,5,3,3,1,0,1,0,0,0,0,1,0,0.1061,1
goal_kick,long,central,Deep Zonal,9,6,5,1,0,0,0,1,0,1,0,0,0,0.1137,0
throw_in,straight,central,Hybrid,11,5,9,4,1,0,0,1,0,1,0,1,1,0.1407,1
free_kick_wide,long,far_post,Hybrid,8,1,5,4,1,1,0,1,1,1,0,0,0,0.0984,1
throw_in,straight,central,Deep Zonal,7,2,4,4,1,0,0,0,1,0,1,0,0,0.0546,1
corner,short,edge_box,High Zonal,9,5,9,1,0,1,1,1,1,0,0,0,0,0.1002,1
corner,inswinger,near_post,Hybrid,8,3,3,0,0,0,0,1,0,1,0,0,0,0.0636,0
play_restart,inswinger,near_post,Man-to-Man,7,1,4,4,0,0,1,1,1,0,1,0,0,0.1218,1
free_kick_wide,driven,far_post,Deep Zonal,3,4,3,0,1,1,0,1,1,0,0,0,0,0.1416,1
corner,inswinger,near_post,Man-to-Man,7,3,2,3,0,0,0,1,1,0,0,1,0,0.1249,1
free_kick_central,inswinger,penalty_spot,High Zonal,3,6,6,1,0,0,0,1,1,0,0,1,0,0.2352,1
free_kick_wide,lofted,far_post,Hybrid,8,7,10,3,1,0,1,1,1,1,0,0,0,0.1455,1
throw_in,outswinger,near_post,High Zonal,11,1,3,2,0,1,0,1,0,1,0,0,0,0.0678,0
play_restart,short,central,Deep Zonal,10,6,1,0,1,1,0,0,0,1,0,1,1,0.1503,1
throw_in,driven,near_post,Man-to-Man,10,7,10,4,0,0,0,0,0,1,0,1,0,0.1479,1
throw_in,long,penalty_spot,Man-to-Man,7,5,2,4,0,0,0,1,0,0,1,1,0,0.1274,1
free_kick_wide,inswinger,central,High Zonal,7,5,1,1,0,0,0,1,1,1,0,0,0,0.1589,1
penalty,short,edge_box,Man-to-Man,7,4,8,0,0,0,0,1,0,0,0,0,0,0.7237,1
free_kick_wide,short,penalty_spot,High Zonal,4,4,2,4,0,0,1,1,1,1,0,0,0,0.1429,1
corner,straight,central,Hybrid,11,1,10,2,0,1,1,1,1,0,1,0,0,0.1843,1
kick_off,long,near_post,Deep Zonal,3,2,5,3,1,0,0,1,1,0,1,0,0,0.0552,1
free_kick_wide,lofted,central,Deep Zonal,11,5,7,4,1,0,0,1,1,1,1,1,0,0.121,1
free_kick_central,inswinger,central,Man-to-Man,11,4,3,3,0,1,0,1,0,1,0,0,0,0.1759,1
corner,inswinger,central,High Zonal,11,2,3,2,0,1,0,1,0,0,0,0,1,0.1287,0
goal_kick,long,wide_channel,High Zonal,3,3,8,3,0,0,0,0,0,0,1,0,0,0.0946,1
corner,straight,near_post,Hybrid,11,5,6,0,0,0,0,0,0,0,0,0,0,0.036,1
free_kick_wide,driven,central,Man-to-Man,5,2,10,2,1,0,0,1,1,0,0,1,0,0.2037,0
goal_kick,inswinger,six_yard,High Zonal,5,2,10,3,0,1,0,1,0,0,1,1,0,0.1609,1
free_kick_central,inswinger,wide_channel,Man-to-Man,9,7,7,3,1,1,1,0,0,0,0,0,0,0.173,1
play_restart,long,far_post,Hybrid,6,4,8,1,0,0,0,0,1,0,1,0,0,0.0599,0
corner,lofted,penalty_spot,Hybrid,11,4,9,3,0,1,1,1,1,0,0,0,0,0.1616,1
throw_in,inswinger,near_post,Deep Zonal,7,1,6,1,1,0,0,0,1,1,0,1,0,0.0956,0
play_restart,driven,six_yard,Man-to-Man,4,1,9,2,0,1,0,0,1,1,1,0,0,0.2179,0
penalty,straight,penalty_spot,Hybrid,5,5,1,3,1,1,0,1,0,0,0,0,0,0.7416,1
throw_in,inswinger,far_post,Deep Zonal,9,3,2,0,0,0,0,0,1,1,0,0,0,0.0352,0
free_kick_wide,short,central,Hybrid,8,2,5,4,0,0,0,1,1,0,1,0,0,0.1429,1
goal_kick,outswinger,far_post,Hybrid,5,2,1,2,0,0,1,1,0,0,1,1,0,0.0847,1
kick_off,long,edge_box,Deep Zonal,4,6,5,0,0,0,1,0,0,0,0,0,1,0.0697,1
throw_in,outswinger,near_post,Hybrid,9,7,7,2,0,1,0,1,0,1,0,1,0,0.1275,1
play_restart,straight,far_post,High Zonal,5,2,4,1,0,0,0,1,1,1,0,0,0,0.085,0
throw_in,outswinger,near_post,Deep Zonal,3,2,10,4,0,1,1,0,0,1,0,0,0,0.1349,1
penalty,driven,edge_box,Deep Zonal,8,6,9,0,0,0,0,0,1,0,0,1,0,0.7472,1
free_kick_wide,lofted,central,High Zonal,10,4,9,0,1,1,0,0,0,1,0,0,0,0.1688,0
throw_in,straight,wide_channel,Man-to-Man,5,6,8,3,0,0,0,1,0,0,0,0,0,0.0895,1
kick_off,straight,far_post,Man-to-Man,9,6,7,0,0,0,0,0,1,0,0,0,1,0.0967,1
throw_in,lofted,far_post,Deep Zonal,7,6,7,0,1,0,0,0,0,0,1,0,1,0.107,1
corner,inswinger,central,Hybrid,11,2,2,1,0,0,1,1,1,0,1,0,1,0.1281,0
penalty,driven,far_post,High Zonal,8,4,10,4,0,0,0,0,1,1,1,0,0,0.7883,0
goal_kick,short,central,Hybrid,7,4,8,4,1,1,0,1,0,0,0,1,0,0.1143,1
play_restart,driven,central,Man-to-Man,5,7,3,3,0,1,0,1,0,0,0,0,0,0.1639,1
corner,outswinger,central,Hybrid,10,5,7,2,1,0,0,1,1,1,0,0,0,0.1324,1
corner,outswinger,central,High Zonal,3,6,5,3,0,0,1,0,0,0,0,0,0,0.1733,1
free_kick_wide,outswinger,six_yard,Hybrid,7,7,10,1,0,1,1,0,0,0,0,0,0,0.1542,1
corner,inswinger,central,High Zonal,5,5,6,4,1,0,0,1,0,0,1,1,0,0.195,1
play_restart,inswinger,six_yard,Man-to-Man,7,5,8,3,0,1,0,0,0,1,0,0,1,0.1911,1
free_kick_wide,lofted,six_yard,Hybrid,11,4,2,2,0,0,0,0,0,1,0,1,1,0.1196,1
free_kick_central,outswinger,edge_box,High Zonal,3,1,2,2,0,0,1,0,0,1,0,0,0,0.1124,1
corner,inswinger,near_post,High Zonal,3,6,10,3,1,0,1,0,1,0,0,1,0,0.1938,1
free_kick_central,outswinger,penalty_spot,High Zonal,10,3,7,2,1,1,0,0,1,0,0,1,0,0.2182,1
play_restart,straight,six_yard,High Zonal,9,1,7,3,0,1,0,1,1,0,0,1,1,0.1525,1
free_kick_central,short,central,High Zonal,6,3,5,2,1,1,1,0,0,1,0,0,0,0.1772,1
corner,inswinger,central,Hybrid,5,3,7,1,0,0,0,0,1,0,0,0,0,0.1339,0
corner,driven,central,High Zonal,8,3,5,3,1,0,1,0,1,0,1,0,1,0.2092,1
play_restart,driven,far_post,Hybrid,5,2,7,1,0,0,0,1,1,0,0,1,0,0.0799,1
play_restart,outswinger,near_post,High Zonal,8,7,7,0,1,0,1,1,0,0,0,0,0,0.0856,1
corner,driven,central,Man-to-Man,6,7,3,0,1,1,0,1,0,0,0,0,0,0.1404,0
throw_in,straight,penalty_spot,Deep Zonal,9,1,9,0,1,0,0,1,0,0,0,1,1,0.1185,1
corner,straight,far_post,Man-to-Man,8,4,10,2,1,1,1,1,0,0,0,0,0,0.1517,0
penalty,lofted,central,Hybrid,8,3,8,3,1,0,0,0,0,0,1,0,1,0.7367,0
corner,driven,wide_channel,High Zonal,3,6,1,1,0,0,1,1,0,0,0,0,0,0.127,0
goal_kick,straight,central,High Zonal,8,4,1,0,1,0,0,1,0,0,0,1,0,0.1331,1
play_restart,straight,near_post,High Zonal,9,5,9,3,0,0,0,1,1,0,0,0,0,0.1095,1
corner,outswinger,central,Hybrid,7,1,2,1,1,0,0,1,0,0,0,0,0,0.113,1
free_kick_central,short,central,Man-to-Man,8,5,10,3,0,1,1,1,0,0,1,0,0,0.2361,0
corner,long,far_post,Hybrid,8,4,4,1,0,1,1,0,1,0,0,0,0,0.1273,1
free_kick_wide,inswinger,near_post,Hybrid,5,7,2,3,0,0,1,0,1,0,0,0,1,0.1554,1
corner,lofted,six_yard,High Zonal,6,1,7,3,0,0,0,0,1,1,0,0,1,0.176,0
corner,long,six_yard,High Zonal,4,3,7,1,1,0,0,1,0,1,1,0,1,0.1721,1
play_restart,inswinger,central,High Zonal,9,6,7,3,1,0,0,0,1,1,0,0,1,0.1271,1
corner,driven,edge_box,High Zonal,4,2,8,4,0,0,1,1,0,1,0,0,0,0.1345,1
goal_kick,long,penalty_spot,Deep Zonal,10,2,6,4,0,0,1,1,1,0,1,0,0,0.0746,1
corner,outswinger,six_yard,High Zonal,8,3,4,1,0,0,0,1,1,0,1,0,0,0.1227,1
free_kick_central,short,central,Hybrid,7,4,5,1,0,1,1,1,1,0,1,0,0,0.1672,1
free_kick_central,driven,penalty_spot,Deep Zonal,7,1,7,1,1,0,0,1,1,0,0,0,0,0.176,0
play_restart,lofted,near_post,Man-to-Man,4,5,8,0,0,1,0,0,0,0,0,1,1,0.1487,1
corner,outswinger,near_post,Hybrid,8,6,5,4,0,0,1,0,1,1,0,0,1,0.1086,1
corner,long,six_yard,High Zonal,6,3,1,4,1,0,0,1,1,1,0,0,1,0.1826,1
goal_kick,driven,central,Deep Zonal,10,2,5,4,1,0,0,1,0,0,0,0,0,0.0964,1
throw_in,lofted,far_post,Man-to-Man,10,3,6,0,1,0,0,0,0,0,1,0,0,0.0549,0
throw_in,inswinger,central,Hybrid,11,5,8,4,0,1,0,0,0,1,0,1,0,0.1379,1
corner,short,six_yard,Hybrid,11,4,9,4,1,0,0,1,1,1,1,0,0,0.1947,0
corner,driven,far_post,High Zonal,9,5,8,0,0,0,0,0,0,1,0,0,1,0.1245,0
goal_kick,inswinger,near_post,Deep Zonal,5,6,3,0,0,0,0,0,1,0,0,1,0,0.088,1
throw_in,straight,penalty_spot,Hybrid,5,7,1,1,0,1,0,1,1,0,0,1,0,0.1227,1
throw_in,short,central,Man-to-Man,11,4,3,2,0,0,0,1,1,1,0,0,0,0.079,0
corner,short,central,High Zonal,11,6,2,1,1,1,0,1,0,1,1,0,1,0.1473,0
corner,long,edge_box,Deep Zonal,5,4,7,3,1,0,0,0,0,1,1,0,1,0.1219,1
play_restart,inswinger,wide_channel,Hybrid,8,1,3,3,0,0,0,1,0,1,0,1,0,0.0414,1
throw_in,driven,edge_box,High Zonal,11,5,2,2,0,1,0,0,0,1,0,0,0,0.0723,1
corner,outswinger,near_post,Deep Zonal,10,7,6,1,0,0,1,1,0,0,0,1,0,0.1443,1
play_restart,driven,central,Hybrid,11,3,5,2,1,0,1,1,0,1,0,1,0,0.1281,1
throw_in,straight,edge_box,Man-to-Man,6,4,8,0,0,0,1,1,0,0,1,0,0,0.1248,1
free_kick_wide,inswinger,central,High Zonal,7,6,10,0,0,0,1,1,0,1,1,0,0,0.1869,1
free_kick_wide,lofted,edge_box,Deep Zonal,8,6,1,3,1,1,0,1,0,1,1,0,0,0.1336,0
throw_in,driven,far_post,Hybrid,11,1,1,0,0,0,0,0,1,0,0,0,0,0.0446,1
free_kick_wide,outswinger,six_yard,Deep Zonal,11,1,9,4,0,0,1,0,1,0,1,0,1,0.1109,1
penalty,outswinger,central,Man-to-Man,7,4,10,2,1,0,0,1,1,1,1,1,1,0.749,0
throw_in,short,wide_channel,Deep Zonal,10,1,4,2,0,1,1,1,0,1,0,1,1,0.0828,0
corner,lofted,far_post,High Zonal,6,7,2,4,0,1,0,0,0,0,0,0,0,0.128,1
play_restart,outswinger,edge_box,Deep Zonal,8,5,3,1,0,0,0,0,1,0,1,0,0,0.0299,1
free_kick_wide,lofted,central,Man-to-Man,10,5,5,2,0,0,0,1,1,0,0,0,1,0.1458,1
free_kick_wide,outswinger,penalty_spot,Hybrid,10,5,1,2,1,0,0,1,0,0,0,0,0,0.1376,1
throw_in,long,central,High Zonal,3,4,2,2,1,1,0,0,0,0,0,1,0,0.0978,1
throw_in,straight,near_post,Hybrid,3,1,1,4,0,0,0,1,1,0,1,0,0,0.0816,1
free_kick_central,inswinger,far_post,High Zonal,4,6,8,4,0,1,0,0,0,0,0,0,0,0.1969,1
throw_in,lofted,near_post,Man-to-Man,3,4,5,2,0,0,0,1,0,1,0,0,1,0.1277,1
kick_off,inswinger,wide_channel,Deep Zonal,4,3,10,1,1,0,0,0,0,0,1,0,0,0.0917,1
goal_kick,lofted,six_yard,Deep Zonal,11,4,5,1,0,1,0,1,0,0,0,0,1,0.0754,1
goal_kick,inswinger,edge_box,Hybrid,8,4,4,1,0,0,1,0,0,0,0,1,0,0.1017,0
corner,outswinger,far_post,Man-to-Man,3,7,4,2,0,0,0,1,0,0,0,0,1,0.0838,1
free_kick_wide,lofted,central,Hybrid,9,2,10,0,1,1,0,0,0,0,0,0,0,0.1192,1
penalty,long,central,High Zonal,11,2,2,1,1,1,0,1,0,1,0,0,0,0.8213,1
corner,inswinger,central,Deep Zonal,10,1,8,3,0,0,1,0,0,0,1,0,0,0.1081,1
goal_kick,short,penalty_spot,High Zonal,10,5,9,3,0,0,0,1,0,0,0,1,0,0.0729,1
free_kick_wide,inswinger,six_yard,Deep Zonal,11,1,10,0,1,0,0,1,0,0,1,0,0,0.1545,0
corner,driven,central,Deep Zonal,9,6,1,4,0,0,0,1,0,0,0,1,0,0.0818,1
corner,inswinger,near_post,Hybrid,10,6,7,0,0,0,1,0,0,1,0,0,0,0.1354,1
corner,short,near_post,High Zonal,10,5,9,0,0,0,0,0,0,1,0,1,0,0.0517,0
free_kick_wide,inswinger,far_post,Man-to-Man,9,4,7,0,0,1,1,1,1,1,1,1,0,0.1474,0
throw_in,long,near_post,Hybrid,4,3,9,0,0,0,0,0,0,1,0,0,1,0.1262,1
throw_in,lofted,far_post,High Zonal,11,7,10,0,1,0,1,0,0,1,0,0,1,0.169,0
corner,driven,near_post,Deep Zonal,3,6,9,4,0,0,0,1,1,1,0,1,0,0.169,1
corner,straight,near_post,Deep Zonal,5,2,8,2,0,0,0,0,0,1,1,0,1,0.109,0
goal_kick,outswinger,edge_box,High Zonal,9,2,2,0,0,1,0,1,0,1,1,0,0,0.0337,0
corner,inswinger,wide_channel,Deep Zonal,9,2,9,0,1,0,0,1,0,0,0,0,0,0.0715,0
free_kick_central,driven,central,Deep Zonal,10,4,7,1,0,0,0,1,0,0,0,1,1,0.1334,0
free_kick_central,inswinger,central,Deep Zonal,3,5,3,2,0,0,0,0,0,0,1,0,0,0.137,1
penalty,short,central,High Zonal,10,2,7,2,0,0,0,1,0,0,0,0,0,0.7963,1
kick_off,straight,edge_box,Man-to-Man,4,1,2,2,0,0,0,0,0,0,0,0,1,0.0646,0
throw_in,lofted,far_post,Deep Zonal,8,3,9,1,0,0,0,1,1,0,0,0,0,0.0728,1
play_restart,short,penalty_spot,Man-to-Man,5,4,7,0,0,0,1,0,0,0,0,1,0,0.1623,1
kick_off,short,penalty_spot,Deep Zonal,8,5,7,2,0,0,0,1,0,0,1,1,0,0.0717,1
corner,lofted,wide_channel,Man-to-Man,3,1,3,0,1,0,1,1,1,0,1,0,0,0.1166,1
corner,lofted,near_post,Man-to-Man,3,5,2,4,0,0,0,1,1,0,0,0,0,0.1353,1
free_kick_wide,short,near_post,Deep Zonal,11,2,5,1,1,0,1,1,1,0,1,0,0,0.0834,1
free_kick_wide,driven,far_post,Hybrid,7,3,4,3,0,0,0,1,1,0,0,1,0,0.0835,1
penalty,short,far_post,Man-to-Man,7,4,9,3,0,0,0,1,0,0,0,0,0,0.8015,1
corner,straight,near_post,Man-to-Man,6,1,10,0,1,0,0,1,0,0,0,1,0,0.1566,0
corner,inswinger,six_yard,Man-to-Man,11,4,7,3,1,0,0,1,0,0,0,0,0,0.1557,1
free_kick_wide,long,edge_box,Hybrid,10,1,8,3,1,0,1,1,0,0,0,0,0,0.1179,1
throw_in,long,wide_channel,Hybrid,7,2,10,0,0,1,1,1,0,0,0,1,0,0.0833,1
throw_in,inswinger,wide_channel,Man-to-Man,4,4,8,2,0,0,0,1,1,0,0,0,0,0.1565,1
play_restart,outswinger,far_post,High Zonal,9,2,4,0,0,0,0,0,0,0,0,0,0,0.0459,1
corner,long,six_yard,High Zonal,4,4,3,2,0,1,0,1,0,0,0,0,1,0.1556,1
free_kick_wide,inswinger,edge_box,Deep Zonal,5,2,3,0,0,1,0,1,1,0,0,1,1,0.1369,1
play_restart,long,central,Man-to-Man,8,4,4,1,1,0,0,1,0,0,0,0,0,0.152,1
throw_in,long,edge_box,Deep Zonal,11,1,3,4,0,0,0,1,0,1,0,0,0,0.0138,0
throw_in,straight,wide_channel,Hybrid,4,2,7,4,0,0,1,1,1,0,0,0,0,0.1142,1
free_kick_central,outswinger,edge_box,Deep Zonal,3,7,10,4,0,0,0,1,0,1,0,1,0,0.1764,1
corner,straight,edge_box,Man-to-Man,6,3,3,4,1,0,0,1,1,1,0,0,0,0.0879,1
kick_off,straight,central,Man-to-Man,9,5,5,2,0,0,0,0,0,0,1,0,1,0.0972,0
throw_in,short,six_yard,Deep Zonal,8,1,10,4,0,1,0,1,0,0,1,0,1,0.1085,1
penalty,long,far_post,Man-to-Man,11,1,10,4,0,0,0,1,1,0,0,0,0,0.8006,0
free_kick_central,driven,penalty_spot,Man-to-Man,4,6,1,1,0,0,0,1,1,0,0,0,0,0.1749,1
free_kick_wide,inswinger,edge_box,Deep Zonal,10,3,4,0,0,1,0,0,0,0,1,0,0,0.0638,0
corner,long,far_post,Hybrid,9,3,4,1,0,0,0,0,1,0,1,0,0,0.0507,0
goal_kick,outswinger,near_post,Man-to-Man,10,2,3,3,1,1,0,1,0,0,0,0,0,0.1059,0
free_kick_central,driven,edge_box,Hybrid,11,2,10,0,0,0,0,1,1,1,0,0,0,0.134,0
corner,inswinger,central,Man-to-Man,5,2,8,3,1,0,0,0,1,0,0,1,0,0.1826,1
free_kick_wide,short,central,Hybrid,5,6,1,1,0,0,0,0,0,0,0,0,0,0.1141,0
play_restart,short,near_post,Man-to-Man,7,7,7,2,1,1,0,0,0,0,0,1,0,0.0865,0
free_kick_wide,outswinger,penalty_spot,Man-to-Man,6,1,6,1,0,1,0,1,0,0,0,0,0,0.1149,0
free_kick_wide,lofted,near_post,Hybrid,4,1,6,3,1,1,1,0,1,0,1,0,0,0.1795,1
throw_in,inswinger,central,Deep Zonal,5,5,8,1,0,0,0,0,1,1,0,0,0,0.1212,1
goal_kick,inswinger,six_yard,Hybrid,6,7,5,2,1,0,1,0,0,1,1,0,1,0.1701,1
throw_in,short,far_post,Man-to-Man,9,3,8,3,0,0,1,1,0,0,0,0,1,0.0929,1
goal_kick,short,six_yard,Man-to-Man,3,6,5,4,0,0,0,1,0,0,0,0,1,0.1669,1
corner,outswinger,far_post,High Zonal,9,1,10,2,1,0,0,1,0,0,0,1,0,0.1176,1
play_restart,outswinger,near_post,High Zonal,10,6,9,0,0,0,0,1,1,0,1,1,1,0.1408,1
kick_off,inswinger,edge_box,Man-to-Man,4,7,1,2,0,1,0,1,0,0,0,1,0,0.1126,1
free_kick_central,driven,central,Hybrid,11,4,2,0,0,0,0,0,1,0,0,1,0,0.1368,1
throw_in,short,wide_channel,Man-to-Man,9,5,4,3,0,0,0,0,1,0,1,0,0,0.0394,1
corner,outswinger,central,Deep Zonal,9,2,1,1,0,0,0,1,0,1,0,0,1,0.0969,1
free_kick_central,straight,six_yard,Hybrid,9,6,1,3,0,0,0,0,1,1,1,0,0,0.1386,1
corner,lofted,far_post,Man-to-Man,10,6,1,0,0,0,0,0,0,0,0,0,1,0.0617,1
corner,driven,six_yard,Man-to-Man,6,6,9,2,1,1,1,1,1,0,0,1,0,0.2267,1
play_restart,inswinger,central,Hybrid,7,6,5,0,0,0,0,0,0,0,0,0,0,0.1001,1
corner,long,penalty_spot,Hybrid,8,1,8,2,1,0,0,0,1,1,0,1,0,0.1619,0
throw_in,inswinger,near_post,Deep Zonal,4,4,9,0,1,0,1,1,0,0,0,0,0,0.1088,1
free_kick_wide,outswinger,six_yard,High Zonal,3,4,2,2,0,0,1,1,0,1,0,0,1,0.1437,1
free_kick_wide,driven,central,Deep Zonal,9,1,7,2,1,0,0,1,0,0,0,0,0,0.131,1
free_kick_wide,driven,far_post,High Zonal,5,6,7,0,1,0,1,0,1,1,0,0,0,0.1736,0
free_kick_wide,inswinger,edge_box,High Zonal,5,2,10,3,0,0,1,0,0,0,0,1,1,0.1714,1
throw_in,driven,far_post,Man-to-Man,3,3,9,4,1,0,0,0,1,0,1,1,1,0.1236,1
play_restart,long,edge_box,Hybrid,7,1,7,2,0,0,0,0,1,0,0,0,0,0.0464,1
free_kick_wide,driven,edge_box,Man-to-Man,8,6,7,2,0,0,0,0,0,0,0,0,0,0.1391,1
play_restart,driven,near_post,Deep Zonal,11,2,6,1,1,0,1,1,0,0,0,0,0,0.044,0
throw_in,short,edge_box,High Zonal,7,4,6,1,0,0,0,1,0,0,0,0,1,0.0798,1
throw_in,lofted,far_post,Hybrid,6,4,6,0,0,0,1,1,0,1,1,0,0,0.105,1
corner,outswinger,penalty_spot,Man-to-Man,10,1,9,2,0,0,0,1,1,0,0,1,0,0.1653,0
corner,short,central,High Zonal,5,6,9,2,0,0,0,1,1,0,0,0,0,0.1751,1
goal_kick,outswinger,far_post,Deep Zonal,3,1,3,0,0,1,0,1,0,1,0,0,1,0.0718,0
penalty,driven,six_yard,High Zonal,3,5,1,1,0,0,0,0,0,0,0,0,0,0.7353,0
free_kick_wide,inswinger,wide_channel,Deep Zonal,10,2,3,2,0,0,0,0,1,0,0,0,1,0.0597,1
goal_kick,straight,wide_channel,High Zonal,9,5,5,1,0,0,0,0,0,1,0,0,1,0.0583,1
free_kick_wide,driven,edge_box,High Zonal,4,2,3,2,0,1,0,0,0,0,0,0,0,0.1163,1
goal_kick,outswinger,near_post,Hybrid,4,6,5,2,1,0,0,0,0,0,0,0,1,0.1216,1
free_kick_wide,outswinger,far_post,High Zonal,10,4,5,4,1,0,0,1,1,1,1,0,0,0.1056,1
play_restart,outswinger,central,High Zonal,8,5,10,0,1,0,0,1,0,1,1,1,0,0.1636,0
corner,long,edge_box,High Zonal,7,7,5,0,0,1,0,1,0,0,1,0,0,0.1257,0
corner,outswinger,near_post,Hybrid,6,4,2,1,0,1,0,1,0,0,0,1,0,0.1054,0
throw_in,straight,wide_channel,Hybrid,6,6,5,4,0,1,0,1,1,0,0,1,0,0.1118,1
corner,short,central,Man-to-Man,10,6,1,4,1,0,1,1,1,1,0,0,1,0.1581,1
play_restart,lofted,near_post,Hybrid,4,3,1,3,0,0,0,0,1,1,1,0,0,0.0568,1
throw_in,driven,six_yard,Hybrid,11,3,7,3,0,0,0,0,1,1,0,0,0,0.116,1
corner,inswinger,central,Deep Zonal,5,5,3,3,0,0,0,0,0,0,0,1,1,0.1149,1
corner,driven,near_post,Deep Zonal,5,7,7,4,1,0,1,0,0,0,1,1,0,0.1769,1
play_restart,driven,penalty_spot,High Zonal,6,1,1,4,0,1,0,0,1,0,0,0,0,0.1191,1
throw_in,long,wide_channel,Man-to-Man,10,1,4,3,0,0,0,0,0,0,0,1,0,0.0053,1
kick_off,short,central,Hybrid,3,2,6,1,0,0,1,0,0,0,0,1,0,0.1142,1
corner,inswinger,far_post,High Zonal,4,5,6,0,1,0,0,0,0,0,0,1,0,0.1193,1
play_restart,long,central,Man-to-Man,6,3,6,0,0,0,0,1,0,1,0,1,0,0.1372,1
free_kick_central,short,penalty_spot,Deep Zonal,4,4,6,3,1,1,0,1,1,1,0,0,1,0.2042,1
throw_in,outswinger,central,Hybrid,6,3,4,0,1,1,0,1,1,0,0,0,0,0.1503,0
free_kick_wide,inswinger,penalty_spot,Man-to-Man,6,3,4,4,1,0,0,1,0,0,0,0,1,0.1367,1
corner,outswinger,far_post,Deep Zonal,8,6,5,2,0,0,0,1,0,0,0,1,0,0.0615,1
play_restart,short,wide_channel,High Zonal,5,4,5,4,1,0,0,0,1,1,0,0,0,0.1069,1
play_restart,inswinger,edge_box,Man-to-Man,7,3,8,4,0,0,0,0,0,0,1,1,0,0.1073,1
free_kick_wide,long,edge_box,Hybrid,11,1,2,2,0,0,0,1,1,1,0,0,1,0.0834,0
play_restart,driven,far_post,High Zonal,7,3,6,2,0,0,0,1,1,0,1,1,1,0.1324,0
corner,outswinger,central,High Zonal,10,6,8,0,1,0,1,1,0,0,0,0,0,0.1515,1
corner,inswinger,central,Hybrid,5,1,4,4,1,0,0,1,0,1,1,0,0,0.1282,1
corner,inswinger,far_post,Deep Zonal,11,3,4,3,1,0,1,1,0,0,0,0,0,0.0784,0
free_kick_wide,straight,central,Man-to-Man,8,2,7,2,0,1,1,1,0,0,0,1,0,0.1569,1
corner,driven,near_post,Man-to-Man,4,4,7,0,0,1,1,0,0,0,0,0,0,0.1837,1
free_kick_wide,short,central,Deep Zonal,11,6,6,4,1,0,0,1,0,0,1,0,1,0.1124,1
corner,driven,near_post,Deep Zonal,9,6,5,0,0,0,0,1,0,0,0,1,0,0.0832,1
throw_in,lofted,central,Man-to-Man,6,3,1,3,0,0,0,1,0,0,1,0,0,0.1046,0
goal_kick,outswinger,penalty_spot,High Zonal,8,5,2,1,0,0,0,0,1,0,0,1,0,0.0925,0
throw_in,long,edge_box,High Zonal,11,6,5,3,0,0,0,0,1,0,1,0,1,0.0678,1
corner,straight,central,Hybrid,3,6,8,0,0,0,1,1,1,1,0,0,0,0.2088,1
goal_kick,straight,edge_box,High Zonal,3,5,3,4,1,1,0,0,0,1,0,0,0,0.1071,1
corner,outswinger,near_post,High Zonal,10,1,5,2,1,0,1,1,1,0,0,1,0,0.1292,0
goal_kick,outswinger,wide_channel,Man-to-Man,5,3,3,2,1,0,0,0,0,0,0,0,0,0.077,0
penalty,long,far_post,Man-to-Man,10,2,2,4,0,1,0,1,1,1,0,0,0,0.7753,0
free_kick_wide,short,far_post,Deep Zonal,9,5,9,0,0,1,0,0,0,0,0,1,1,0.0979,0
corner,outswinger,edge_box,High Zonal,11,2,10,3,0,1,1,1,0,0,0,1,0,0.107,1
goal_kick,inswinger,far_post,Deep Zonal,9,1,10,2,0,1,0,1,0,1,0,0,0,0.073,0
play_restart,short,far_post,High Zonal,11,7,9,3,0,1,1,1,1,0,1,0,1,0.135,1
throw_in,long,central,Man-to-Man,8,1,5,3,1,0,1,0,0,0,0,1,0,0.1076,1
play_restart,short,wide_channel,Deep Zonal,3,6,8,4,0,1,0,0,1,0,0,1,0,0.1079,1
play_restart,inswinger,six_yard,Hybrid,4,7,3,1,0,0,0,1,0,0,0,0,0,0.1051,1
corner,outswinger,far_post,Hybrid,10,6,6,1,1,0,0,1,1,1,1,1,0,0.1236,1
throw_in,driven,six_yard,Deep Zonal,5,4,3,3,0,0,1,1,0,1,1,0,0,0.1414,1
free_kick_wide,long,near_post,Man-to-Man,11,4,7,2,0,0,1,0,1,0,0,1,1,0.1246,1
free_kick_central,inswinger,far_post,Man-to-Man,10,6,5,4,1,0,0,1,1,1,1,0,0,0.1733,1
corner,straight,far_post,Deep Zonal,9,2,4,3,0,0,0,0,0,0,0,0,0,0.0235,1
play_restart,straight,central,Man-to-Man,4,3,1,1,0,0,1,1,1,0,1,0,0,0.1428,1
throw_in,long,wide_channel,High Zonal,4,3,3,1,1,0,0,1,0,1,1,0,0,0.0982,1
corner,inswinger,six_yard,Hybrid,9,2,5,3,0,0,0,0,1,1,0,1,1,0.1468,1
free_kick_wide,short,wide_channel,Hybrid,6,4,6,1,0,1,0,1,0,0,1,1,0,0.0776,1
free_kick_wide,lofted,penalty_spot,Hybrid,6,3,9,4,0,1,0,0,0,0,0,0,0,0.1771,1
goal_kick,straight,central,High Zonal,3,1,8,3,0,1,0,0,1,0,0,0,0,0.0944,1
play_restart,outswinger,edge_box,Hybrid,7,1,6,1,1,0,1,1,1,0,0,0,0,0.094,0
free_kick_wide,inswinger,near_post,Man-to-Man,3,5,5,4,1,1,0,1,0,0,0,0,0,0.1763,0
free_kick_central,inswinger,six_yard,Hybrid,4,4,5,3,0,0,1,0,1,1,0,0,1,0.2354,1
throw_in,lofted,near_post,High Zonal,11,6,9,1,0,0,1,0,1,0,1,1,1,0.14,1
free_kick_wide,lofted,six_yard,Deep Zonal,9,1,9,2,0,0,0,1,0,0,1,0,0,0.1564,1
free_kick_central,inswinger,edge_box,High Zonal,11,3,4,3,0,0,1,1,1,0,0,0,0,0.1022,1
corner,lofted,near_post,Hybrid,11,3,6,1,0,0,1,1,0,0,0,0,0,0.1091,1
corner,inswinger,near_post,High Zonal,11,5,4,3,0,0,0,1,0,1,1,0,1,0.1214,1
free_kick_wide,short,far_post,High Zonal,6,4,6,1,0,1,0,1,1,0,1,0,1,0.1305,1
kick_off,long,central,High Zonal,5,4,5,4,0,1,0,1,0,1,0,1,0,0.128,1
free_kick_wide,straight,six_yard,Hybrid,9,7,9,2,0,0,1,0,0,0,1,1,0,0.1848,1
corner,short,central,Man-to-Man,8,1,8,3,1,0,1,0,1,1,1,0,0,0.15,1
goal_kick,short,far_post,High Zonal,6,7,2,2,1,1,0,1,0,1,0,0,0,0.0902,1
play_restart,inswinger,central,Deep Zonal,7,2,1,0,1,1,0,1,1,0,0,0,0,0.1427,0
free_kick_central,lofted,near_post,Deep Zonal,4,1,10,3,0,1,0,0,1,1,0,0,1,0.1949,1
corner,outswinger,central,Hybrid,7,4,4,3,0,0,1,0,0,0,1,1,0,0.1295,1
throw_in,inswinger,six_yard,High Zonal,11,2,2,0,0,1,0,0,1,0,0,0,1,0.0862,0
free_kick_wide,lofted,edge_box,High Zonal,6,6,8,4,0,1,0,1,1,0,1,1,1,0.1234,1
throw_in,straight,wide_channel,Man-to-Man,7,6,5,0,1,0,1,0,0,0,0,0,1,0.1432,0
corner,straight,far_post,Deep Zonal,11,3,6,1,0,1,0,0,0,1,0,0,0,0.077,1
corner,outswinger,central,High Zonal,10,6,7,0,0,1,0,0,1,1,1,0,0,0.2032,1
free_kick_wide,inswinger,near_post,Deep Zonal,10,2,4,3,0,0,0,0,0,0,1,0,1,0.0825,1
throw_in,outswinger,far_post,Deep Zonal,3,3,6,2,0,0,0,0,0,0,0,0,0,0.0873,1
free_kick_wide,straight,near_post,High Zonal,10,1,7,2,1,1,1,1,0,0,1,0,1,0.1176,1
corner,short,near_post,High Zonal,3,5,7,4,0,0,1,1,0,0,1,0,0,0.1747,1
free_kick_central,straight,penalty_spot,High Zonal,3,6,10,2,1,1,0,0,1,0,0,1,0,0.2517,1
goal_kick,driven,near_post,Hybrid,6,6,4,2,0,0,0,1,0,0,0,1,0,0.0935,1
corner,lofted,penalty_spot,High Zonal,6,3,6,2,0,0,1,1,0,0,1,0,1,0.1751,1
throw_in,outswinger,penalty_spot,Man-to-Man,4,6,8,4,0,0,0,1,1,0,0,0,0,0.1473,1
throw_in,lofted,edge_box,High Zonal,8,5,8,2,0,0,1,0,0,0,0,0,1,0.124,1
free_kick_wide,driven,far_post,Hybrid,11,5,10,1,0,0,1,1,0,0,0,0,0,0.1003,1
play_restart,lofted,edge_box,Deep Zonal,8,2,2,1,0,0,1,0,0,0,0,0,1,0.0437,1
kick_off,long,central,Hybrid,11,6,10,2,0,0,1,0,1,0,0,0,1,0.1208,1
free_kick_wide,inswinger,near_post,High Zonal,11,6,5,3,1,0,1,1,1,0,0,0,0,0.1776,1
corner,inswinger,central,Deep Zonal,10,7,3,4,0,0,1,0,1,0,0,0,0,0.0921,1
free_kick_wide,lofted,near_post,Deep Zonal,4,3,3,2,0,0,1,0,1,1,0,0,0,0.0975,1
corner,short,far_post,High Zonal,8,4,4,2,0,0,0,1,0,1,0,0,1,0.1033,1
penalty,driven,edge_box,Deep Zonal,3,1,10,4,1,0,0,0,0,0,0,1,1,0.763,1
kick_off,long,edge_box,Deep Zonal,9,5,2,3,1,0,1,1,1,1,0,1,0,0.038,1
kick_off,outswinger,central,Deep Zonal,11,4,3,0,0,0,0,1,1,1,0,0,0,0.0579,0
free_kick_wide,straight,near_post,Man-to-Man,4,6,8,3,0,0,0,0,1,1,0,1,0,0.1642,1
free_kick_wide,lofted,central,High Zonal,7,6,10,3,1,1,0,1,1,0,1,0,0,0.1745,1
corner,inswinger,wide_channel,High Zonal,4,7,1,3,0,1,0,0,0,0,0,1,0,0.1233,1
penalty,long,central,Deep Zonal,7,7,5,0,1,1,0,0,0,0,0,0,0,0.7272,0
corner,lofted,far_post,Man-to-Man,7,2,5,2,0,0,0,1,0,0,1,0,0,0.0643,1
play_restart,inswinger,near_post,Deep Zonal,11,7,5,3,0,0,0,1,1,1,0,1,0,0.1173,1
kick_off,outswinger,edge_box,Deep Zonal,5,1,8,4,1,0,1,1,0,1,1,0,1,0.1105,1
corner,short,far_post,Hybrid,9,4,6,4,0,0,0,0,1,0,0,0,0,0.0831,1
throw_in,driven,near_post,Man-to-Man,8,7,2,3,0,0,0,1,0,0,0,0,0,0.1228,0
penalty,short,far_post,High Zonal,9,5,3,3,1,0,0,1,1,0,0,0,0,0.7633,1
goal_kick,inswinger,edge_box,Deep Zonal,11,7,8,1,0,0,0,1,0,0,1,0,0,0.0656,1
free_kick_central,inswinger,far_post,High Zonal,4,4,3,2,0,0,0,1,0,0,1,0,0,0.1441,1
corner,straight,wide_channel,Hybrid,3,5,5,0,0,0,0,0,1,0,0,1,0,0.1149,1
throw_in,outswinger,six_yard,Hybrid,8,4,4,0,0,1,0,1,0,0,0,1,0,0.1221,1
corner,outswinger,far_post,Deep Zonal,4,7,5,1,0,1,1,1,0,0,0,0,1,0.1694,1
throw_in,driven,wide_channel,Deep Zonal,7,1,8,4,0,0,0,0,1,0,1,0,1,0.0808,1
corner,inswinger,six_yard,Man-to-Man,7,3,3,1,0,0,0,1,0,1,0,1,0,0.1547,0
throw_in,driven,central,High Zonal,8,5,8,1,1,1,1,1,0,0,0,0,1,0.1713,0
goal_kick,lofted,edge_box,Hybrid,3,4,8,4,1,0,0,1,1,0,0,0,0,0.0948,1
corner,short,far_post,Hybrid,8,7,10,0,1,0,0,0,0,0,1,0,0,0.1237,0
free_kick_wide,short,penalty_spot,High Zonal,10,5,5,0,1,1,0,0,1,0,0,0,0,0.1845,0
throw_in,inswinger,far_post,Man-to-Man,3,1,1,0,1,1,0,1,1,0,0,1,0,0.1515,0
corner,short,six_yard,High Zonal,6,5,7,2,0,0,0,0,1,0,1,1,0,0.1041,1
penalty,straight,wide_channel,Man-to-Man,6,3,8,3,1,0,0,1,1,1,1,1,0,0.732,1
throw_in,outswinger,central,Man-to-Man,6,4,1,4,0,1,0,0,0,0,0,0,0,0.1006,0
free_kick_wide,short,penalty_spot,High Zonal,7,1,2,4,0,1,0,1,0,0,0,1,0,0.1352,1
goal_kick,inswinger,penalty_spot,Hybrid,4,7,4,3,0,0,0,1,0,1,0,0,1,0.1334,1
free_kick_central,outswinger,six_yard,Deep Zonal,7,3,6,4,1,0,0,0,1,1,1,0,1,0.1756,1
throw_in,long,far_post,Deep Zonal,3,6,6,4,0,0,1,1,1,0,1,0,0,0.069,1
corner,straight,central,Deep Zonal,3,4,2,2,1,0,0,1,1,1,0,0,0,0.1427,1
corner,inswinger,central,Hybrid,7,7,2,0,1,1,0,1,0,0,1,1,1,0.157,1
corner,inswinger,near_post,Hybrid,11,3,10,3,0,1,1,1,1,1,0,0,1,0.132,1
kick_off,outswinger,near_post,Hybrid,9,1,8,1,0,0,0,1,1,0,0,0,0,0.1075,1
kick_off,short,central,Deep Zonal,6,4,6,4,1,0,0,0,1,0,0,1,0,0.0915,1
goal_kick,short,near_post,Man-to-Man,6,1,4,2,0,0,0,1,1,0,0,1,0,0.1118,0
corner,inswinger,six_yard,Man-to-Man,7,6,5,3,1,0,0,1,0,0,0,0,0,0.1646,1
free_kick_central,short,central,High Zonal,3,7,10,2,0,0,0,0,0,0,1,0,1,0.1997,1
goal_kick,lofted,central,Hybrid,8,2,4,1,0,0,1,1,0,1,0,1,1,0.1154,1
throw_in,short,edge_box,Hybrid,4,1,4,4,1,1,0,1,0,0,1,0,0,0.0695,1
corner,short,central,Hybrid,9,6,5,4,0,0,0,1,1,0,1,0,0,0.1287,1
kick_off,short,edge_box,Deep Zonal,6,5,2,4,0,0,0,1,0,0,1,0,0,0.0668,1
corner,driven,six_yard,High Zonal,6,6,2,4,1,0,1,0,0,0,0,0,1,0.1707,1
corner,lofted,central,High Zonal,6,4,9,0,0,0,0,1,1,0,0,0,0,0.1504,0
kick_off,inswinger,far_post,Man-to-Man,4,5,7,3,0,0,0,1,1,0,0,0,1,0.1359,1
free_kick_central,outswinger,central,Hybrid,5,2,4,2,0,0,0,1,0,0,0,0,0,0.161,0
free_kick_wide,inswinger,far_post,Man-to-Man,4,3,6,2,1,1,0,0,0,0,0,0,0,0.151,0
penalty,driven,penalty_spot,Man-to-Man,10,5,5,2,1,1,0,1,0,0,0,0,0,0.803,1
play_restart,inswinger,central,Hybrid,4,7,1,4,0,0,0,1,0,0,0,0,0,0.1115,1
corner,lofted,far_post,Hybrid,4,3,8,4,0,0,1,1,1,1,0,1,0,0.1615,1
goal_kick,inswinger,far_post,Hybrid,5,3,2,3,0,0,1,1,1,0,0,1,1,0.1298,1
free_kick_wide,short,near_post,Deep Zonal,6,5,6,3,0,0,0,1,0,0,0,0,0,0.0967,1
corner,outswinger,near_post,Man-to-Man,8,1,3,0,1,0,0,1,0,1,0,0,0,0.1232,0
free_kick_wide,straight,penalty_spot,Deep Zonal,6,5,5,0,0,1,0,1,1,1,0,0,1,0.1885,0
penalty,straight,near_post,Man-to-Man,7,1,5,4,1,0,0,1,0,0,0,0,0,0.7665,1
corner,long,edge_box,High Zonal,7,5,5,0,0,0,0,1,1,0,1,0,0,0.0966,0
free_kick_wide,straight,wide_channel,High Zonal,4,7,3,3,0,1,0,0,1,1,0,0,0,0.091,0
throw_in,straight,edge_box,High Zonal,3,7,1,2,0,0,0,0,1,1,0,0,0,0.0746,1
penalty,long,central,Man-to-Man,9,2,2,3,1,0,0,0,1,0,0,1,0,0.7549,0
throw_in,lofted,far_post,Hybrid,11,5,8,4,0,1,0,0,1,0,0,0,0,0.0908,0
goal_kick,driven,edge_box,Man-to-Man,3,4,1,2,0,1,0,1,0,0,1,0,1,0.0891,1
free_kick_wide,long,edge_box,Man-to-Man,11,4,6,2,0,0,0,0,1,1,1,1,0,0.1037,1
free_kick_wide,straight,wide_channel,Man-to-Man,11,5,4,0,0,0,0,1,1,0,1,0,0,0.0954,0
free_kick_central,lofted,far_post,Hybrid,10,7,7,1,0,0,0,1,1,1,0,0,0,0.1445,1
penalty,straight,central,Man-to-Man,8,5,7,1,1,0,0,1,0,0,0,0,0,0.738,0
corner,lofted,central,Man-to-Man,6,4,2,4,1,0,1,1,0,1,0,0,0,0.1598,1
free_kick_wide,driven,wide_channel,Deep Zonal,8,5,7,1,0,1,0,1,0,1,1,1,0,0.1273,1
corner,inswinger,penalty_spot,Hybrid,3,4,7,1,1,0,0,0,1,1,1,0,0,0.1708,1
free_kick_wide,inswinger,six_yard,Deep Zonal,5,3,3,2,0,0,1,1,0,1,0,0,0,0.1277,1
play_restart,long,edge_box,Hybrid,6,6,9,2,1,0,0,1,0,0,0,0,0,0.1226,1
throw_in,long,wide_channel,Hybrid,7,5,5,3,0,1,0,1,0,1,0,0,0,0.0992,0
free_kick_wide,short,far_post,Hybrid,5,4,1,4,0,0,0,1,0,0,0,0,0,0.0999,0
penalty,lofted,wide_channel,Deep Zonal,6,1,7,2,0,1,0,0,0,0,1,1,1,0.708,1
throw_in,short,six_yard,Deep Zonal,9,2,5,3,1,0,0,1,0,0,1,0,0,0.0702,1
free_kick_wide,outswinger,six_yard,Hybrid,11,2,4,1,0,0,0,1,1,0,0,1,0,0.0787,1
free_kick_central,short,wide_channel,Hybrid,10,5,5,2,0,0,0,0,1,0,1,0,0,0.0853,1
throw_in,inswinger,far_post,Man-to-Man,3,1,10,1,0,0,1,1,1,1,0,0,0,0.1863,1
corner,short,edge_box,Hybrid,8,3,4,1,0,0,1,1,1,1,1,0,1,0.1052,1
penalty,lofted,penalty_spot,Deep Zonal,7,4,7,3,0,0,1,0,1,1,0,0,0,0.7614,1
penalty,inswinger,edge_box,Hybrid,7,6,9,3,1,0,0,1,1,0,1,0,1,0.7735,1
goal_kick,driven,edge_box,Deep Zonal,10,2,6,3,1,0,0,0,1,0,0,1,0,0.0232,1
play_restart,driven,edge_box,Man-to-Man,5,5,9,3,1,1,0,0,0,1,0,0,0,0.1393,1
goal_kick,inswinger,far_post,Man-to-Man,7,4,5,1,0,1,1,0,0,0,0,1,0,0.1112,1
free_kick_central,driven,edge_box,Hybrid,10,6,3,3,0,0,1,1,0,1,0,0,0,0.1154,1
corner,long,six_yard,Hybrid,8,2,5,1,1,0,1,0,1,0,0,0,1,0.1567,0
throw_in,straight,penalty_spot,Hybrid,7,5,2,0,0,0,0,1,1,0,0,0,0,0.0995,1
goal_kick,outswinger,far_post,High Zonal,11,3,3,1,0,0,0,1,1,1,0,1,0,0.0479,0
play_restart,outswinger,six_yard,High Zonal,3,2,3,3,0,0,0,1,0,1,0,0,0,0.1428,1
goal_kick,short,edge_box,Hybrid,6,1,1,3,1,0,0,1,1,0,0,0,0,0.0478,1
corner,outswinger,far_post,High Zonal,7,3,2,3,1,0,0,0,0,1,0,1,0,0.1021,1
throw_in,outswinger,penalty_spot,Hybrid,3,4,9,3,0,0,0,1,0,0,0,0,1,0.1353,1
kick_off,lofted,edge_box,Man-to-Man,7,1,9,1,0,1,0,1,1,0,0,0,0,0.0767,0
throw_in,long,edge_box,Deep Zonal,11,6,10,3,0,0,1,0,1,0,1,1,0,0.0543,1
throw_in,long,central,High Zonal,10,5,1,2,1,0,0,1,0,1,0,0,0,0.1019,0
free_kick_central,lofted,central,High Zonal,3,3,10,4,0,0,0,1,0,1,1,0,1,0.2123,1
throw_in,inswinger,six_yard,Hybrid,10,1,4,0,1,0,0,1,0,1,1,0,0,0.087,0
corner,outswinger,wide_channel,High Zonal,10,5,5,3,0,0,0,0,0,0,1,0,0,0.0503,1
corner,long,far_post,Man-to-Man,10,1,2,3,0,1,1,1,0,0,1,1,0,0.092,1
goal_kick,straight,wide_channel,High Zonal,4,3,10,2,1,0,1,1,0,0,1,0,0,0.0932,1
play_restart,inswinger,far_post,Deep Zonal,11,2,10,4,0,0,0,1,0,0,1,1,0,0.0544,1
goal_kick,driven,near_post,High Zonal,3,2,8,1,0,0,0,1,1,1,1,0,1,0.1402,1
free_kick_wide,inswinger,edge_box,Man-to-Man,3,6,1,1,1,0,0,0,1,1,0,0,1,0.1428,0
corner,short,near_post,High Zonal,6,3,5,1,0,0,0,1,0,0,1,1,0,0.1019,1
corner,short,near_post,Man-to-Man,10,2,3,2,1,1,1,1,0,0,0,1,0,0.116,0
goal_kick,short,wide_channel,Hybrid,10,3,10,1,0,0,1,0,1,0,1,0,1,0.0537,0
throw_in,outswinger,far_post,Man-to-Man,8,2,7,3,0,0,0,1,0,1,0,1,0,0.0849,1
play_restart,inswinger,central,Man-to-Man,3,6,10,0,0,0,1,1,0,0,0,0,0,0.1442,1
free_kick_wide,driven,far_post,Hybrid,10,4,9,0,0,1,0,0,0,0,1,0,1,0.113,0
penalty,lofted,penalty_spot,Hybrid,5,2,6,0,0,1,0,1,0,0,0,0,0,0.6977,0
goal_kick,straight,penalty_spot,Man-to-Man,9,3,3,2,1,1,0,1,0,0,1,0,1,0.1264,1
corner,inswinger,central,Man-to-Man,5,7,8,0,0,0,1,1,0,0,1,0,0,0.1657,1
play_restart,short,far_post,Deep Zonal,8,5,7,3,1,0,1,1,0,0,0,0,0,0.0685,1
throw_in,outswinger,penalty_spot,Man-to-Man,3,5,8,0,0,1,1,1,0,1,1,0,0,0.2129,1
corner,inswinger,penalty_spot,High Zonal,11,6,10,3,0,0,0,0,1,0,0,0,0,0.1279,1
corner,inswinger,wide_channel,Hybrid,3,3,7,4,0,1,1,0,0,0,1,1,0,0.1485,1
kick_off,inswinger,far_post,Hybrid,11,3,7,4,0,1,0,1,0,0,1,0,0,0.0546,1
throw_in,outswinger,six_yard,Deep Zonal,11,7,5,2,0,0,0,0,0,1,0,1,1,0.1139,1
goal_kick,outswinger,wide_channel,Hybrid,4,4,5,2,0,0,0,1,0,0,0,1,0,0.0686,1
goal_kick,driven,central,Man-to-Man,9,2,2,1,1,1,0,1,0,0,0,0,0,0.0562,0
free_kick_wide,straight,near_post,Hybrid,6,7,2,0,0,0,0,0,1,0,0,0,0,0.1491,1
goal_kick,straight,penalty_spot,Hybrid,5,6,10,1,0,0,0,1,0,0,0,0,1,0.1766,0
play_restart,inswinger,wide_channel,Man-to-Man,5,3,2,1,1,0,1,0,1,0,0,0,0,0.0646,1
corner,driven,near_post,Hybrid,5,2,1,2,0,1,1,1,0,0,1,0,0,0.1332,0
goal_kick,inswinger,central,Deep Zonal,11,5,8,0,0,0,1,0,0,0,1,0,0,0.0771,1
free_kick_wide,outswinger,edge_box,Deep Zonal,3,4,2,4,0,0,0,1,0,1,1,0,0,0.0673,1
free_kick_wide,short,six_yard,High Zonal,6,2,5,0,1,0,0,1,0,0,1,0,0,0.1104,1
free_kick_wide,long,near_post,Hybrid,6,1,4,1,0,0,1,1,0,0,0,1,0,0.1045,1
kick_off,driven,central,Deep Zonal,6,6,5,1,1,0,1,1,1,1,1,1,0,0.1491,1
corner,straight,central,Man-to-Man,5,6,4,4,1,0,0,1,0,0,0,0,0,0.169,1
free_kick_wide,outswinger,wide_channel,High Zonal,8,7,1,3,0,0,0,1,0,1,0,0,0,0.0984,1
throw_in,outswinger,edge_box,Deep Zonal,11,3,3,4,0,0,0,1,0,0,0,0,0,0.0343,1
corner,short,far_post,Man-to-Man,9,5,7,4,0,0,1,1,1,1,0,0,1,0.1623,0
goal_kick,outswinger,six_yard,Deep Zonal,4,5,1,3,0,0,0,0,0,1,1,0,0,0.0915,1
play_restart,outswinger,penalty_spot,Man-to-Man,11,2,3,0,1,0,0,1,1,0,0,0,0,0.1066,0
corner,inswinger,wide_channel,Deep Zonal,6,7,9,2,0,0,0,1,0,0,0,0,1,0.1168,1
corner,lofted,central,Man-to-Man,5,3,7,2,1,0,0,0,0,0,0,0,1,0.1933,1
play_restart,inswinger,near_post,Deep Zonal,9,1,6,1,0,0,1,0,1,0,0,0,0,0.0743,0
corner,outswinger,far_post,Deep Zonal,11,2,6,0,0,1,1,1,0,0,1,1,0,0.0796,0
corner,lofted,central,High Zonal,5,7,10,0,0,0,0,1,0,0,0,0,0,0.1585,0
play_restart,long,six_yard,Man-to-Man,4,1,1,1,0,1,0,1,0,0,0,0,0,0.1044,0
kick_off,short,penalty_spot,High Zonal,10,4,9,3,1,0,0,1,1,0,0,1,0,0.145,1
throw_in,long,central,Man-to-Man,7,4,5,0,0,0,1,1,0,0,0,1,0,0.1074,1
penalty,inswinger,edge_box,Hybrid,9,6,5,4,1,0,0,1,1,1,0,1,0,0.8028,1
kick_off,driven,far_post,Deep Zonal,7,6,3,1,0,0,0,0,0,1,1,0,0,0.0714,1
throw_in,outswinger,far_post,Hybrid,3,4,4,3,1,0,1,1,1,0,0,0,0,0.1542,1
throw_in,lofted,central,Deep Zonal,6,5,6,0,0,1,0,1,1,0,0,0,1,0.135,1
goal_kick,outswinger,wide_channel,Hybrid,10,6,3,0,1,0,1,1,0,0,0,0,0,0.0787,1
throw_in,short,edge_box,Man-to-Man,11,6,4,2,1,0,0,0,0,0,1,0,0,0.0705,1
free_kick_central,short,six_yard,Man-to-Man,6,7,10,0,0,0,0,0,0,0,0,0,1,0.1641,1
free_kick_wide,inswinger,edge_box,Deep Zonal,9,5,9,3,0,1,1,0,0,0,0,0,0,0.1201,1
free_kick_central,straight,far_post,Hybrid,3,3,7,1,0,1,1,1,1,0,0,0,0,0.1872,1
free_kick_central,driven,near_post,Man-to-Man,4,4,3,1,0,0,0,0,0,0,1,0,0,0.1944,1
free_kick_wide,outswinger,edge_box,Deep Zonal,9,6,9,4,0,0,0,0,0,0,1,0,0,0.1047,0
free_kick_central,lofted,near_post,Hybrid,3,3,9,1,0,1,1,1,0,0,1,0,0,0.2031,1
goal_kick,outswinger,wide_channel,Deep Zonal,9,7,10,0,0,0,1,0,1,0,0,1,0,0.0526,1
free_kick_wide,short,central,Hybrid,11,4,7,0,0,0,0,0,0,0,0,0,0,0.0832,0
corner,short,central,Deep Zonal,3,6,3,1,1,0,1,1,0,0,0,0,0,0.1021,1
corner,straight,penalty_spot,Hybrid,8,4,4,2,0,0,1,1,1,1,0,0,0,0.1125,1
corner,long,far_post,Deep Zonal,6,7,10,2,1,1,0,0,0,1,0,0,1,0.1592,0
goal_kick,long,edge_box,Man-to-Man,8,5,2,2,0,0,0,1,1,1,1,1,0,0.0604,1
free_kick_central,short,edge_box,Man-to-Man,11,6,8,0,0,0,1,1,1,0,0,0,0,0.1349,1
corner,short,edge_box,Man-to-Man,3,6,6,1,0,1,1,1,1,0,0,1,0,0.1779,1
goal_kick,short,wide_channel,Deep Zonal,9,3,5,0,1,1,0,0,1,0,0,1,0,0.0309,1
corner,straight,far_post,High Zonal,4,3,2,2,0,0,1,0,1,0,0,0,1,0.1229,1
corner,inswinger,penalty_spot,Hybrid,7,6,10,0,0,0,0,1,0,1,0,0,0,0.1857,1
goal_kick,inswinger,six_yard,High Zonal,6,4,3,3,1,0,1,1,1,0,1,0,0,0.1547,1
penalty,short,central,High Zonal,7,5,6,2,0,0,0,0,0,0,0,1,0,0.7476,1
goal_kick,lofted,central,Hybrid,9,4,6,1,0,0,1,0,0,0,1,0,0,0.0964,1
goal_kick,inswinger,near_post,High Zonal,8,1,4,1,0,0,1,1,0,0,0,1,1,0.0922,0
play_restart,short,edge_box,Hybrid,6,4,2,0,0,0,1,0,0,1,0,1,0,0.0465,0
corner,outswinger,edge_box,Deep Zonal,8,2,2,0,0,1,0,1,1,0,0,1,0,0.0738,0
goal_kick,short,central,Man-to-Man,8,1,7,3,0,0,0,0,0,0,0,0,0,0.0188,1
throw_in,long,near_post,High Zonal,3,2,8,2,1,0,0,0,1,0,1,0,0,0.1487,1
corner,long,near_post,Man-to-Man,8,3,3,0,1,0,0,0,0,0,1,0,0,0.1417,0
play_restart,long,far_post,Hybrid,6,6,8,3,0,1,0,1,0,0,0,0,0,0.1068,0
free_kick_wide,driven,central,Man-to-Man,4,2,7,4,0,0,1,0,1,1,0,0,0,0.1781,1
kick_off,inswinger,edge_box,Man-to-Man,7,6,3,3,1,0,0,1,1,0,1,0,0,0.1197,1
throw_in,short,wide_channel,Man-to-Man,7,2,4,4,1,0,0,0,0,0,0,0,0,0.0503,1
free_kick_central,outswinger,edge_box,Deep Zonal,9,6,4,3,0,0,1,1,1,1,0,0,1,0.1412,1
corner,lofted,six_yard,Man-to-Man,6,4,6,4,0,0,0,1,0,0,0,0,0,0.1512,1
kick_off,driven,wide_channel,Man-to-Man,9,1,1,2,0,0,0,1,0,0,1,0,0,0.0613,1
penalty,inswinger,edge_box,High Zonal,5,1,10,4,0,0,1,1,0,1,0,0,0,0.7713,1
corner,outswinger,penalty_spot,Deep Zonal,8,1,6,3,0,1,0,1,0,1,1,0,0,0.144,0
corner,straight,six_yard,Man-to-Man,11,3,7,1,0,0,0,0,0,1,0,0,0,0.1099,1
goal_kick,lofted,penalty_spot,High Zonal,8,3,7,0,1,1,0,0,1,0,1,0,0,0.1427,1
corner,inswinger,far_post,Deep Zonal,9,1,4,2,0,0,0,1,1,0,0,0,0,0.0965,1
throw_in,short,near_post,Deep Zonal,6,5,9,0,0,0,1,1,0,1,1,0,0,0.1026,1
throw_in,outswinger,penalty_spot,Man-to-Man,9,6,4,4,1,0,1,0,0,0,0,1,1,0.1322,1
corner,short,six_yard,Deep Zonal,10,6,1,3,1,0,0,1,0,1,1,0,0,0.0729,1
penalty,short,edge_box,Hybrid,10,2,6,4,0,0,1,1,0,0,0,0,0,0.7331,1
corner,outswinger,far_post,Man-to-Man,11,7,2,1,0,1,1,0,0,0,0,0,1,0.1506,1
play_restart,driven,penalty_spot,Man-to-Man,5,3,9,2,0,0,0,1,1,0,0,0,0,0.1552,1
kick_off,inswinger,six_yard,Hybrid,10,2,1,1,0,0,0,1,0,1,1,1,1,0.0526,0
corner,driven,edge_box,High Zonal,6,1,3,2,1,0,0,0,0,0,0,0,0,0.047,1
free_kick_central,outswinger,far_post,Deep Zonal,10,6,10,0,0,0,0,1,1,1,1,1,0,0.168,1
free_kick_central,short,central,High Zonal,3,2,3,1,0,0,0,1,1,1,1,0,0,0.1302,0
play_restart,outswinger,far_post,Man-to-Man,11,5,6,4,0,0,0,0,1,0,1,0,0,0.0519,1
free_kick_wide,short,wide_channel,Deep Zonal,4,4,9,3,1,0,0,1,1,0,0,1,0,0.1262,1
penalty,outswinger,near_post,Man-to-Man,4,7,3,4,1,0,0,0,1,1,0,1,0,0.7473,1
play_restart,short,six_yard,Hybrid,8,6,4,3,0,0,0,0,0,1,0,0,1,0.115,1
corner,inswinger,central,Deep Zonal,7,6,1,0,0,0,0,1,0,0,0,1,1,0.0965,1
penalty,straight,wide_channel,Deep Zonal,4,4,9,2,1,0,0,1,0,0,0,0,0,0.81,1
corner,driven,far_post,Deep Zonal,7,4,1,1,0,0,0,0,1,0,0,0,0,0.1005,0
throw_in,straight,edge_box,Deep Zonal,10,2,10,0,0,1,0,1,1,1,0,0,1,0.0791,0
free_kick_wide,straight,edge_box,Deep Zonal,7,6,8,1,0,0,0,0,1,1,0,0,0,0.1174,1
play_restart,short,edge_box,Deep Zonal,8,6,4,0,0,0,0,0,0,0,1,0,1,0.0629,1
free_kick_wide,straight,edge_box,Deep Zonal,10,3,5,1,0,0,0,1,0,1,1,0,1,0.0921,1
corner,driven,near_post,Deep Zonal,4,1,6,3,1,1,0,1,0,0,0,1,0,0.102,1
goal_kick,straight,central,Deep Zonal,5,6,8,1,0,0,1,0,1,0,0,0,0,0.1073,0
goal_kick,lofted,central,Deep Zonal,11,6,4,3,0,0,0,1,1,0,1,0,1,0.0814,1
throw_in,driven,edge_box,Deep Zonal,4,6,3,1,0,1,1,1,1,1,0,0,1,0.1324,1
goal_kick,straight,edge_box,Man-to-Man,5,1,2,0,0,0,1,1,0,0,1,0,0,0.0553,1
corner,straight,central,Deep Zonal,5,6,5,3,0,1,0,0,0,0,0,0,0,0.1071,1
throw_in,long,edge_box,High Zonal,10,3,5,0,0,0,0,0,0,1,0,0,0,0.0327,0
corner,long,central,Hybrid,4,2,7,4,1,0,1,1,1,0,1,0,1,0.1596,1
corner,inswinger,central,Hybrid,6,4,9,2,0,1,0,1,0,1,0,1,0,0.1874,0
play_restart,outswinger,far_post,Deep Zonal,6,6,3,0,1,0,0,1,1,0,0,1,1,0.1016,1
throw_in,inswinger,edge_box,Man-to-Man,3,6,3,1,1,0,0,0,1,0,0,0,0,0.1164,1
corner,long,near_post,Hybrid,4,2,3,1,0,0,0,1,0,0,1,0,1,0.0582,1
corner,long,wide_channel,Deep Zonal,6,7,2,2,1,1,1,1,0,0,0,0,0,0.1261,1
play_restart,inswinger,edge_box,High Zonal,3,6,2,3,1,0,0,1,0,1,0,1,0,0.1244,1
corner,short,penalty_spot,Deep Zonal,11,7,8,1,0,0,0,0,0,0,0,0,0,0.1136,0
corner,long,central,Deep Zonal,7,7,8,1,1,0,0,1,0,1,1,0,0,0.1393,1
corner,lofted,edge_box,Deep Zonal,3,4,9,4,0,0,1,0,0,0,0,0,1,0.1159,0
corner,inswinger,six_yard,Man-to-Man,8,1,6,0,0,0,0,1,0,0,0,1,1,0.1467,0
free_kick_wide,outswinger,far_post,Deep Zonal,9,1,9,3,0,1,0,1,1,0,0,0,0,0.1089,1
play_restart,outswinger,central,Man-to-Man,8,5,5,0,1,0,0,0,1,1,1,0,1,0.1468,0
free_kick_wide,short,far_post,High Zonal,8,1,9,1,1,1,0,0,1,1,0,0,0,0.1536,1
free_kick_central,inswinger,far_post,Hybrid,3,5,6,2,0,0,0,1,0,1,0,0,0,0.1675,1
goal_kick,inswinger,central,Deep Zonal,9,1,1,0,0,0,0,1,0,1,0,0,0,0.077,1
penalty,driven,edge_box,Deep Zonal,11,6,2,0,0,0,0,0,0,0,1,1,0,0.7692,0
goal_kick,short,central,High Zonal,6,2,6,4,1,0,0,1,0,0,0,0,1,0.0749,1
throw_in,inswinger,six_yard,Deep Zonal,4,1,9,0,0,0,1,1,1,0,0,1,0,0.1695,1
throw_in,straight,far_post,Hybrid,4,3,2,0,0,0,0,0,1,1,0,1,1,0.0898,0
throw_in,inswinger,penalty_spot,Man-to-Man,8,7,8,3,1,0,0,1,0,0,1,0,0,0.1794,1
goal_kick,straight,wide_channel,Man-to-Man,8,4,9,2,1,0,0,1,0,0,0,0,0,0.0853,0
throw_in,straight,far_post,Man-to-Man,10,7,2,1,0,0,0,0,0,0,0,0,0,0.045,1
goal_kick,inswinger,near_post,Deep Zonal,6,2,6,4,0,0,0,0,0,0,0,0,0,0.005,1
corner,inswinger,penalty_spot,Hybrid,10,5,9,4,1,1,1,0,1,0,0,1,1,0.259,1
throw_in,driven,far_post,Deep Zonal,5,2,4,0,0,0,0,0,0,0,1,0,0,0.0394,0
throw_in,driven,edge_box,Hybrid,7,4,4,2,0,1,1,1,0,0,1,0,1,0.0978,1
corner,inswinger,six_yard,Hybrid,8,3,5,4,0,0,0,0,1,0,0,0,0,0.0988,1
kick_off,short,edge_box,High Zonal,5,5,5,0,0,0,0,0,1,0,1,1,0,0.0473,1
free_kick_wide,inswinger,wide_channel,High Zonal,6,5,4,2,0,0,0,0,0,0,0,0,0,0.0837,1
corner,driven,central,Hybrid,10,1,6,0,0,0,0,0,0,0,0,1,0,0.0785,0
kick_off,driven,central,High Zonal,8,5,3,0,1,0,1,1,1,0,0,0,0,0.1191,1
corner,short,central,Man-to-Man,8,6,8,4,0,0,0,0,0,0,0,0,1,0.1281,1
free_kick_wide,short,edge_box,High Zonal,8,3,7,3,0,0,1,1,0,1,1,0,0,0.1199,1
free_kick_wide,straight,central,Man-to-Man,10,1,2,0,0,0,0,0,0,0,1,1,1,0.1043,0
kick_off,outswinger,near_post,Man-to-Man,11,3,9,1,0,1,0,0,0,0,0,1,0,0.064,1
free_kick_central,straight,wide_channel,Deep Zonal,6,3,3,1,1,1,0,0,0,1,0,0,0,0.1407,1
throw_in,inswinger,central,Hybrid,6,6,6,4,1,0,0,0,0,0,0,0,0,0.1143,1
goal_kick,long,central,Hybrid,11,1,10,1,0,0,0,0,1,1,1,0,0,0.0523,0
throw_in,straight,central,High Zonal,7,3,7,0,0,0,1,0,0,0,0,1,0,0.1164,1
play_restart,inswinger,near_post,Man-to-Man,11,6,10,4,0,0,1,0,1,0,0,0,0,0.1127,1
goal_kick,short,near_post,Man-to-Man,10,7,7,0,0,0,0,0,1,1,0,0,0,0.037,1
free_kick_wide,driven,central,Deep Zonal,9,5,9,4,1,0,0,0,0,0,1,0,0,0.126,1
play_restart,short,central,Hybrid,9,1,5,1,0,1,1,1,1,0,0,1,1,0.141,1
free_kick_central,short,six_yard,Deep Zonal,11,5,2,3,0,0,1,1,1,0,0,1,0,0.1366,1
corner,driven,far_post,Deep Zonal,5,1,2,2,0,0,0,0,0,1,0,0,0,0.0454,1
corner,inswinger,edge_box,Man-to-Man,7,1,6,1,0,1,1,1,0,1,1,0,0,0.1461,1
throw_in,short,edge_box,High Zonal,7,5,2,2,1,1,0,0,1,0,0,1,1,0.1119,1
corner,straight,edge_box,Hybrid,4,3,5,0,1,0,0,0,0,0,1,0,0,0.0981,1
throw_in,inswinger,wide_channel,Deep Zonal,7,1,5,2,1,0,1,1,1,1,1,1,0,0.1263,1
free_kick_wide,lofted,far_post,Deep Zonal,8,3,1,0,0,1,0,0,0,0,0,1,1,0.1133,1
free_kick_central,straight,near_post,Man-to-Man,7,3,9,1,0,0,1,1,0,0,1,0,0,0.1761,1
corner,outswinger,near_post,Hybrid,8,5,1,0,1,0,0,1,1,0,0,0,1,0.0961,0
goal_kick,inswinger,central,Hybrid,3,7,4,3,0,1,1,1,0,0,1,0,0,0.1669,1
free_kick_wide,lofted,six_yard,Deep Zonal,7,1,9,4,0,1,0,1,1,0,0,0,0,0.1526,1
corner,driven,penalty_spot,Man-to-Man,11,5,1,0,1,0,1,0,1,1,0,0,0,0.1475,1
free_kick_wide,inswinger,near_post,Deep Zonal,5,5,1,3,1,0,1,1,1,1,0,0,0,0.1429,1
free_kick_central,short,near_post,Man-to-Man,7,7,9,2,0,0,1,0,0,0,1,1,0,0.1109,1
throw_in,inswinger,six_yard,Man-to-Man,8,3,3,0,1,1,0,0,0,1,0,0,0,0.1458,0
free_kick_central,long,far_post,Man-to-Man,8,2,10,3,1,1,1,1,0,0,1,0,0,0.1805,1
corner,straight,near_post,High Zonal,4,7,2,3,1,0,0,0,1,0,0,0,1,0.1072,1
kick_off,inswinger,six_yard,High Zonal,4,1,2,4,1,1,0,0,0,0,0,0,0,0.1039,1
free_kick_central,short,edge_box,High Zonal,9,4,6,0,1,0,1,1,0,0,0,1,0,0.0864,1
corner,lofted,far_post,High Zonal,7,5,10,0,0,0,0,0,0,0,1,0,0,0.136,1
goal_kick,outswinger,far_post,Man-to-Man,11,1,8,2,0,0,0,1,0,1,1,0,0,0.1114,0
throw_in,inswinger,edge_box,High Zonal,11,3,7,3,0,1,0,1,0,1,1,1,0,0.1015,1
throw_in,lofted,central,High Zonal,4,1,3,0,1,0,1,1,0,0,0,0,0,0.1239,0
free_kick_wide,inswinger,wide_channel,Deep Zonal,6,6,1,1,1,1,1,1,0,0,0,1,1,0.1089,1
free_kick_wide,straight,edge_box,High Zonal,10,2,8,2,0,1,0,1,0,0,1,0,0,0.1179,0
free_kick_central,short,penalty_spot,Hybrid,5,5,2,3,1,1,1,1,1,0,0,0,0,0.1844,1
corner,outswinger,edge_box,High Zonal,4,2,2,1,0,0,0,1,0,0,0,0,0,0.0685,0
corner,inswinger,wide_channel,High Zonal,4,5,5,1,1,0,0,1,0,0,1,0,1,0.0874,1
play_restart,inswinger,near_post,High Zonal,7,6,4,0,0,0,0,0,1,1,0,0,0,0.1106,1
throw_in,inswinger,near_post,High Zonal,6,1,9,1,0,0,0,1,1,1,0,1,0,0.1084,1
free_kick_wide,short,edge_box,Deep Zonal,11,6,3,4,0,0,1,1,0,0,0,0,0,0.0178,1
corner,driven,central,High Zonal,11,5,7,3,1,0,0,1,1,0,0,0,1,0.1313,0
goal_kick,inswinger,edge_box,Deep Zonal,3,1,5,4,1,0,1,1,0,1,0,0,0,0.1314,1
corner,long,far_post,High Zonal,11,2,3,4,0,0,0,1,1,0,0,1,0,0.0955,1
corner,straight,central,Hybrid,3,6,10,2,0,0,0,1,0,0,1,0,1,0.1873,1
corner,inswinger,central,Hybrid,9,4,8,0,0,0,0,1,1,1,0,0,0,0.11,0
throw_in,short,edge_box,Man-to-Man,11,1,8,3,0,0,0,0,1,0,0,0,0,0.0498,1
throw_in,outswinger,near_post,Man-to-Man,6,5,5,4,0,0,0,1,0,1,0,1,0,0.1283,1
corner,short,near_post,Man-to-Man,4,6,3,1,1,0,0,0,1,1,1,0,1,0.1648,1
corner,outswinger,far_post,Hybrid,3,4,7,3,0,0,0,0,1,0,0,1,1,0.1343,0
throw_in,long,near_post,High Zonal,6,1,10,1,0,0,1,1,0,1,0,0,0,0.1151,0
penalty,lofted,penalty_spot,Man-to-Man,11,1,3,4,0,0,0,1,0,1,0,0,1,0.7627,0
throw_in,outswinger,wide_channel,High Zonal,7,3,7,1,0,0,0,1,0,0,0,0,0,0.0865,0
corner,lofted,edge_box,Deep Zonal,6,4,9,3,0,0,0,1,0,0,0,1,0,0.0876,1
throw_in,outswinger,penalty_spot,Hybrid,3,6,5,0,0,0,1,1,1,0,1,0,1,0.1724,0
play_restart,inswinger,far_post,Man-to-Man,8,5,1,4,0,0,1,1,0,1,0,0,1,0.1483,0
throw_in,inswinger,wide_channel,Man-to-Man,4,2,10,2,0,0,0,1,0,1,0,1,1,0.1262,0
corner,driven,six_yard,High Zonal,9,5,2,2,0,1,0,0,1,1,0,1,0,0.1553,1
throw_in,long,six_yard,Hybrid,10,1,8,3,0,0,0,0,0,0,0,1,0,0.118,1
free_kick_wide,lofted,central,Man-to-Man,9,2,5,1,0,1,1,1,0,1,0,0,0,0.1595,1
corner,long,near_post,Deep Zonal,7,6,8,3,1,1,0,1,0,1,1,0,0,0.1727,1
free_kick_wide,straight,near_post,Deep Zonal,8,7,8,0,1,0,0,0,0,0,1,0,0,0.1456,1
kick_off,driven,central,Man-to-Man,6,5,3,2,0,1,1,1,0,0,0,0,0,0.1308,1
free_kick_wide,lofted,near_post,Hybrid,9,4,1,1,0,0,1,1,0,0,1,0,0,0.0985,1
kick_off,driven,six_yard,Man-to-Man,9,7,2,2,0,0,0,0,0,1,0,0,0,0.102,1
free_kick_central,short,central,Hybrid,4,3,3,2,0,0,0,0,0,0,0,0,0,0.1047,1
free_kick_central,driven,central,High Zonal,5,5,9,3,0,0,0,0,0,0,0,0,0,0.158,1
corner,inswinger,six_yard,Man-to-Man,9,5,1,1,1,1,0,0,1,1,0,0,0,0.1838,0
throw_in,lofted,wide_channel,Hybrid,6,1,7,4,1,1,1,0,0,0,1,0,0,0.1019,1
corner,lofted,central,Man-to-Man,5,7,4,3,0,0,1,1,0,0,0,0,0,0.1719,1
free_kick_central,long,central,Deep Zonal,11,5,9,0,0,1,1,1,0,1,0,1,0,0.1824,1
corner,inswinger,six_yard,Deep Zonal,10,2,6,0,1,1,0,1,0,0,1,1,1,0.1321,0
free_kick_wide,inswinger,wide_channel,Deep Zonal,9,6,8,2,0,0,1,0,1,1,1,0,0,0.1542,1
free_kick_central,lofted,penalty_spot,Deep Zonal,6,3,9,4,1,0,0,1,0,0,0,0,0,0.1625,1
corner,driven,far_post,High Zonal,7,1,10,4,1,0,0,0,0,0,0,1,0,0.1309,1
corner,long,edge_box,High Zonal,11,5,9,1,1,0,0,1,0,0,0,1,0,0.094,1
play_restart,lofted,edge_box,Man-to-Man,7,1,4,2,1,0,0,1,0,0,0,0,0,0.0627,0
corner,short,near_post,High Zonal,10,5,10,1,0,0,0,1,0,0,0,1,0,0.0982,1
free_kick_wide,driven,far_post,Hybrid,10,5,4,3,1,0,0,1,0,0,0,0,1,0.1144,1
free_kick_wide,inswinger,six_yard,Hybrid,10,2,6,3,0,1,0,1,1,0,0,0,1,0.1681,0
free_kick_wide,inswinger,edge_box,Deep Zonal,8,6,3,2,1,0,0,1,0,1,1,1,0,0.1298,1
throw_in,short,near_post,Deep Zonal,6,4,9,1,0,0,0,0,0,0,0,1,1,0.0505,1
corner,outswinger,edge_box,Hybrid,6,3,2,4,1,0,1,1,0,0,1,0,0,0.0704,1
free_kick_central,straight,edge_box,High Zonal,10,1,10,2,0,0,0,1,0,0,0,0,0,0.1003,0
throw_in,driven,central,Deep Zonal,6,6,5,4,0,1,0,0,1,1,1,1,0,0.1437,1
free_kick_wide,inswinger,central,Man-to-Man,5,2,9,0,0,0,0,1,0,1,0,1,0,0.1596,0
play_restart,long,central,Hybrid,4,2,5,2,0,0,0,0,0,0,1,1,1,0.1081,1
play_restart,inswinger,wide_channel,Deep Zonal,8,2,2,2,0,1,0,0,0,0,0,1,0,0.0395,1
corner,driven,central,Man-to-Man,11,4,2,0,0,1,0,1,0,0,1,0,1,0.1168,0
free_kick_wide,outswinger,six_yard,High Zonal,6,7,9,0,1,1,1,1,1,1,0,0,0,0.256,1
corner,long,penalty_spot,Hybrid,8,6,7,2,1,1,0,0,1,1,0,1,0,0.1982,1
corner,short,six_yard,Man-to-Man,5,6,2,3,0,0,0,1,0,1,0,0,1,0.1527,1
free_kick_central,straight,wide_channel,Man-to-Man,6,2,4,1,1,1,0,1,1,0,1,1,0,0.1502,1
penalty,outswinger,wide_channel,High Zonal,6,5,6,4,0,0,1,0,0,0,0,0,1,0.7618,1
free_kick_wide,inswinger,six_yard,Deep Zonal,6,3,5,1,1,0,0,0,1,0,1,0,0,0.166,1
corner,straight,far_post,Man-to-Man,10,4,1,0,0,0,1,0,1,0,0,1,0,0.0942,1
corner,outswinger,central,Deep Zonal,11,5,6,2,0,1,1,0,0,0,1,1,0,0.1036,1
play_restart,inswinger,central,Hybrid,5,2,2,0,1,0,1,1,0,0,0,1,1,0.1511,1
play_restart,long,edge_box,Hybrid,6,3,4,2,1,1,0,0,0,0,0,0,0,0.1216,1
corner,outswinger,central,High Zonal,3,3,7,0,0,0,0,1,0,0,0,0,1,0.1398,1
throw_in,outswinger,far_post,Hybrid,9,7,7,4,0,0,1,1,0,0,0,1,0,0.1063,1
free_kick_central,outswinger,near_post,Deep Zonal,9,7,1,3,1,0,0,1,0,0,0,0,1,0.1291,1
throw_in,straight,edge_box,Man-to-Man,10,7,6,0,0,0,0,1,0,0,0,1,1,0.1048,1
throw_in,short,near_post,Deep Zonal,8,4,3,4,0,0,0,1,0,0,1,0,0,0.0428,0
kick_off,long,central,Man-to-Man,11,5,5,1,0,0,1,0,0,0,1,1,0,0.0792,1
corner,short,penalty_spot,Deep Zonal,4,6,9,2,0,0,1,0,1,1,0,0,0,0.1821,1
free_kick_wide,straight,penalty_spot,Deep Zonal,6,6,5,3,1,0,1,1,1,0,0,0,0,0.1819,0
play_restart,straight,six_yard,Man-to-Man,7,5,6,2,1,0,0,1,0,0,1,0,0,0.1634,1
corner,outswinger,edge_box,High Zonal,9,7,1,3,0,0,1,1,0,0,0,0,1,0.1261,1
corner,long,edge_box,Deep Zonal,4,3,5,0,1,1,0,1,0,1,0,1,1,0.1331,1
throw_in,outswinger,central,High Zonal,5,5,8,1,0,0,1,1,0,0,0,0,0,0.1611,1
goal_kick,driven,near_post,High Zonal,3,5,7,3,0,1,0,1,0,1,1,0,0,0.1591,1
throw_in,short,edge_box,Man-to-Man,11,6,10,0,0,0,1,1,1,0,1,0,0,0.1213,0
goal_kick,short,near_post,Deep Zonal,7,7,8,1,0,0,1,1,0,0,0,0,1,0.0964,1
throw_in,short,six_yard,Man-to-Man,3,1,2,1,0,1,0,1,0,0,1,1,1,0.0985,1
corner,lofted,wide_channel,Hybrid,5,6,1,0,1,0,0,0,0,0,1,0,0,0.0582,1
throw_in,straight,central,Man-to-Man,8,6,3,4,0,0,0,0,1,1,0,1,0,0.1122,1
goal_kick,straight,edge_box,Deep Zonal,7,7,9,4,1,0,0,1,0,1,1,0,0,0.0858,1
kick_off,driven,far_post,Man-to-Man,7,2,9,1,0,0,0,1,0,0,0,1,0,0.1087,0
corner,short,central,Hybrid,3,5,8,4,0,0,1,1,0,0,1,0,1,0.1686,1
corner,straight,far_post,Deep Zonal,10,1,8,2,0,0,1,0,0,0,1,0,0,0.0734,1
goal_kick,outswinger,penalty_spot,Deep Zonal,10,1,7,1,0,1,1,1,1,0,0,0,0,0.1207,0
corner,outswinger,wide_channel,High Zonal,4,5,4,4,1,1,0,0,1,0,1,0,0,0.1201,1
corner,driven,central,High Zonal,6,7,7,0,1,0,0,0,0,0,0,1,1,0.211,1
goal_kick,outswinger,edge_box,High Zonal,3,2,7,0,0,0,0,1,1,1,1,1,0,0.1134,1
free_kick_central,inswinger,central,High Zonal,4,6,1,2,1,0,0,0,1,0,0,0,0,0.1895,1
free_kick_wide,inswinger,central,High Zonal,10,1,10,4,0,0,1,1,0,0,1,1,1,0.1561,1
corner,lofted,penalty_spot,Hybrid,4,1,8,1,0,0,1,1,0,0,0,0,0,0.126,0
corner,short,edge_box,Man-to-Man,6,5,3,3,1,0,0,0,1,1,0,0,0,0.1353,1
goal_kick,straight,edge_box,High Zonal,11,2,3,4,0,0,0,1,1,0,0,0,1,0.0577,0
free_kick_central,lofted,wide_channel,Hybrid,5,1,7,2,0,1,0,0,1,0,0,0,1,0.1787,1
corner,straight,near_post,Hybrid,9,7,3,0,1,0,0,1,0,0,0,0,1,0.1307,1
free_kick_wide,driven,penalty_spot,Hybrid,3,7,9,4,0,1,1,1,0,0,1,0,0,0.2339,1
corner,long,central,Hybrid,10,1,5,4,0,0,1,0,0,0,1,0,0,0.079,1
corner,straight,six_yard,High Zonal,11,7,1,0,0,0,0,1,1,0,0,0,0,0.1255,1
corner,driven,near_post,Man-to-Man,11,1,7,2,0,0,0,0,1,1,1,0,0,0.117,1
penalty,lofted,near_post,Hybrid,8,6,10,4,0,0,0,0,0,0,1,0,1,0.7596,1
corner,outswinger,edge_box,High Zonal,11,6,4,2,1,1,1,1,0,0,1,1,0,0.1679,1
free_kick_wide,inswinger,central,Man-to-Man,9,3,10,0,0,0,0,0,0,0,0,0,0,0.151,0
free_kick_central,driven,edge_box,High Zonal,6,1,8,4,1,0,1,1,1,0,0,1,1,0.2058,1
free_kick_wide,straight,wide_channel,Deep Zonal,11,4,8,1,0,0,0,0,0,0,0,1,0,0.079,1
corner,short,far_post,Hybrid,5,7,4,0,1,0,0,0,1,1,1,0,0,0.1076,0
corner,outswinger,penalty_spot,Man-to-Man,10,1,6,0,1,0,0,1,1,0,1,0,0,0.1315,1
corner,driven,wide_channel,Deep Zonal,11,6,3,2,0,0,1,1,0,1,0,0,0,0.0716,1
free_kick_wide,long,edge_box,Hybrid,7,5,7,2,0,0,1,0,1,1,0,0,0,0.1148,1
throw_in,lofted,central,High Zonal,5,7,9,3,0,0,0,0,0,1,1,1,0,0.1553,1
corner,straight,six_yard,Deep Zonal,4,2,7,0,1,0,1,1,0,1,1,0,0,0.1808,1
goal_kick,lofted,far_post,Deep Zonal,7,5,9,0,1,0,1,1,1,0,1,0,0,0.0814,1
throw_in,short,edge_box,Man-to-Man,9,4,2,1,0,1,1,1,1,0,0,0,0,0.0805,1
corner,short,penalty_spot,Deep Zonal,8,5,7,0,1,0,1,0,0,0,0,1,0,0.1565,1
corner,long,central,Deep Zonal,8,2,3,0,0,0,0,1,0,0,0,0,0,0.0509,0
corner,straight,six_yard,Man-to-Man,3,4,6,3,1,0,0,1,0,0,1,1,0,0.1886,1
corner,short,near_post,High Zonal,3,7,2,1,0,1,0,1,1,0,0,0,0,0.1657,1
free_kick_central,outswinger,six_yard,High Zonal,5,6,4,0,0,0,0,0,1,0,0,0,0,0.1579,1
corner,straight,six_yard,High Zonal,11,2,4,0,0,1,1,1,1,0,0,0,0,0.1466,1
goal_kick,long,wide_channel,Deep Zonal,7,1,6,3,1,0,0,1,1,0,0,1,1,0.0771,1
free_kick_central,inswinger,near_post,High Zonal,6,3,8,3,1,0,0,1,0,0,1,0,0,0.1802,1
throw_in,long,far_post,High Zonal,8,2,6,0,0,1,0,1,0,0,0,0,0,0.1011,1
goal_kick,outswinger,near_post,Man-to-Man,6,2,9,3,1,0,0,0,1,1,0,1,0,0.1367,1
free_kick_central,outswinger,central,Man-to-Man,4,2,3,3,1,1,0,1,1,1,0,1,0,0.2281,1
play_restart,long,central,High Zonal,7,4,4,3,0,0,0,1,0,0,0,0,0,0.102,1
play_restart,outswinger,penalty_spot,Deep Zonal,9,1,5,3,0,1,0,0,0,0,1,0,0,0.1086,1
free_kick_wide,lofted,far_post,Man-to-Man,11,7,7,3,1,0,0,0,1,0,0,0,0,0.1199,1
corner,lofted,wide_channel,Hybrid,6,1,9,3,0,0,0,1,0,0,0,1,0,0.1017,1
free_kick_wide,straight,central,Hybrid,4,2,6,0,1,0,0,1,1,0,1,0,0,0.1314,1
corner,straight,far_post,High Zonal,10,4,10,4,0,0,0,1,0,0,0,0,0,0.0766,1
free_kick_central,inswinger,edge_box,Hybrid,6,1,5,1,0,0,0,1,1,0,1,0,0,0.0744,1
free_kick_wide,driven,central,Deep Zonal,4,4,6,3,1,0,1,1,0,0,0,1,1,0.167,1
free_kick_central,inswinger,edge_box,Deep Zonal,7,1,7,3,1,0,0,1,0,1,0,1,0,0.1196,1
goal_kick,lofted,edge_box,Man-to-Man,3,7,2,2,0,0,0,1,0,0,0,0,0,0.0831,1
corner,lofted,edge_box,High Zonal,11,5,2,2,0,0,0,0,1,0,0,0,1,0.0766,1
free_kick_central,inswinger,edge_box,Deep Zonal,10,3,4,4,1,0,0,1,1,1,1,0,0,0.1127,1
free_kick_wide,long,six_yard,Deep Zonal,6,5,1,3,1,0,1,0,0,1,0,0,0,0.1504,0
goal_kick,straight,wide_channel,Man-to-Man,7,4,5,1,0,0,0,0,0,0,0,0,0,0.0555,1
throw_in,short,near_post,High Zonal,6,6,4,0,0,0,0,1,1,1,0,0,0,0.0806,1
corner,inswinger,far_post,High Zonal,7,6,7,0,1,0,0,1,0,0,0,1,0,0.1054,1
throw_in,long,six_yard,Deep Zonal,11,6,10,1,0,0,0,1,0,0,0,0,0,0.0991,1
corner,inswinger,near_post,Hybrid,9,7,6,3,1,0,1,0,0,1,1,0,0,0.1227,1
throw_in,driven,penalty_spot,Man-to-Man,8,1,10,2,1,1,0,0,1,0,1,0,0,0.1859,1
penalty,straight,edge_box,Man-to-Man,11,6,7,3,1,0,0,1,0,0,1,1,0,0.7993,0
free_kick_wide,short,central,Man-to-Man,4,7,7,3,0,0,1,1,0,0,0,1,1,0.1734,1
throw_in,lofted,far_post,Man-to-Man,11,2,9,3,0,0,0,0,0,0,1,1,0,0.078,1
goal_kick,long,edge_box,High Zonal,4,6,6,4,0,1,0,1,0,0,0,1,1,0.1213,1
goal_kick,short,near_post,Hybrid,5,5,10,0,1,0,0,0,0,1,0,0,0,0.1276,0
penalty,straight,near_post,High Zonal,8,5,7,2,0,0,0,1,0,0,1,0,0,0.7088,1
throw_in,straight,six_yard,Man-to-Man,4,5,4,1,0,0,1,1,0,1,1,1,1,0.2167,1
free_kick_wide,outswinger,six_yard,Hybrid,7,3,5,3,0,1,0,1,0,0,1,0,1,0.1652,1
goal_kick,lofted,penalty_spot,Man-to-Man,6,7,7,4,1,0,0,1,1,0,1,0,1,0.177,1
goal_kick,outswinger,far_post,Hybrid,3,6,3,3,1,0,0,1,1,1,0,0,0,0.1343,1
corner,straight,near_post,High Zonal,4,4,8,3,0,0,0,0,0,0,0,1,0,0.1153,1
corner,driven,six_yard,Man-to-Man,7,5,1,4,1,0,0,1,0,1,0,1,0,0.1581,1
corner,straight,central,High Zonal,3,7,8,2,0,1,0,1,0,0,1,0,1,0.1748,1
corner,driven,wide_channel,Man-to-Man,11,3,1,4,1,0,1,1,1,0,1,0,0,0.112,1
free_kick_wide,outswinger,edge_box,High Zonal,6,7,2,0,1,0,0,1,0,0,0,0,0,0.1135,1
corner,inswinger,near_post,Man-to-Man,9,1,10,1,1,1,1,1,0,0,0,0,0,0.1628,0
throw_in,short,penalty_spot,Deep Zonal,4,6,9,4,0,0,1,1,1,0,0,0,0,0.1436,1
corner,short,wide_channel,High Zonal,8,5,8,1,1,0,1,0,0,1,0,0,0,0.1017,0
corner,lofted,six_yard,Hybrid,4,5,10,0,1,0,0,0,0,0,1,1,0,0.1579,1
throw_in,straight,penalty_spot,Hybrid,4,5,7,4,1,1,1,0,1,1,0,1,0,0.1937,1
free_kick_wide,inswinger,near_post,High Zonal,9,4,2,1,1,1,0,1,0,0,0,0,1,0.0886,0
free_kick_wide,outswinger,edge_box,High Zonal,6,2,9,2,1,0,0,0,0,0,0,0,1,0.1455,1
goal_kick,straight,edge_box,High Zonal,11,2,3,3,0,1,0,1,0,1,0,0,0,0.0491,1
play_restart,short,penalty_spot,Man-to-Man,11,7,7,2,0,0,1,1,1,0,0,0,0,0.1242,1
penalty,outswinger,central,Hybrid,4,3,9,0,0,0,0,1,1,0,0,1,0,0.7591,0
corner,short,wide_channel,High Zonal,8,2,7,3,0,0,0,0,0,0,0,0,0,0.088,1
corner,lofted,far_post,Deep Zonal,10,1,1,3,0,0,1,1,1,0,1,0,0,0.0379,1
play_restart,straight,central,Man-to-Man,5,3,8,1,0,0,0,0,0,0,0,1,0,0.1467,0
throw_in,long,central,Deep Zonal,10,6,9,3,0,0,0,0,0,0,1,0,0,0.0611,1
goal_kick,outswinger,central,Hybrid,9,3,2,4,1,0,0,0,1,1,0,0,1,0.1044,1
throw_in,driven,far_post,Hybrid,5,4,10,4,1,0,1,1,0,0,0,0,0,0.1649,1
corner,outswinger,central,Man-to-Man,3,5,2,2,1,1,1,1,0,0,1,0,1,0.1782,1
free_kick_central,short,far_post,Man-to-Man,6,5,1,0,0,1,1,1,0,0,1,1,0,0.1372,1
goal_kick,outswinger,central,Deep Zonal,6,1,6,4,1,0,0,0,1,1,0,1,1,0.1442,1
kick_off,inswinger,central,Deep Zonal,7,3,7,2,1,1,0,1,0,0,1,1,0,0.0783,1
corner,outswinger,near_post,Man-to-Man,5,5,1,3,1,0,1,1,0,1,0,0,0,0.1755,1
throw_in,outswinger,central,High Zonal,5,5,2,4,0,0,1,1,0,0,0,0,0,0.0935,1
corner,driven,far_post,Man-to-Man,11,3,7,1,1,1,1,1,1,1,0,0,1,0.1806,1
play_restart,outswinger,far_post,High Zonal,10,2,1,0,0,0,0,0,0,0,0,0,0,0.006,0
corner,lofted,edge_box,Man-to-Man,9,2,9,4,0,0,0,0,1,0,1,1,0,0.0996,1
throw_in,straight,far_post,Man-to-Man,6,1,3,0,0,0,0,1,0,0,0,0,0,0.0537,0
corner,outswinger,edge_box,Deep Zonal,7,1,9,2,1,0,0,1,0,0,1,1,0,0.0893,1
throw_in,straight,near_post,Deep Zonal,5,7,8,3,1,1,1,0,0,0,0,0,1,0.1283,1
throw_in,inswinger,far_post,Man-to-Man,6,3,4,3,1,1,1,1,1,0,0,1,0,0.1612,1
free_kick_wide,driven,near_post,Man-to-Man,7,3,8,0,0,0,0,1,1,0,1,0,1,0.1394,1
goal_kick,inswinger,far_post,Man-to-Man,10,4,3,1,0,0,0,1,1,0,0,0,0,0.0888,0
kick_off,driven,penalty_spot,Hybrid,10,4,5,3,1,0,0,0,1,0,0,0,0,0.1131,0
goal_kick,inswinger,edge_box,High Zonal,4,1,10,2,1,0,0,1,1,0,1,0,0,0.1162,1
free_kick_wide,outswinger,penalty_spot,High Zonal,11,7,9,2,1,0,0,1,1,1,0,0,0,0.1995,1
goal_kick,inswinger,central,Man-to-Man,3,4,10,3,1,0,0,0,0,0,1,0,0,0.1561,1
penalty,long,central,High Zonal,3,4,2,4,0,0,0,0,0,0,0,0,1,0.7252,1
throw_in,short,wide_channel,High Zonal,10,4,4,3,0,0,0,1,0,0,0,1,0,0.0433,1
free_kick_central,lofted,central,Deep Zonal,5,7,1,0,0,1,0,1,0,1,0,0,0,0.1645,1
throw_in,straight,near_post,Man-to-Man,10,7,9,4,0,0,0,1,1,0,0,1,0,0.1024,1
corner,inswinger,near_post,High Zonal,3,1,8,2,0,0,0,0,0,0,0,1,0,0.1016,1
free_kick_wide,long,wide_channel,Deep Zonal,5,5,9,3,0,1,0,0,1,0,0,0,0,0.0989,1
corner,short,wide_channel,High Zonal,10,2,2,3,1,0,1,0,0,0,0,1,1,0.0755,1
corner,driven,central,Hybrid,4,1,4,1,1,0,1,1,0,0,0,0,0,0.1072,0
corner,straight,near_post,Hybrid,7,4,8,3,0,1,0,0,1,1,0,0,0,0.1519,1
corner,long,edge_box,High Zonal,9,4,4,4,1,0,1,1,1,0,1,1,0,0.0898,1
goal_kick,inswinger,central,Deep Zonal,6,4,3,4,0,0,0,1,0,0,0,0,0,0.0855,0
penalty,lofted,near_post,Deep Zonal,4,1,10,4,1,0,0,1,1,0,0,1,1,0.8202,1
corner,inswinger,far_post,Deep Zonal,10,5,6,0,0,1,1,0,0,1,1,0,0,0.1265,1
goal_kick,driven,far_post,High Zonal,8,4,8,4,0,1,0,0,0,1,1,0,1,0.1021,1
kick_off,outswinger,central,Deep Zonal,11,1,8,1,1,1,0,0,1,1,0,0,1,0.0816,1
kick_off,driven,edge_box,Hybrid,9,3,7,4,0,0,0,1,1,1,0,0,0,0.0813,1
goal_kick,driven,edge_box,High Zonal,9,1,8,2,0,0,1,1,0,1,1,1,0,0.0687,1
play_restart,driven,penalty_spot,High Zonal,8,7,10,3,1,0,0,1,0,0,0,1,0,0.1558,1
throw_in,straight,near_post,Deep Zonal,9,6,5,3,0,0,0,0,1,1,0,0,0,0.1214,1
play_restart,straight,near_post,Deep Zonal,6,4,9,3,1,0,1,1,0,0,1,0,0,0.112,1
play_restart,driven,six_yard,Deep Zonal,11,1,1,1,0,0,0,1,0,0,1,0,0,0.0325,0
free_kick_wide,short,central,High Zonal,10,6,1,3,0,0,1,1,0,0,0,0,0,0.1031,1
kick_off,short,far_post,High Zonal,5,3,4,2,1,1,0,1,1,0,0,0,0,0.0867,1
goal_kick,outswinger,near_post,Hybrid,11,5,5,1,1,0,0,1,0,0,0,0,0,0.0678,1
goal_kick,straight,central,High Zonal,5,6,4,0,0,0,0,1,0,0,0,0,0,0.0971,0
kick_off,straight,far_post,Deep Zonal,9,3,9,4,0,1,0,1,1,1,0,1,0,0.1066,1
free_kick_wide,long,central,Hybrid,11,7,1,2,0,0,0,1,1,0,0,1,0,0.1087,1
free_kick_wide,inswinger,edge_box,Man-to-Man,6,2,2,1,0,0,0,0,0,1,0,1,0,0.1279,1
throw_in,straight,central,High Zonal,4,3,7,1,1,1,0,1,0,1,0,0,0,0.1859,0
throw_in,driven,edge_box,High Zonal,11,2,1,2,1,0,1,1,1,1,0,1,0,0.0704,1
kick_off,short,penalty_spot,Deep Zonal,10,3,2,4,1,0,0,1,0,0,1,1,0,0.056,1
kick_off,driven,central,Deep Zonal,7,6,9,1,0,1,1,1,1,0,0,0,0,0.1354,1
throw_in,outswinger,six_yard,Hybrid,11,4,9,0,0,0,0,1,0,0,0,0,1,0.1134,1
play_restart,straight,wide_channel,High Zonal,4,7,8,0,0,0,0,0,1,1,0,0,1,0.1323,1
corner,short,near_post,High Zonal,7,7,4,4,0,0,1,0,0,0,0,1,0,0.1055,1
play_restart,straight,edge_box,Man-to-Man,4,3,2,3,0,0,0,0,0,0,0,0,0,0.0874,1
corner,long,penalty_spot,Hybrid,4,6,4,0,0,0,1,1,1,0,0,0,0,0.181,1
penalty,inswinger,edge_box,High Zonal,6,4,2,2,1,1,1,1,1,0,0,0,0,0.7034,1
corner,short,near_post,Hybrid,8,3,3,1,1,0,1,1,0,0,1,0,0,0.1241,1
penalty,inswinger,near_post,Hybrid,4,3,9,2,0,0,0,0,0,0,1,1,0,0.8039,1
free_kick_wide,short,central,Deep Zonal,7,1,3,3,0,1,0,0,0,0,0,1,1,0.1128,0
corner,driven,near_post,Deep Zonal,10,4,3,2,1,1,0,1,1,0,0,1,1,0.1411,1
throw_in,inswinger,central,Hybrid,4,5,3,2,0,0,0,0,0,0,0,1,1,0.1198,1
throw_in,straight,six_yard,Man-to-Man,3,7,2,3,0,0,0,0,1,0,0,0,0,0.1211,1
corner,straight,central,Man-to-Man,9,3,9,3,1,0,1,0,1,0,0,0,0,0.1796,0
throw_in,long,far_post,Deep Zonal,6,1,10,0,1,0,0,0,1,0,0,0,0,0.0756,1
corner,inswinger,central,Hybrid,4,4,3,3,1,0,0,0,0,0,0,0,0,0.1354,1
corner,straight,far_post,Deep Zonal,10,3,9,2,1,1,1,1,1,0,0,0,0,0.1614,1
corner,driven,edge_box,Deep Zonal,6,7,3,2,1,0,0,0,1,0,0,1,1,0.1583,1
throw_in,short,six_yard,Hybrid,4,5,5,1,0,0,1,1,1,0,1,0,0,0.1697,1
goal_kick,long,far_post,Man-to-Man,5,7,10,2,0,0,1,1,0,0,1,0,0,0.1417,1
throw_in,straight,far_post,Hybrid,8,3,7,4,0,0,1,0,0,0,0,0,0,0.0775,1
goal_kick,lofted,central,Hybrid,5,4,9,2,0,0,0,1,1,0,1,0,0,0.1471,1
throw_in,inswinger,wide_channel,Man-to-Man,11,1,5,0,1,1,0,1,1,0,1,0,0,0.0778,1
goal_kick,inswinger,central,High Zonal,8,1,7,1,0,0,0,1,0,0,1,0,0,0.0961,1
play_restart,short,central,Hybrid,3,3,3,4,0,1,1,1,1,0,0,1,0,0.1771,1
free_kick_wide,straight,far_post,Man-to-Man,6,3,8,4,0,0,0,1,1,0,0,0,0,0.1357,1
corner,short,near_post,High Zonal,6,5,10,0,1,1,0,0,0,1,0,0,0,0.158,1
corner,outswinger,central,High Zonal,4,2,2,4,0,0,0,1,0,0,0,1,0,0.1241,1
throw_in,outswinger,wide_channel,Hybrid,3,7,6,0,0,0,0,1,1,0,1,0,1,0.1409,1
penalty,long,near_post,High Zonal,4,6,3,1,0,0,1,0,1,0,0,1,0,0.7857,1
corner,outswinger,central,Deep Zonal,9,7,7,4,0,0,0,0,1,1,0,0,0,0.1188,1
kick_off,long,central,Hybrid,5,3,5,3,0,0,0,1,0,1,0,0,1,0.0989,1
play_restart,short,central,Hybrid,6,4,5,3,0,0,0,1,1,0,0,0,0,0.1065,1
corner,inswinger,wide_channel,Hybrid,4,4,4,1,1,0,1,0,1,0,1,0,1,0.1062,1
corner,long,edge_box,Man-to-Man,11,6,6,1,0,0,0,1,1,0,0,0,1,0.1049,1
corner,driven,wide_channel,Deep Zonal,11,6,3,0,0,0,0,1,0,0,1,0,1,0.0495,0
free_kick_wide,driven,six_yard,Deep Zonal,9,4,3,2,0,0,1,1,1,0,0,1,0,0.1102,0
goal_kick,inswinger,penalty_spot,Hybrid,5,7,1,2,1,0,0,0,0,0,0,1,0,0.1329,1
throw_in,short,penalty_spot,Man-to-Man,8,4,5,0,0,0,1,0,1,0,1,1,0,0.139,1
corner,lofted,far_post,Deep Zonal,6,2,7,1,0,0,0,1,1,0,1,0,0,0.1215,1
free_kick_central,short,edge_box,Hybrid,11,2,7,0,0,1,0,0,1,0,1,0,0,0.1043,1
corner,outswinger,edge_box,Deep Zonal,8,3,3,0,1,0,0,1,0,0,1,0,0,0.0653,1
free_kick_wide,inswinger,penalty_spot,High Zonal,4,3,9,0,0,0,0,1,0,0,0,1,0,0.1753,1
free_kick_wide,long,far_post,Man-to-Man,3,2,5,1,0,0,0,1,1,0,1,0,1,0.1694,1
throw_in,driven,edge_box,Deep Zonal,10,4,9,1,0,0,1,0,0,0,1,1,0,0.0519,0
penalty,lofted,near_post,Man-to-Man,9,2,9,0,1,0,0,1,0,0,1,1,0,0.7836,1
kick_off,lofted,penalty_spot,Man-to-Man,9,7,1,0,0,0,0,1,0,0,0,0,1,0.0926,0
corner,outswinger,far_post,Man-to-Man,5,3,1,4,0,0,1,1,1,0,1,0,0,0.139,1
goal_kick,short,penalty_spot,Deep Zonal,9,5,6,2,0,1,0,0,0,1,0,1,0,0.0935,1
corner,inswinger,far_post,Deep Zonal,5,6,9,2,1,1,0,1,1,1,0,0,0,0.151,1
free_kick_wide,inswinger,edge_box,Deep Zonal,8,7,4,4,1,1,1,1,0,0,0,0,0,0.1303,1
kick_off,inswinger,edge_box,Hybrid,5,5,7,4,1,0,0,1,1,0,0,0,0,0.1148,1
throw_in,lofted,central,Man-to-Man,4,2,7,1,0,0,1,1,0,1,1,0,0,0.1624,1
corner,inswinger,central,Deep Zonal,10,4,8,3,0,0,1,1,0,0,0,0,0,0.1494,0
free_kick_central,straight,near_post,Hybrid,10,1,9,1,1,0,1,0,1,0,0,0,1,0.1347,1
throw_in,straight,near_post,Hybrid,10,2,6,1,0,0,0,0,1,1,1,1,0,0.0673,1
play_restart,outswinger,central,Man-to-Man,8,7,8,0,0,1,0,1,0,0,1,1,0,0.1574,1
throw_in,short,edge_box,Hybrid,8,1,7,1,0,1,0,1,0,0,0,0,0,0.0592,0
corner,inswinger,edge_box,Hybrid,9,3,4,4,1,0,0,1,0,0,0,1,0,0.0639,1
free_kick_central,straight,central,Man-to-Man,8,1,6,0,1,0,0,1,0,1,0,1,1,0.1808,0
corner,straight,six_yard,High Zonal,10,4,8,0,0,0,0,1,0,0,1,0,0,0.1105,0
corner,driven,central,Deep Zonal,9,6,9,1,1,0,0,1,0,0,1,1,0,0.1645,1
throw_in,long,edge_box,High Zonal,7,1,2,1,1,0,1,1,1,0,1,1,0,0.118,1
goal_kick,driven,far_post,Man-to-Man,8,1,4,1,0,1,1,1,1,0,0,0,0,0.1169,1
corner,straight,edge_box,High Zonal,11,7,2,4,0,0,0,0,0,1,0,1,0,0.0687,0
goal_kick,inswinger,central,Deep Zonal,7,2,2,4,1,0,0,1,1,1,0,0,0,0.1028,1
throw_in,straight,near_post,Deep Zonal,3,1,3,2,0,0,0,1,0,1,1,0,0,0.1051,1
goal_kick,lofted,central,Deep Zonal,10,1,10,4,0,0,1,1,1,1,1,0,1,0.0822,1
corner,outswinger,edge_box,Man-to-Man,3,7,4,1,0,0,0,0,0,1,0,0,0,0.129,1
free_kick_wide,inswinger,wide_channel,Man-to-Man,5,7,10,1,0,1,0,0,0,0,0,0,1,0.1746,1
corner,lofted,penalty_spot,High Zonal,5,2,6,3,1,0,0,1,1,0,1,0,0,0.19,1
corner,lofted,edge_box,Hybrid,3,2,1,4,0,0,1,1,0,0,1,0,0,0.0499,1
free_kick_wide,inswinger,near_post,Deep Zonal,4,2,4,0,1,0,1,1,0,0,1,0,0,0.1128,1
free_kick_wide,long,edge_box,High Zonal,4,4,8,2,0,1,0,0,0,0,0,0,0,0.117,1
corner,straight,six_yard,Man-to-Man,7,6,7,1,0,0,0,1,1,1,1,0,0,0.1676,1
corner,straight,far_post,Deep Zonal,10,6,4,1,0,0,1,1,1,0,1,1,0,0.0918,1
kick_off,straight,far_post,Man-to-Man,5,3,2,2,0,0,1,1,1,1,0,0,1,0.1015,1
goal_kick,lofted,near_post,Hybrid,6,5,8,2,0,1,0,1,0,0,1,0,0,0.1075,1
free_kick_wide,inswinger,near_post,Man-to-Man,9,2,6,4,0,0,0,1,0,0,0,0,0,0.1082,1
play_restart,driven,near_post,Hybrid,9,7,8,2,0,0,0,1,0,0,1,0,1,0.1049,1
corner,inswinger,edge_box,Man-to-Man,11,5,3,4,0,0,0,1,0,0,0,0,1,0.1014,1
free_kick_wide,short,edge_box,Deep Zonal,7,7,2,3,0,0,1,1,0,0,0,0,0,0.1034,1
goal_kick,long,near_post,Hybrid,9,2,4,3,1,0,0,1,0,0,0,0,0,0.0922,0
free_kick_central,long,wide_channel,Man-to-Man,10,7,3,2,0,0,0,0,1,0,1,0,0,0.1019,1
corner,lofted,six_yard,Man-to-Man,6,3,6,1,0,0,0,0,1,1,0,1,0,0.1809,0
free_kick_wide,long,penalty_spot,Deep Zonal,10,5,6,2,1,0,0,1,0,1,1,1,0,0.1495,1
free_kick_central,long,wide_channel,Hybrid,11,1,2,2,0,0,0,0,1,0,1,1,1,0.0497,1
throw_in,outswinger,six_yard,Hybrid,4,2,5,0,0,0,0,0,1,0,0,1,0,0.102,0
free_kick_wide,lofted,central,Hybrid,9,4,4,4,0,1,0,0,0,0,1,0,0,0.1401,1
free_kick_wide,straight,wide_channel,Deep Zonal,8,4,6,4,0,0,0,0,0,1,0,0,0,0.0824,1
corner,straight,far_post,Hybrid,10,1,8,3,1,1,1,1,1,0,1,0,0,0.1598,0
free_kick_central,short,near_post,Man-to-Man,7,1,5,3,0,1,1,0,1,1,0,1,0,0.1698,1
corner,straight,central,High Zonal,4,6,3,0,0,0,0,1,0,1,0,1,0,0.1286,1
kick_off,short,edge_box,Hybrid,6,2,10,2,0,0,0,1,0,0,1,0,0,0.0935,1
goal_kick,outswinger,wide_channel,Man-to-Man,9,6,8,4,0,0,0,1,0,0,0,1,0,0.0785,1
free_kick_wide,outswinger,far_post,Man-to-Man,11,2,10,0,0,1,0,0,1,1,1,0,0,0.1288,1
goal_kick,lofted,penalty_spot,Deep Zonal,3,2,3,4,0,1,0,0,1,0,0,1,0,0.0961,1
corner,lofted,central,Hybrid,4,1,7,1,0,0,0,0,0,1,0,0,1,0.1183,1
free_kick_wide,straight,six_yard,High Zonal,5,4,8,1,1,0,1,1,1,0,1,1,0,0.2111,1
free_kick_central,lofted,near_post,Deep Zonal,8,4,9,4,1,0,1,0,1,1,0,1,0,0.1729,1
free_kick_central,straight,penalty_spot,Man-to-Man,3,5,2,3,1,0,0,1,1,0,1,0,0,0.1683,1
goal_kick,straight,penalty_spot,High Zonal,11,6,3,4,0,1,1,1,1,1,0,0,0,0.1282,1
play_restart,lofted,near_post,High Zonal,9,5,10,4,1,1,1,0,1,0,0,0,0,0.1309,1
free_kick_wide,short,wide_channel,Man-to-Man,11,2,6,0,0,0,1,1,1,0,1,0,1,0.0735,1
free_kick_wide,long,wide_channel,Man-to-Man,3,3,2,1,0,0,1,0,0,0,0,0,0,0.0928,1
throw_in,straight,far_post,Hybrid,5,1,2,1,1,1,0,1,0,0,0,1,1,0.0694,0
corner,straight,edge_box,Hybrid,7,5,10,4,0,0,0,0,0,1,0,0,0,0.1073,1
corner,inswinger,six_yard,High Zonal,9,3,9,2,0,0,0,1,1,1,0,0,0,0.2107,1
play_restart,lofted,near_post,Deep Zonal,8,2,3,0,0,1,0,1,0,1,0,0,1,0.0699,1
goal_kick,outswinger,near_post,Hybrid,6,7,6,3,0,0,0,1,1,1,0,0,0,0.1423,1
play_restart,straight,edge_box,Hybrid,5,4,8,1,1,0,0,1,1,0,0,0,0,0.0986,0
corner,inswinger,penalty_spot,High Zonal,5,1,5,2,0,1,1,0,0,1,0,0,0,0.1447,0
corner,short,edge_box,Hybrid,6,1,4,4,0,1,0,0,0,0,0,0,0,0.02,1
free_kick_wide,straight,penalty_spot,High Zonal,9,3,8,1,1,0,0,0,0,0,1,1,1,0.1763,1
play_restart,long,edge_box,Hybrid,10,7,1,4,0,0,1,1,0,0,0,0,0,0.0615,1
corner,short,near_post,Deep Zonal,7,1,3,3,0,0,0,0,1,0,0,0,0,0.005,1
corner,inswinger,central,High Zonal,11,3,1,0,0,0,0,1,0,0,0,0,1,0.1034,0
corner,inswinger,central,High Zonal,5,3,9,1,0,0,0,1,0,1,0,0,0,0.1328,0
goal_kick,outswinger,far_post,Hybrid,10,5,2,4,1,1,0,0,1,0,1,0,0,0.1275,1
goal_kick,long,edge_box,Hybrid,3,5,9,4,1,0,0,1,0,0,1,0,0,0.1044,1
throw_in,driven,six_yard,High Zonal,9,4,5,3,0,0,0,0,0,1,0,0,0,0.0984,1
corner,outswinger,far_post,Hybrid,11,6,2,3,0,0,0,0,1,0,1,0,0,0.0681,1
throw_in,short,penalty_spot,Hybrid,5,1,6,4,0,0,0,1,0,0,1,1,0,0.109,1
free_kick_central,outswinger,central,Man-to-Man,9,3,4,0,1,1,0,0,1,0,1,1,0,0.1799,0
corner,driven,far_post,High Zonal,3,1,5,2,0,1,1,1,0,0,0,1,0,0.1255,1
corner,lofted,wide_channel,Deep Zonal,10,3,10,1,1,0,0,0,0,0,0,0,0,0.0807,0
free_kick_central,long,central,High Zonal,7,2,7,4,0,1,1,0,0,1,0,0,0,0.1629,1
free_kick_wide,inswinger,edge_box,Deep Zonal,6,7,1,3,1,0,1,0,0,0,0,0,0,0.1245,1
play_restart,straight,near_post,Deep Zonal,11,5,1,3,0,0,0,0,0,0,0,1,0,0.0582,1
free_kick_central,lofted,central,Man-to-Man,11,2,8,0,0,1,1,0,0,0,0,0,0,0.1601,0
free_kick_wide,outswinger,edge_box,Man-to-Man,5,5,7,3,0,0,0,1,1,0,0,0,1,0.1099,1
throw_in,long,edge_box,High Zonal,11,6,5,4,0,1,0,0,0,0,1,1,0,0.0662,1
throw_in,lofted,penalty_spot,Hybrid,4,2,8,2,0,0,0,1,1,1,0,1,0,0.1521,1
corner,driven,six_yard,Man-to-Man,10,4,3,4,1,0,1,1,0,0,0,1,0,0.1244,1
throw_in,short,six_yard,Man-to-Man,10,4,3,1,0,0,1,1,1,1,0,0,1,0.0825,1
corner,short,penalty_spot,Hybrid,7,7,5,3,0,0,1,1,0,0,1,0,0,0.1012,1
free_kick_wide,lofted,central,Man-to-Man,8,3,8,1,0,0,0,1,0,0,0,0,0,0.1615,1
throw_in,straight,central,Hybrid,6,5,10,2,0,0,0,1,0,1,1,0,0,0.1515,1
penalty,lofted,penalty_spot,Deep Zonal,6,4,3,0,0,0,0,1,0,1,0,1,0,0.7525,1
free_kick_wide,straight,edge_box,Man-to-Man,7,3,7,0,1,0,1,0,0,1,1,0,0,0.1499,0
corner,long,far_post,Hybrid,10,3,5,4,0,0,0,0,0,1,1,0,0,0.0752,1
free_kick_central,lofted,far_post,Hybrid,7,7,9,3,0,0,0,0,1,1,1,0,0,0.1721,1
free_kick_wide,short,near_post,Deep Zonal,8,7,9,2,0,0,1,0,0,0,1,0,1,0.0399,1
kick_off,outswinger,near_post,Man-to-Man,9,2,2,2,0,0,1,1,1,0,0,0,0,0.0611,0
free_kick_central,inswinger,far_post,Hybrid,11,4,7,2,1,0,0,1,0,0,1,1,1,0.1729,0
kick_off,driven,six_yard,Man-to-Man,10,1,1,3,0,0,0,1,0,0,0,0,1,0.0309,0
free_kick_wide,short,edge_box,Hybrid,6,3,6,1,1,1,0,1,1,0,1,1,0,0.1661,1
goal_kick,outswinger,wide_channel,Hybrid,10,7,3,1,0,0,0,1,1,0,1,1,0,0.071,1
corner,driven,edge_box,Deep Zonal,6,5,4,3,0,0,0,1,1,0,0,0,1,0.0993,1
corner,lofted,central,Deep Zonal,3,4,4,2,0,0,0,1,0,1,0,0,0,0.1116,1
corner,driven,edge_box,Deep Zonal,3,6,6,2,0,0,0,1,1,0,0,0,0,0.1378,1
corner,short,six_yard,Deep Zonal,4,4,9,2,1,0,0,1,0,1,0,1,1,0.1755,1
kick_off,lofted,penalty_spot,Man-to-Man,6,4,6,4,0,0,0,0,1,1,1,0,0,0.1238,1
throw_in,driven,far_post,Deep Zonal,6,1,9,2,1,0,1,0,0,0,0,0,0,0.1042,1
throw_in,inswinger,penalty_spot,Hybrid,4,1,10,0,0,0,0,0,0,0,0,0,1,0.1129,0
free_kick_central,lofted,near_post,Man-to-Man,4,4,3,4,0,0,1,1,1,0,1,1,0,0.1633,0
penalty,short,central,Man-to-Man,3,1,9,1,0,0,1,1,1,0,0,0,0,0.7883,1
throw_in,lofted,near_post,Hybrid,11,1,3,0,0,0,1,0,0,0,0,1,0,0.0342,1
goal_kick,long,far_post,Hybrid,5,3,2,1,0,1,0,1,0,0,0,0,0,0.0751,1
throw_in,short,six_yard,High Zonal,8,4,3,0,1,0,0,1,0,1,0,1,0,0.112,0
goal_kick,outswinger,central,Hybrid,7,6,5,0,0,0,0,1,1,0,0,0,0,0.1251,1
corner,inswinger,near_post,Hybrid,6,7,2,3,0,0,0,1,0,0,0,0,0,0.1204,1
play_restart,outswinger,edge_box,Deep Zonal,5,5,6,3,1,0,0,1,1,0,0,0,0,0.1213,1
corner,long,six_yard,High Zonal,3,7,6,1,1,0,0,1,0,0,1,0,0,0.143,1
free_kick_wide,driven,penalty_spot,Man-to-Man,3,3,8,3,0,0,0,1,1,1,0,0,0,0.2202,0
kick_off,inswinger,central,Hybrid,9,5,10,0,1,0,1,1,1,1,0,0,0,0.1507,1
corner,outswinger,far_post,Man-to-Man,7,1,2,2,0,1,0,0,0,0,0,0,0,0.0759,0
corner,long,edge_box,Man-to-Man,11,1,10,2,0,1,0,0,1,1,1,1,0,0.1016,1
free_kick_wide,outswinger,six_yard,High Zonal,4,5,9,3,1,1,0,1,1,1,0,1,0,0.2145,1
free_kick_wide,inswinger,central,Hybrid,11,3,1,1,1,0,1,0,0,0,0,1,0,0.1028,0
play_restart,inswinger,wide_channel,Hybrid,3,4,7,4,1,0,1,1,1,0,0,0,0,0.1336,1
goal_kick,short,edge_box,High Zonal,9,7,3,1,1,0,1,1,1,0,0,1,1,0.1278,1
free_kick_central,short,edge_box,Deep Zonal,11,6,1,3,0,1,0,1,0,0,0,0,0,0.0935,1
play_restart,driven,near_post,Hybrid,4,3,7,0,0,0,1,1,0,1,0,0,0,0.1063,1
throw_in,outswinger,wide_channel,Man-to-Man,7,5,1,3,0,0,1,1,1,0,1,0,0,0.052,1
